"initial_alias","converted_alias","name","description","namespace"
"FBPP0088238","FBgn0011747","Ank","Ankyrin","ENSP,FLYBASENAME_TRANSLATION_ACC,FLYBASE_TRANSLATION_ID"
"FBPP0112713","FBgn0039955","CG41099","nan","ENSP,FLYBASENAME_TRANSLATION_ACC,FLYBASE_TRANSLATION_ID"
"FBPP0074558","FBgn0010380","AP-1-2beta","Adaptor Protein complex 1/2, beta subunit","ENSP,FLYBASENAME_TRANSLATION_ACC,FLYBASE_TRANSLATION_ID"
"FBPP0305866","FBgn0003392","shi","shibire","ENSP,FLYBASENAME_TRANSLATION_ACC,FLYBASE_TRANSLATION_ID"
"FBPP0088843","FBgn0026379","Pten","Phosphatase and tensin homolog","ENSP,FLYBASENAME_TRANSLATION_ACC,FLYBASE_TRANSLATION_ID"
"FBPP0111700","FBgn0038816","Lrrk","Leucine-rich repeat kinase","ENSP,FLYBASENAME_TRANSLATION_ACC,FLYBASE_TRANSLATION_ID"
"FBPP0112426","FBgn0003256","rl","rolled","ENSP,FLYBASENAME_TRANSLATION_ACC,FLYBASE_TRANSLATION_ID"
"FBPP0078604","FBgn0037218","aux","auxilin","ENSP,FLYBASENAME_TRANSLATION_ACC,FLYBASE_TRANSLATION_ID"
"FBPP0084561","FBgn0039532","Mtl","Mig-2-like","ENSP,FLYBASENAME_TRANSLATION_ACC,FLYBASE_TRANSLATION_ID"