"external_gene_name","uniprot_gn_id","avg_rank","rank_variance","Prediction_Score_glmnet","Prediction_Score_rf","Prediction_Score_svmRadial","Prediction_Score_nnet","counts"
"EGFR","P00533",6.35431235431235,279.394074502003,0.976339785401623,0.98864,0.944614987230596,0.817032314110067,174917
"CTNNB1","P35222",6.3999333999334,181.425942700426,0.798394596212583,0.83258,0.403756062393274,0.771356477880509,112036
"XDH","P47989",8.20879120879121,83.8314749873711,0.633340997165008,0.59864,0.77179356499586,0.607108297576724,4852
"CALM3","P0DP25",9.70962370962371,189.194800757759,0.150361370985723,0.2177,0.248361470781422,0.134897195334324,3619
"ESR1","P03372",10.6876456876457,68.4833483194576,0.961743481986077,0.97478,0.951317478496621,0.827695448276543,113914
"EZR","P15311",11.5531135531136,65.3252093232107,0.703083851620558,0.6152,0.454547531805523,0.805976138357581,7258
"CA2","P00918",12.6886446886447,87.9133520266099,0.604750123724218,0.71116,0.692541765744375,0.557757809375173,15639
"MUC16","Q8WXI7",14.4781884781885,108.572059075723,NA,NA,NA,NA,27698
"GRB2","P62993",16.4605394605395,669.472376391097,0.896239030319554,0.78202,0.678670550714212,0.817996367439612,9657
"CD44","P16070",18.018315018315,89.9706837688183,0.961964233347733,0.78618,0.645623643703276,0.819588000827607,54608
"MUC5B","Q9HC84",18.2947052947053,113.826177819516,0.704780078540171,0.48,0.245279020949587,0.741222123144509,3869
"DNAH5","Q8TE73",20.7788877788878,1208.24089989513,0.47649781863157,0.3269,0.334767676691633,0.797059647799781,1097
"BTNL8","Q6UX41",31.0862470862471,368.878968022872,0.19595375883733,0.168,0.133361879418651,0.316121213958653,159
"RAB27B","O00194",31.3643023643024,720.219005067773,0.23527914423542,0.13514,0.179427838410715,0.220990587791465,1271
"CFTR","P13569",32.1674991674992,450.866338413973,0.930612808550421,0.88096,0.968400020207157,0.807159222927218,24911
"RDX","P35241",32.2271062271062,239.010364274855,0.210183334679942,0.40848,0.217504794875581,0.350888928576194,3110
"SLC26A3","P40879",32.2790542790543,108.884128085994,0.410645239459803,0.40404,0.341010876922025,0.208119011039426,2023
"NHERF1","O14745",33.9300699300699,248.531417283582,0.346048318017345,0.37962,0.128137122431601,0.167615473023971,1752
"BTRC","Q9Y297",33.977355977356,125.602418456516,0.579805677805331,0.73388,0.702699011263581,0.797131260944992,4551
"HOXB7","P09629",35.8741258741259,1019.14271138588,0.131949848089306,0.11122,0.0811173757665389,0.236566083616618,1110
"USH1C","Q9Y6N9",36.021978021978,455.3432876251,0.157650351357231,0.183,0.0548198545020917,0.182435886064101,778
"CALM1","P0DP23",36.5044955044955,561.641801902295,0.938496791912887,0.57706,0.467236621041887,0.592545946433481,19514
"HOXB5","P09067",39.4565434565435,320.237534617281,0.178844579440366,0.1038,0.172791600885148,0.207270924421001,908
"LYN","P07948",39.5454545454545,232.03615771304,0.882451340852619,0.85696,0.888007172762872,0.822018441433929,6711
"MSLN","Q13421",39.998667998668,316.483675773483,0.103136393940975,0.09634,0.0368755795901874,0.261847901626996,5310
"MYO5A","Q9Y4I1",41.3959373959374,284.187951511069,0.371950048717589,0.5218,0.308746662643594,0.642427780254732,2156
"RAB27A","P51159",41.8551448551449,489.551628251828,0.327630991931871,0.25622,0.200401846788695,0.235643281413838,3467
"CREBBP","Q92793",44.014319014319,689.691000760288,0.400386523004318,0.64186,0.245998953304481,0.592599554367107,19563
"ERBB2","P04626",45.042957042957,831.238993518141,0.957200997015832,0.98402,0.981215541920789,0.819579040640663,134189
"CD9","P21926",47.8974358974359,252.251968772955,0.849019361741857,0.80156,0.82092450965133,0.708699869299431,12989
"ALB","P02768",47.9287379287379,190.928963996252,0.729371681471109,0.52114,0.566727030149738,0.35835749791431,261083
"DNAH8","Q96JB1",51.6859806859807,4093.64652890969,0.706057937166293,0.40574,0.349589238135194,0.635194098688051,29296
"DNAH17","Q9UFH2",52.8737928737929,4097.96108177854,0.482875685378869,0.26662,0.269709250191396,0.663458547547788,259
"TLR4","O00206",53.038961038961,835.168701385224,0.958785902586313,0.95074,0.919350173806628,0.822154898964935,75080
"CAV1","Q03135",53.8707958707959,5238.196491938,0.932944950689263,0.88478,0.882377688978738,0.814092344494971,17497
"DNAH3","Q8TD57",55.4678654678655,4646.43625883333,0.460312920488886,0.31406,0.368804839697917,0.636494020199608,186
"MUC5AC","P98088",56.2850482850483,238.141238730179,0.706456592120351,0.47784,0.248084343327022,0.65614532044734,9162
"DNAH2","Q9P225",56.5504495504495,4258.80250063062,0.36811634248124,0.23052,0.278787617923062,0.655669168996244,205
"DNAI2","Q9GZS0",58.6733266733267,5392.72436158112,0.366451676709865,0.1085,0.290880341960486,0.284840158244037,320
"EP300","Q09472",60.4931734931735,1774.40260161779,0.436625915560769,0.69764,0.245804043593814,0.598607498664652,23167
"MFGE8","Q08431",62.8874458874459,1393.31044527314,0.725253985498326,0.5384,0.824255950136722,0.794968689585155,3053
"JUN","P05412",63.8561438561439,650.494954745454,0.844530956715297,0.757,0.476074046798557,0.583789709258655,37278
"LGALS3","P17931",65.0579420579421,757.201838135216,0.775727661320444,0.71158,0.757400636248418,0.417787691220367,13915
"MYO7A","Q13402",65.2600732600733,2303.8693813404,0.361914300478126,0.37606,0.33937387726981,0.738335494048623,1877
"PDZK1IP1","Q13113",66.5474525474526,181.573613594933,0.0508191273695217,0.11718,0.0265818128919931,0.148092875635306,722
"ODAD1","Q96M63",66.6043956043956,5613.7155303058,0.073718131368832,0.08616,0.00595686363065736,0.141479363168996,170
"SIAE","Q9HAT2",66.6660006660007,2052.40639529247,0.101408841980498,0.09718,0.0470103209446548,0.26374616143399,335
"DNHD1","Q96M86",66.6816516816517,5478.19908694459,0.232374992118261,0.18692,0.263818122486225,0.660449782962668,107
"DNAH1","Q9P2D7",68.1601731601732,5498.45235066954,0.485783864727642,0.2849,0.314746239343612,0.804643670373133,385
"JAK2","O60674",68.1665001665002,835.726432350683,0.953708821129394,0.92996,0.941069832724954,0.831915629546455,36274
"DNAH12","Q6ZR08",69.1368631368631,5505.16347410085,0.408441114707646,0.26214,0.498433000333353,0.547176014299846,176
"CD151","P48509",69.9194139194139,554.509826172051,0.287018625378111,0.26148,0.218784875849993,0.334902009846423,2146
"CDH23","Q9H251",70.2807192807193,436.110044519105,0.529100746944493,0.38198,0.281768731247081,0.476551048005728,1371
"LTF","P02788",70.9204129204129,1947.7335038934,0.250720256836491,0.27688,0.185610223820773,0.577550665935382,6859
"DNAI3","Q8IWG1",71.962703962704,6012.11386503792,0.023521812876397,0.1098,0.105224808794998,0.244834043011986,106
"DNAH7","Q8WXX0",72.03663003663,5634.00598624116,0.387840802712778,0.25242,0.34804747631716,0.639099981350038,230
"MUC1","P15941",73.1232101232101,8442.22065698015,0.229227615051666,0.37984,0.237000506735961,0.249950479273036,34621
"DMBT1","Q9UGM3",73.9353979353979,4608.03180119902,0.713933425072117,0.42248,0.341084175825174,0.814069876065205,1475
"RAB8A","P61006",75.5744255744256,370.301171180585,0.520999752989678,0.56612,0.459726990985813,0.249717208495412,1995
"CLEC10A","Q8IUN9",75.7119547119547,578.970633186489,0.117885827688368,0.11152,0.0603088813385625,0.295972223691687,1713
"STX3","Q13277",77.7992007992008,415.163863451672,0.178546967655136,0.31826,0.104015234115519,0.178840775540742,743
"LRRC8E","Q6NSJ5",77.8168498168498,1241.06837688183,0.157509307321743,0.2021,0.0498812996399143,0.286263904776484,140
"TRIM3","O75382",77.8188478188478,1194.83059733959,0.152903184796649,0.1242,0.0519843473443319,0.173561896346817,539
"DNAI1","Q9UI46",78.8761238761239,7184.44034579677,0.225436792919199,0.34046,0.161146884657358,0.420171485318829,605
"DNAI7","Q6TDU7",80.8894438894439,6284.93913903108,0.0388529820088021,0.02368,0.0230355139372935,0.2049249740012,163
"WHRN","Q9P202",82.2577422577423,348.488510157398,0.0614843119702615,0.07568,0.0108156426843235,0.152972187398838,501
"TSPAN15","O95858",82.5854145854146,815.968301518601,0.0758120997635428,0.13844,0.0236283464371639,0.274039862851514,226
"CXCR4","P61073",83.0895770895771,659.415357682513,0.969342038729417,0.94208,0.953922846887033,0.828152458351847,44985
"DNAI4","Q5VTH9",83.965034965035,7072.47346058339,0.100931863118832,0.04748,0.0226325027417436,0.356755361506852,99
"NHERF4","Q86UT5",87.1658341658342,501.926520514795,0.16530761269698,0.16532,0.0510339847428769,0.216254945557093,119
"KLK1","P06870",87.7475857475857,761.036199199424,0.696216553706326,0.49446,0.718332183057531,0.602199218002774,1456
"PRKDC","P78527",87.9194139194139,1288.07744775766,0.601525724903977,0.67554,0.498296292429748,0.802049743224716,12488
"SLC9A1","P19634",88.3003663003663,751.53866408963,0.683062278678211,0.81528,0.786704171571535,0.379921350888284,3648
"PLIN2","Q99541",89.0572760572761,1597.25454647507,0.111215396246902,0.29196,0.0308633941623961,0.204585785695206,3616
"B3GNT3","Q9Y2A9",89.1465201465201,2938.34627952549,0.135007594414409,0.12762,0.0433540855759587,0.174783602038469,297
"ERBB3","P21860",89.7042957042957,714.896540501471,0.933401571436038,0.96586,0.981310605753666,0.819380796229038,13959
"HOXB6","P17509",90.015318015318,3044.19896581322,0.0712118736888934,0.06744,0.0323678895654431,0.236145665009017,635
"SFTPD","P35247",90.2137862137862,484.306711942288,0.558045722312694,0.39602,0.471584795295203,0.185899443708921,4864
"CALM2","P0DP24",91.2257742257742,4216.75180715354,0.27499699095943,0.21814,0.12755953250068,0.134658859727763,2171
"HOXB4","P17483",92.8088578088578,2160.75092750909,0.170776880469932,0.1506,0.192801141951075,0.207332947643198,1172
"XRCC6","P12956",93.8151848151848,2168.80760412139,0.24822435034342,0.36466,0.164685278536722,0.206783374124389,6510
"GRIN1","Q05586",94.0969030969031,1061.20746209154,0.864223023462686,0.94644,0.924826256253703,0.78381169720797,6161
"CYP2J2","P51589",94.4498834498834,4800.70260075257,0.535960248303321,0.56786,0.616363993027719,0.439676812572841,1330
"TFF1","P04155",95.1621711621712,7782.65756916856,0.749110276991722,0.57272,0.625205807297865,0.261056444424921,3578
"CYP2A6","P11509",95.5154845154845,1430.53165555297,0.713571198333745,0.61442,0.75464985808813,0.23116290356387,3960
"VEZT","Q9HBM0",95.6713286713287,414.888941172086,0.0668047276158154,0.1017,0.0441324006054489,0.276892702345654,204
"DNAL1","Q4LDG9",96.5724275724276,7837.00566189307,0.0691375643511943,0.11698,0.0548519216387429,0.176941886769445,163
"A2M","P01023",96.7752247752248,404.470112166315,0.806182407445535,0.9069,0.90805555119868,0.774383061315008,10069
"SERPINA4","P29622",97.0909090909091,997.936769426443,0.332838023262488,0.25478,0.298110185198482,0.182951292473895,731
"CRK","P46108",97.9260739260739,1386.75935656615,0.784531132588524,0.8092,0.848426559049791,0.595572974817962,2959
"CFAP70","Q5T0N1",99.4045954045954,8367.48281698315,0.0300621009704657,0.02838,0.00353874515130559,0.171347425962588,100
"DYNLL2","Q96FJ2",99.5208125208125,1815.51547275731,0.134301409022055,0.15102,0.0896917915022092,0.194131935747859,298
"NUMB","P49757",100.262737262737,784.602831545536,0.304923557687625,0.29102,0.172525973968166,0.201638242090567,2394
"CYP2C9","P11712",102.524142524143,5096.39740162125,0.820731093374872,0.74108,0.918017439142628,0.405230317922151,13858
"NOS1","P29475",104.004329004329,2299.18152688972,0.808676103169311,0.90074,0.883248950573115,0.824682723554008,11928
"MUC7","Q8TAX7",105.05994005994,356.55936402039,0.474029095247915,0.21934,0.247904957178775,0.160854785453721,879
"HOXA5","P20719",105.350649350649,2702.27373958487,0.177733127479605,0.22648,0.177009443866202,0.25048777084754,1887
"CYP1A2","P05177",107.629370629371,1384.0308092973,0.768194532772432,0.85462,0.887793477820659,0.377927205331765,13785
"NDUFB5","O43674",107.726273726274,1519.16488907495,0.0892389285670359,0.13706,0.051787149905407,0.183052124359399,334
"NME8","Q8N427",109.068931068931,11073.7957132807,0.481499474993112,0.54024,0.485452581342174,0.207811419660627,381
"PAFAH1B1","P43034",110.414585414585,3740.16283849395,0.612057327116546,0.40382,0.754811719531672,0.433942793438787,1941
"HOXC6","P09630",110.875790875791,2790.14012991228,0.0740067937310005,0.10392,0.0381706109366298,0.213452020744565,962
"XRCC5","P13010",112.07992007992,1014.24944010021,0.379457709729556,0.51364,0.340546839344103,0.199556125202339,5916
"DYNC1I2","Q13409",113.005661005661,5511.37338566386,0.329655557298226,0.20994,0.216797415199424,0.271866272842828,571
"SLC9A3","P48764",113.842823842824,1637.56622680007,0.617963771513638,0.7155,0.711995274583552,0.390813411039973,2786
"MUC4","Q99102",114.30636030636,1418.60764440978,0.869873035177774,0.5414,0.25691289121939,0.806965118004547,4099
"ASAP1","Q9ULH1",115.168165168165,788.849459223876,0.190127355504604,0.17352,0.0397376823387879,0.230310464648949,889
"NHERF2","Q15599",115.576090576091,3673.80191982124,0.189449990954791,0.2216,0.0700312116323098,0.170799912442251,593
"MYRIP","Q8NFW9",115.778554778555,1941.86600230771,0.16271579493727,0.151,0.329712600627872,0.418952220619605,269
"SELL","P14151",117.639360639361,3522.39454616004,0.683456689443461,0.74838,0.837044813311387,0.668828766016762,16438
"SYTL4","Q96C24",117.948384948385,303.952364979014,0.148262546066038,0.11852,0.0414907088204907,0.32482443806503,274
"PXN","P49023",119.257742257742,4667.20736425467,0.913453321531003,0.89384,0.961396516958497,0.806281758809543,8514
"CD63","P08962",119.925074925075,874.225230465737,0.485049299001496,0.34638,0.377172534823249,0.196537047853807,15701
"SIRPA","P78324",121.56043956044,1039.38300473677,0.216004817868847,0.20176,0.209392576076601,0.232687391054861,5253
"LRP6","O75581",123.124209124209,1881.82034310349,0.611750942460009,0.813,0.829677931661008,0.820392858406212,4701
"HOXA6","P31267",123.447219447219,2445.17267964103,0.0476699875826202,0.04432,0.0293938751259064,0.220554709178687,363
"ADAM10","O14672",123.735930735931,1371.98187644024,0.848024692655448,0.78842,0.932103363999244,0.800587700527333,6149
"RAB3A","P20336",124.217449217449,841.897736729182,0.424582935977275,0.2733,0.297460980792149,0.259355746692032,1125
"BTN3A3","O00478",124.698634698635,909.314545104019,0.0892961916710179,0.09582,0.0197674800574727,0.390764014918286,261
"GRXCR1","A8MXD5",126.239427239427,687.000949971636,0.0501008610339858,0.05232,0.0115198348011641,0.170224270631019,93
"BTN3A2","P78410",129.16317016317,707.79082165891,0.0546242304740882,0.0923,0.00945149446223362,0.277394277279458,356
"PTK2B","Q14289",132.512820512821,5246.2639095304,0.862856301817033,0.8933,0.916310535137047,0.828445773213841,34439
"GOLGB1","Q14789",133.147519147519,3744.00054930635,0.145400174624611,0.16288,0.17689380991471,0.2156009338545,1625
"NCK1","P16333",133.523476523477,2079.44273647738,0.802392413188307,0.69202,0.814704490982625,0.772249997645052,1810
"CHM","P24386",133.684648684649,1138.41717598413,0.435032503008985,0.30188,0.511513017402392,0.252659006835383,1244
"ADGRV1","Q8WXG9",133.897102897103,1153.33884237015,0.693997933582482,0.35346,0.248126329217286,0.628581082069641,953
"PNP","P00491",134.529470529471,2452.03202593542,0.391762538647141,0.6422,0.438779799851528,0.250792359335822,4067
"CYP2C8","P10632",135.064935064935,3609.79824705608,0.680672617924418,0.59132,0.595268374372745,0.319853381392865,4612
"DNAH9","Q9NYC9",135.131202131202,6753.00676427725,0.440149507415376,0.28332,0.288292743965945,0.570383588327518,453
"ARF6","P62330",137.134865134865,2759.92617575629,0.300200749383014,0.37022,0.2532979683528,0.261493221718442,4146
"RALA","P11233",137.733932733933,2854.78894478828,0.446830469354496,0.43812,0.354025682828257,0.238908859014644,2310
"MRC1","P22897",137.864135864136,674.030169031501,0.652275693612912,0.48548,0.557505416223318,0.816900719537901,13895
"TSPAN9","O75954",139.61038961039,1409.61231040778,0.0907459915863841,0.17556,0.0426563277309867,0.360350662792111,218
"MUC6","Q6W4X9",139.956043956044,657.694935976748,0.437983566976687,0.21942,0.244175762791107,0.540370946672266,2674
"BTN3A1","O00481",140.869130869131,1337.69406010379,0.127156114803239,0.10158,0.0404965563997714,0.413983395806284,564
"DDB1","Q16531",142.190476190476,251.940388947051,0.22690899082897,0.31318,0.211790688161075,0.306232009118046,3475
"LRRC8B","Q6P9F7",143.365634365634,4135.26400182096,0.187173791161714,0.22522,0.141341781042307,0.409862419947248,144
"NPTXR","O95502",147.461205461205,5205.20194218395,0.0846695539657684,0.181,0.0167095351767693,0.263595450134108,545
"ASAP3","Q8TDY4",148.628371628372,414.240926961114,0.090024114184133,0.07122,0.0171208069279568,0.198640344145793,196
"CDHR5","Q9HBB8",151.701298701299,1290.4307344887,0.455083658929795,0.1761,0.174353853683867,0.182093453772924,185
"USH1G","Q495M9",151.755577755578,389.102129937573,0.131427360354823,0.08994,0.020949478650205,0.202545639931994,451
"RABGGTA","Q92696",152.140193140193,592.49832734443,0.221143791875452,0.14996,0.128572517340877,0.44560748401621,137
"HOXC4","P09017",153.751248751249,4997.3888017379,0.0824790926496416,0.22766,0.0513201096250633,0.251911626496265,591
"RABGGTB","P53611",154.441225441225,557.926840869546,0.414399367791121,0.19494,0.538037587259533,0.287670311876676,178
"SLC5A1","P13866",154.468864468864,2156.53758788402,0.631304582763099,0.27986,0.583852511825255,0.401676981619023,4200
"STXBP2","Q15833",155.881118881119,1597.72836756847,0.077121036303933,0.31392,0.0122040760625308,0.241938980211266,865
"DNAH11","Q96DT5",156.515151515152,4369.4597137262,0.506088246459617,0.3547,0.307297582764001,0.798662329275934,710
"HOXD4","P09016",157.061272061272,4381.84434574974,0.111820140351902,0.08696,0.0630944040167628,0.211845907323848,405
"CHML","P26374",157.294705294705,544.808189811521,0.241729775384007,0.13736,0.169096702674979,0.219057181839344,392
"GPS1","Q13098",158.646686646687,1199.95141057033,0.0782546191444757,0.04938,0.00700650884287343,0.178889484187861,448
"TRIM2","Q9C040",159.181152181152,468.197019724668,0.244816742712071,0.3641,0.216880913357478,0.183795892751411,449
"HOXC5","Q00444",159.785214785215,3188.79828898616,0.0396192482894197,0.07178,0.0258311624567136,0.201956079054167,290
"NUMBL","Q9Y6R0",159.934731934732,948.552034463427,0.0972539715036307,0.2315,0.0451376003942046,0.265920414581188,490
"TMEM106B","Q9NUM4",160.127539127539,3527.89145653369,0.0965729803113791,0.13028,0.0494880197762938,0.189154245169913,739
"USP15","Q9Y4E8",160.156843156843,6843.09964252936,0.34315427981876,0.53054,0.374921290035254,0.733383847682742,1030
"NDUFA12","Q9UI09",160.383616383616,2529.58763288677,0.143176111605789,0.17146,0.240397376357889,0.239185063985017,340
"SLC4A4","Q9Y6R1",160.415917415917,1008.07578918971,0.330372064107131,0.13138,0.38042971646996,0.40256671687828,1430
"TFF3","Q07654",160.728271728272,6391.50042296145,0.175573866160632,0.33564,0.181411083593924,0.227034942769474,2909
"ITGB4","P16144",161.302697302697,6235.88336047697,0.607465227487331,0.63148,0.607511866077427,0.762188994971389,3371
"CEMIP2","Q9UHN6",161.460539460539,3800.73886539843,0.259666742745721,0.13714,0.175003511559148,0.584506130210532,355
"HSPD1","P10809",161.498168498168,3435.17146566514,0.79508537523576,0.58788,0.659241645780642,0.408299207248816,16802
"USH2A","O75445",162.283383283383,1674.36170580474,0.448694294338756,0.25784,0.244770556892477,0.810353146285696,2370
"PDZK1","Q5T2W1",162.297702297702,4655.11187679742,0.165878704053577,0.2072,0.043484075327224,0.147408852078061,813
"SH3KBP1","Q96B97",164.55044955045,2236.81715752602,0.271924374310384,0.30418,0.0485120932818303,0.279704015452179,733
"ITIH4","Q14624",164.769230769231,1044.71255060729,0.499325885248253,0.55388,0.434945963608769,0.297252508524436,16832
"GREB1","Q4ZG55",165.730935730936,1842.39060495356,0.0384350286525886,0.07122,0.0105408314028297,0.211559125075533,1135
"CIDEA","O60543",166.545454545455,3981.65441221004,0.226380060104346,0.31986,0.126590953338079,0.199596752761608,946
"FCGBP","Q9Y6R7",166.58374958375,2356.17244736165,0.226392968809102,0.21564,0.247689049488369,0.527000812481283,620
"DPYSL2","Q16555",167.604062604063,843.329856907472,0.300998447020915,0.64086,0.266579049797401,0.283756080179569,1541
"SLC26A6","Q9BXS9",168.195471195471,3082.24259107537,0.230503952091276,0.4192,0.120730637806798,0.286223466924155,492
"CYP2B6","P20813",168.436563436563,3044.31068132401,0.691654515213849,0.73552,0.730940946260687,0.206194958962981,12820
"CA13","Q8N1Q1",168.978687978688,992.85164424738,0.0873378859923618,0.06522,0.0360514337419932,0.177512048118735,341
"PDZD7","Q9H5P4",171.478854478854,370.27561867402,0.106640836703312,0.11984,0.093464286200674,0.354690772831957,230
"CBS","P35520",171.505161505162,2167.98223517544,0.487050905590221,0.76092,0.455715253894041,0.390473111517725,6840
"SYTL2","Q9HCH5",171.782883782884,3865.71167229395,0.147851546607015,0.12338,0.0215161459649723,0.340963453636272,437
"TSPAN32","Q96QS1",172.001665001665,1748.22684599433,0.0429269784237834,0.12078,0.0106392521277305,0.313924861226897,194
"POR","P16435",172.220113220113,3408.45619758878,0.321505133440103,0.66884,0.333870038729167,0.447140736846155,5003
"SFTPA2","Q8IWL1",173.345987345987,676.202371468194,0.520249262325391,0.1466,0.452330247844038,0.233990771895577,2013
"BTN2A1","Q7KYR7",173.59040959041,173.074684808862,0.0573908807696475,0.10334,0.0136423272365454,0.274880300522739,320
"BIRC2","Q13490",173.636030636031,1916.97241222025,0.814495846783298,0.84718,0.897578228690281,0.825546999413092,5199
"HOXA7","P31268",174.972027972028,4093.74671897057,0.0610308984390989,0.0932,0.018868270160324,0.234840273362649,1375
"CYP1A1","P04798",176.475191475191,3451.59323842935,0.910969019317082,0.93994,0.970458497861606,0.823218976811051,15970
"LRRC8D","Q7L1W4",181.720945720946,3172.5716697249,0.168775871340618,0.16644,0.0978664255440525,0.296404276352518,200
"ERMAP","Q96PL5",181.798534798535,536.883115773855,0.0953243126002979,0.05822,0.0205488286701291,0.303617436582732,125
"MAN2B2","Q9Y2E5",182.575757575758,3810.16439545354,0.0525093995411486,0.12796,0.0415764216448833,0.27644562053343,173
"AGR2","O95994",184.211122211122,1361.89412009265,0.0986253355821951,0.1088,0.0315078102271485,0.215715955956847,1820
"PGRMC2","O15173",184.546120546121,2388.87553707674,0.311974416580801,0.35918,0.192010960526558,0.33546364149746,480
"KNG1","P01042",184.791541791542,1601.28897573668,0.944838687647789,0.67254,0.975858168655792,0.809467256053109,17593
"DCBLD2","Q96PD2",185.599400599401,9013.78050596971,0.087681185906887,0.09702,0.0602088207172474,0.381172553593266,360
"MUC3A","Q02505",185.83682983683,4041.64891626251,0.394762516116228,0.30256,0.247881011716278,0.323460592927233,433
"UBE2D1","P51668",187.225441225441,4455.97680755842,0.488594939820495,0.63252,0.61973307491012,0.277468603154683,1604
"GPRIN2","O60269",187.919080919081,2961.09504885521,0.0376695437942053,0.03168,0.0137273780576396,0.161069318190007,199
"ACHE","P22303",188.93006993007,1392.25893227359,0.585089313187893,0.79302,0.889797212866349,0.705172822242164,30618
"SLC22A5","O76082",190.931401931402,3134.09789100529,0.540574974512459,0.32102,0.465918083209395,0.561483455020548,1634
"C1GALT1","Q9NS00",191.472527472527,2598.20669004546,0.159946694956791,0.13736,0.125683003306919,0.312941904112576,721
"BTNL9","Q6UXG8",191.904761904762,275.854351067542,0.0545712103589821,0.0643,0.00854995249020799,0.445770457210186,248
"CA1","P00915",193.246753246753,279.079332393123,0.468200544351796,0.72028,0.731086455551612,0.321028316324781,4919
"GDI2","P50395",194.254079254079,263.759206372131,0.260095955729286,0.2798,0.295369961373707,0.21392306421688,494
"NADK2","Q4G0N4",195.52047952048,2952.66871769137,0.208617006392127,0.12698,0.0825776301354989,0.196862271638816,230
"ERBIN","Q96RT1",195.883782883783,9403.28129254712,0.260757577530038,0.4264,0.0798093370215226,0.226985772109607,916
"ASAP2","O43150",196.010656010656,6549.91660859682,0.147901941356089,0.06748,0.0242863014571227,0.175929745780861,379
"CYP2C19","P33261",196.154512154512,4808.47978226526,0.906038385612637,0.72942,0.967721449069187,0.649094821118963,14271
"SELE","P16581",196.336996336996,2870.81710849666,0.879677315221161,0.91712,0.951447503893014,0.819044197509811,19434
"LNX2","Q8N448",196.464535464535,1115.64655996901,0.0661019525468674,0.05434,0.00946708025014332,0.153444924840412,147
"CTBP1","Q13363",197.139527139527,4556.59844707813,0.279992296297527,0.38352,0.196665781655847,0.153243708964937,2790
"DNAJB11","Q9UBS4",197.603396603397,3645.81633755984,0.105629507578022,0.30028,0.0215279302445535,0.148022896576655,705
"FAM20C","Q8IXL6",198.110889110889,5747.94006459896,0.0694148878338468,0.16214,0.0287610242340237,0.368337458537767,773
"PBX2","P40425",198.16983016983,609.554092809256,0.275986177217659,0.1167,0.146466776496949,0.146845298882543,502
"KLK4","Q9Y5K2",198.186147186147,104.208842012973,0.898986897185496,0.50818,0.89126961500058,0.633003361347882,9935
"GDI1","P31150",202.221778221778,234.66298990816,0.277479912473965,0.53654,0.285381218321356,0.241438114121496,778
"SIGLEC9","Q9Y336",203.703296703297,2648.05151144658,0.172238676763804,0.13278,0.132051759942891,0.29466565947181,758
"PCDH15","Q96QU1",204.636030636031,676.075676710587,0.20384785273745,0.22374,0.204240612371308,0.29753392900993,1139
"TBC1D10A","Q9BXI6",204.642024642025,2640.43443587281,0.0994342898672721,0.03936,0.0202048956150551,0.295063900224099,131
"CYP1B1","Q16678",204.646686646687,3621.66493488745,0.805839348745802,0.68814,0.706566861429597,0.74776953849962,6822
"LRRC8C","Q8TDW0",205.492174492174,2943.04815659579,0.234910900890239,0.1959,0.199363672702229,0.294300763656483,188
"TWIST1","Q15672",208.021312021312,4707.38795337463,0.816618017041066,0.6484,0.532111498962287,0.700174564799083,20331
"TFF2","Q03403",209.248418248418,402.883637570513,0.413564585220835,0.26592,0.358548696210923,0.234005112750353,1617
"BTN1A1","Q13410",209.647352647353,638.278996153746,0.338731586320427,0.26142,0.422945237543291,0.497630886590768,500
"BTN2A2","Q8WVV5",213.904095904096,1196.99146556308,0.121083537261919,0.17282,0.0399662675872753,0.349969116106086,185
"PACC1","Q9H813",214.57042957043,1862.49695341301,0.0466217645574881,0.02166,0.00668834217532039,0.159983553747698,173
"SFTPA1","Q8IWL2",214.681651681652,850.233730515543,0.484714275996453,0.40464,0.393682751770085,0.243929196268183,6488
"SLC4A1","P02730",217.057276057276,3849.83682495608,0.675954872586382,0.65316,0.749540644459551,0.426951403190176,4113
"NFKBIA","P25963",217.864135864136,4003.1754055405,0.842994724114437,0.78098,0.737204907688966,0.79984592913659,29170
"SLC5A2","P31639",218.276057276057,1455.47439990611,0.327482524091162,0.14776,0.260389872068581,0.218025372805621,12804
"CUL4A","Q13619",219.307359307359,794.075718640675,0.188632152259128,0.37752,0.22245938683949,0.282518651719572,1873
"NAMPT","P43490",219.64035964036,1646.05982292191,0.639338065334633,0.8501,0.853503673197508,0.728449735221382,8092
"UPP1","Q16831",219.724941724942,1239.3460365972,0.137780093868627,0.1885,0.0795778221794149,0.149733199640448,1462
"APEX1","P27695",219.825507825508,2331.30998204549,0.340703655079894,0.68678,0.237680558330963,0.671915768190113,8020
"MBP","P02686",220.556443556444,4769.41944797375,0.751541156232642,0.51976,0.390715489564171,0.373364671419342,26761
"KPNA2","P52292",221.595737595738,1084.5980098072,0.554494151039945,0.35486,0.58365816704057,0.188428043475071,1707
"TCF12","Q99081",222.56043956044,425.320379820047,0.355470546730001,0.31648,0.297181300908941,0.164431105374522,1739
"SLC4A7","Q9Y6M7",223.230436230436,3260.60444308079,0.198348191921809,0.14862,0.19586890230092,0.429255491785458,781
"UPP2","O95045",223.526140526141,1091.95159825739,0.152973016578655,0.10228,0.0661651450964836,0.13391751620162,161
"CYP2C18","P33260",226.269064269064,4550.65309662578,0.527228164621852,0.4403,0.714170654052612,0.385848353692048,763
"SRA1","Q9HD15",226.519813519814,2944.56548004516,0.0816042973472269,0.0993,0.0222025523691456,0.188022550431051,2334
"CA3","P07451",226.9666999667,3687.93026981901,0.223276600409125,0.41082,0.225217706741422,0.28738619902602,2015
"NDUFA7","O95182",226.993006993007,2688.67650004892,0.0395239595736802,0.09258,0.0246152706763097,0.174232749303252,303
"COL12A1","Q99715",227.153846153846,2945.94034746067,0.24169180198846,0.19646,0.273516153319139,0.586363795675147,1386
"SYTL1","Q8IYJ3",227.560106560107,7143.77744862288,0.0790733066745162,0.11304,0.0159094115121645,0.299386732725661,351
"GALNT6","Q8NCL4",227.783882783883,1457.75774148126,0.0759047709913366,0.03016,0.013488911656148,0.208733189354383,331
"NDUFB8","O95169",228.980685980686,1996.32207854326,0.103546910245865,0.14252,0.203870288706953,0.209983928936713,1004
"OSBP2","Q969R2",231.90675990676,3976.45099692668,0.314583218090326,0.16828,0.208852316984694,0.621388760394586,545
"CLSPN","Q9HAW4",233.345321345321,2363.34673609757,0.318170064925627,0.2201,0.0650269680495671,0.327276932363314,1212
"CA7","P43166",233.467199467199,1080.7806526141,0.144867610401489,0.11402,0.17235733516796,0.249317876456552,408
"HLA-DRB1","P01911",234.629703629704,921.021395881489,0.928896631713132,0.86336,0.99109037693315,0.821434140897002,19702
"CYP4F3","Q08477",234.703962703963,4632.45630341233,0.387858376623318,0.21544,0.466565746913984,0.41365267587494,36716
"MRM3","Q9HC36",235.340326340326,2754.70958910066,0.0584705137634253,0.06798,0.008817145893885,0.180846496478149,184
"SLC4A8","Q2Y0W8",236.111222111222,2145.70914450861,0.163832955488157,0.08956,0.11993290910462,0.525259413253556,308
"TYMP","P19971",236.583083583084,527.962698416396,0.312408178028048,0.4134,0.223526644834523,0.166074750210499,4295
"GBA1","P04062",236.618048618049,3370.98031371249,0.412926796956259,0.69546,0.490020292336529,0.509147670031578,5919
"CD40","P25942",237.87678987679,4989.53178289621,0.931432907171989,0.84384,0.925977247439518,0.773754392785819,28692
"SYTL3","Q4VX76",238.168498168498,1543.44261823009,0.0806603185250045,0.0628,0.0121436537133834,0.358640425877812,208
"AMBP","P02760",241.66366966367,569.57038852775,0.743137596655858,0.40722,0.936419906601258,0.288350993121631,2546
"ADGRE5","P48960",242.419913419913,3470.70535948617,0.718972446182107,0.35726,0.845272425576214,0.784437777136949,918
"PI3","P19957",246.213453213453,463.692263987401,0.385516720147427,0.31166,0.465921769503302,0.192592538624342,4465
"MAN2B1","O00754",247.138528138528,3990.38053707341,0.253043094120672,0.12722,0.142246006313899,0.666081805300775,477
"NAAA","Q02083",247.435897435897,1244.22531987222,0.106438858497786,0.04268,0.0573754630786059,0.271065662558809,1389
"NRXN2","P58401;Q9P2S2",247.463869463869,858.980289752442,NA,NA,NA,NA,469
"TMEM231","Q9H6L2",247.829170829171,410.919841650688,0.162390246513382,0.18012,0.078905344581034,0.257305341071245,168
"CA4","P22748",248.344988344988,1363.45456098421,0.149957117477371,0.32824,0.102520583517328,0.293702798731145,2076
"SIGLEC8","Q9NYZ4",248.757242757243,1521.13525315457,0.0800571310510172,0.15122,0.0939675304547636,0.360571742718393,731
"VAMP8","Q9BV40",248.867132867133,4267.75016189673,0.360985701333319,0.4388,0.168022227907854,0.193045925060968,1334
"LRRC8A","Q8IWT6",249.99333999334,1186.03459920049,0.225497241997677,0.2831,0.184534508704113,0.501160899311499,571
"LINGO2","Q7L985",250.446553446553,2272.0327021413,0.201412293015593,0.19014,0.0682520601804502,0.178804631458396,318
"NECTIN1","Q15223",252.264735264735,4014.67506178032,0.319503115053335,0.34738,0.277474715777483,0.477843955733982,3511
"MYO7B","Q6PIF6",252.710955710956,703.100969206232,0.280388697944747,0.14906,0.201652058618278,0.657104804056126,159
"SLC16A1","P53985",254.487845487845,1203.35253376426,0.799566655706884,0.62704,0.70412030239702,0.736823159597867,5912
"SYTL5","Q8TDW5",254.852480852481,4079.60414690794,0.0968104824916717,0.07978,0.043673617731178,0.382366115497119,126
"CLK3","P49761",255.692307692308,2637.19576692461,0.153064670729462,0.14288,0.08389586980699,0.330683576874812,342
"ABHD16A","O95870",256.376956376956,3945.36018833487,0.114533464548449,0.10822,0.0399238648092178,0.208603318466631,198
"CYP4A22","Q5TCH4",256.623376623377,3653.40607560328,0.297881319610196,0.36038,0.219814106320894,0.483050306023448,180
"KLK2","P20151",257.664002664003,235.714183440366,0.802123590628305,0.51382,0.811116533579522,0.774679831834397,1709
"GALNT5","Q7Z7M9",258.345987345987,2449.23967992922,0.0570197076773425,0.0343,0.0097696300197598,0.2255906542907,237
"FOLR2","P14207",259,1686.55962691539,0.353914656687676,0.35536,0.516053548848117,0.730275215079309,1150
"MLPH","Q9BV36",259.348651348651,1410.9593477808,0.0956234804084401,0.048,0.00793046679831061,0.146653716191277,767
"NRXN1","Q9ULB1;P58400",260.515151515152,973.079300668241,NA,NA,NA,NA,2052
"FOLR1","P15328",260.709623709624,1547.31405458854,0.848509585937761,0.92662,0.959360077594247,0.786724141906363,2865
"UNC5B","Q8IZJ1",261.752247752248,3423.91927792394,0.403482722627514,0.38398,0.529746829373621,0.802296591127829,770
"NUP155","O75694",262.207792207792,2275.15933966101,0.267617200666107,0.39024,0.5702952772307,0.559892741911855,542
"TCF21","O43680",262.58041958042,206.254939597378,0.146381176032837,0.07484,0.0880530187820975,0.18099873631475,1199
"B3GNT4","Q9C0J1",263.427905427905,1266.60930763662,0.0724681014887161,0.04236,0.0124378395858219,0.17856526286323,68
"SLC22A4","Q9H015",264.231102231102,1542.98987843158,0.698938178795597,0.21892,0.624312694353471,0.338523986306908,1126
"CST4","P01036",265.103896103896,397.058489145764,0.223410745730003,0.15486,0.158811851055176,0.206919615699586,722
"CYP4A11","Q02928",266.241425241425,2542.81344660225,0.573105524950637,0.35488,0.657191114768262,0.447480763903139,766
"HOXD8","P13378",266.7668997669,473.140183156839,0.0392170506607453,0.01266,0.0100716112752105,0.204447032372613,468
"BTNL3","Q6UXE8",267.478188478188,2611.61869465201,0.228168209691804,0.10748,0.172110523672547,0.345877725456929,137
"STATH","P02808",267.988677988678,3344.22438875803,0.211530876882052,0.25642,0.170860467646324,0.190861137157739,984
"CYP4F2","P78329",268.206127206127,5197.01246077928,0.504085469116898,0.28748,0.545612857892435,0.651279316160802,1322
"CYP2D6","P10635",268.226773226773,4707.9209085385,0.781214216487549,0.6429,0.801689664789121,0.621546303814488,16797
"SLC44A1","Q8WWI5",270.558441558442,3869.03547418604,0.0563074056628161,0.08972,0.0176404043550394,0.344993521620643,568
"PBX1","P40424",272.781884781885,605.748878924762,0.612867444682366,0.51006,0.549037887698508,0.240049443478476,3218
"NPR3","P17342",273.147852147852,959.123368969472,0.413976022688154,0.45356,0.515814534589266,0.371963356282684,1968
"B3GNT2","Q9NY97",274.02664002664,1823.7021548294,0.0953833027194242,0.23584,0.0342511802417413,0.306936529733177,500
"ANKS4B","Q8N8V4",274.530136530137,139.840114138582,0.0737087451801092,0.04676,0.0217333844572016,0.18628737210188,169
"FCRL4","Q96PJ5",275.10989010989,601.830691626828,0.0551499840600928,0.03856,0.0147401574943703,0.237066447782568,465
"NDUFAF6","Q330K2",276.471195471195,1706.85018601208,0.0420202605804628,0.057,0.00379416629255459,0.170166142167001,222
"SLC30A6","Q6NXT4",277.240093240093,1729.91069046432,0.247487186738855,0.1812,0.107552150051136,0.250222756619664,268
"GKN2","Q86XP6",278.855810855811,528.778336475871,0.120132757543633,0.16666,0.0722246618789689,0.184164281621909,206
"PLSCR1","O15162",278.982683982684,1519.18624236079,0.506491405952092,0.60316,0.634597452479411,0.370380656313748,817
"ASGR1","P07306",280.173826173826,451.25425141148,0.448636873791157,0.18572,0.45821148633692,0.342995177385999,2474
"CD300LD","Q6UXZ3",280.364968364968,517.385741063289,0.162530654417473,0.07118,0.145742674323613,0.231689817849273,85
"HMGN2","P05204",280.703296703297,1035.248713312,0.0263259271467802,0.15054,0.134584971596575,0.200592526901923,596
"ARSB","P15848",281.625041625042,1006.10519549294,0.152354539861368,0.32718,0.190151875891664,0.436339829174268,1502
"FKBP14","Q9NWM8",282.280386280386,842.373722435681,0.118029503970812,0.21922,0.0475097791706915,0.275261031969345,278
"AMY1B","P0DTE7",283.809856809857,809.141381824926,NA,NA,NA,NA,79
"ANKRD17","O75179",284.065601065601,349.680904926741,0.16281793871804,0.15744,0.194876589612603,0.299117351493679,346
"HTN3","P15516",287.155844155844,2517.77117419556,0.085854941646582,0.19378,0.198601761213917,0.174558676982818,705
"NPTX1","Q15818",287.209124209124,1493.43859760049,0.186029113800464,0.25982,0.119372669899499,0.44887379521209,1011
"C1GALT1C1L","P0DN25",287.398268398268,385.378971017878,0.0490402330480995,0.03706,0.0111111732542057,0.168066920619556,7
"AHCYL1","O43865",288.777888777889,460.545253769105,0.320647344832895,0.65164,0.409595096306407,0.407200378622732,470
"DNAJC16","Q9Y2G8",291.078255078255,213.767025335313,0.133529940659255,0.13178,0.0411118213539124,0.355568537124698,113
"SMAD9","O15198",292.343323343323,1158.19621373519,0.399606104186749,0.72584,0.641193721846944,0.53145875316847,1575
"CDHR2","Q9BYE9",294.208125208125,1393.13555021483,0.184861822562611,0.12906,0.109499359810683,0.271614766886177,236
"HTN1","P15515",294.340992340992,1684.15750294564,0.0479188765593062,0.16172,0.172921746208145,0.180425835637808,473
"USHBP1","Q8N6Y0",294.37629037629,405.13484073111,0.0201264780145552,0.01862,0.00397186495510336,0.124375436690654,86
"C1GALT1C1","Q96EU7",296.36963036963,1945.76472694527,0.123958582765278,0.12684,0.0539966397981035,0.243853367209209,537
"ZBTB43","O43298",297.15318015318,557.156408104443,0.0555834934040777,0.02586,0.00750400038003935,0.145043802331612,100
"ATRN","O75882",297.276723276723,200.725863743186,0.433844856161317,0.22748,0.293381599918574,0.767756615303953,427
"NPEPPS","P55786",300.560106560107,415.456995591573,0.260362581704489,0.37618,0.174776648416621,0.712400515004968,19282
"PCBD1","P61457",302.305028305028,212.944901423249,0.114373259654274,0.11274,0.0515165632187722,0.173159078525914,699
"TMEM106C","Q9BVX2",302.658674658675,274.348148409441,0.0424726790238423,0.0446,0.00880171115427535,0.118992470594514,114
"MAN2C1","Q9NTJ4",306.580752580753,635.835831945092,0.11306675037455,0.17398,0.0725400884389919,0.285145180126769,378
"C7orf25","Q9BPX7",306.781884781885,848.139951543016,0.0183638976964636,0.02062,0.00375997182866526,0.118631827066835,28
"GMIP","Q9P107",306.937728937729,156.325568058413,0.0587403264044716,0.03096,0.00717582611766786,0.213667944563775,144
"TMEM131L","A2VDJ0",309.018648018648,265.668539543956,0.0547651350259719,0.14442,0.030572170710956,0.696431703320298,109
"TMEM192","Q8IY95",310.175491175491,155.4638628083,0.0332143138412344,0.1195,0.00581915265078158,0.147254374044951,178
"PPP1CB","P62140",315.212787212787,116.388084267498,0.733363209574693,0.62694,0.781318527738365,0.716889196658383,1405
"NPTX2","P47972",316.503496503496,195.91096378638,0.0866386822102333,0.0946,0.0157491498662408,0.248615008124366,873
"SOD1","P00441",317.770895770896,715.509119350558,0.645074303082927,0.57316,0.315498143830658,0.242170101526412,59821
"RCN2","Q14257",323.012654012654,179.597441421559,0.0426682024884894,0.07226,0.0320871812226292,0.165830596707722,481
