"ensembl_gene_id","external_gene_name","description","gene_biotype","degree","betweenness","closeness","eigen_centrality","page_rank","cluster","source"
"ENSG00000000005","TNMD","tenomodulin ","protein_coding",1,0,0.00398406374501992,6.06627489801598e-17,0.000928366625660985,"royalblue","subnet"
"ENSG00000001631","KRIT1","KRIT1 ankyrin repeat containing ","protein_coding",1,0,0.000153468385512584,5.64804942316551e-05,0.000920922336997447,"tomato","subnet"
"ENSG00000002726","AOC1","amine oxidase copper containing 1 ","protein_coding",1,0,7.72320049428483e-05,1.46793451936617e-17,0.000813187462913596,"maroon1","subnet"
"ENSG00000002822","MAD1L1","mitotic arrest deficient 1 like 1 ","protein_coding",3,45639,0.000167308014053873,2.0734841088254e-10,0.00148480346446479,"springgreen","subnet"
"ENSG00000002834","LASP1","LIM and SH3 protein 1 ","protein_coding",2,31098,0.000143041052782148,6.5068352026492e-13,0.00112941425473646,"springgreen","subnet"
"ENSG00000005073","HOXA11","homeobox A11 ","protein_coding",1,0,0.000127258844489692,1.09727617840128e-13,0.000785390804594744,"yellowgreen","subnet"
"ENSG00000005102","MEOX1","mesenchyme homeobox 1 ","protein_coding",5,2474,0.000120307988450433,5.1908244631737e-06,0.00294763862582507,"tomato","subnet"
"ENSG00000006128","TAC1","tachykinin precursor 1 ","protein_coding",5,22959.2333452495,0.000162999185004075,0.139628516247485,0.00244290783557912,"tomato","subnet"
"ENSG00000007372","PAX6","paired box 6 ","protein_coding",3,512,0.000127697612054655,1.45381430207818e-13,0.00194623489549015,"yellowgreen","subnet"
"ENSG00000008517","IL32","interleukin 32 ","protein_coding",1,0,0.000172324659658797,0.000124060006469717,0.000676807145741609,"tomato","subnet"
"ENSG00000009950","MLXIPL","MLX interacting protein like ","protein_coding",1,0,0.000139567341242149,3.09561962216468e-09,0.000732173962178297,"tomato","subnet"
"ENSG00000010438","PRSS3","serine protease 3 ","protein_coding",1,0,0.000139082058414465,1.32722026408974e-06,0.000672491705162573,"gold","subnet"
"ENSG00000011638","LDAF1","lipid droplet assembly factor 1 ","protein_coding",2,38,0.00478468899521531,6.94504569684394e-17,0.00168471165352491,"royalblue","subnet"
"ENSG00000013297","CLDN11","claudin 11 ","protein_coding",7,0,0.000121787845573012,3.26567836077381e-13,0.00186532333194122,"springgreen","subnet"
"ENSG00000013725","CD6","CD6 molecule ","protein_coding",4,1983,9.7799511002445e-05,2.94451585568859e-17,0.00285120975199524,"tomato","subnet"
"ENSG00000018625","ATP1A2","ATPase Na+/K+ transporting subunit alpha 2 ","protein_coding",10,744,0.000151929504709815,1,0.00305778607982907,"tomato","subnet"
"ENSG00000022267","FHL1","four and a half LIM domains 1 ","protein_coding",3,5386,0.000161838485191779,9.02567298508994e-10,0.00204671879845195,"tomato","subnet"
"ENSG00000024526","DEPDC1","DEP domain containing 1 ","protein_coding",1,0,9.86582478295185e-05,1.62884915883665e-11,0.00103287606316444,"tomato","subnet"
"ENSG00000026652","AGPAT4","1-acylglycerol-3-phosphate O-acyltransferase 4 ","protein_coding",7,4,0.0416666666666667,0,0.00207530305608937,"mediumseagreen","subnet"
"ENSG00000034971","MYOC","myocilin ","protein_coding",3,995,0.000160694198939418,8.83769556267553e-10,0.00224068630707502,"tomato","subnet"
"ENSG00000035664","DAPK2","death associated protein kinase 2 ","protein_coding",1,0,0.0151515151515152,3.18457564872096e-17,0.000878408819653677,"orchid","subnet"
"ENSG00000042286","AIFM2","AIF family member 2 ","protein_coding",1,0,0.0217391304347826,2.96538105670582e-19,0.000693259618763756,"cyan","subnet"
"ENSG00000046653","GPM6B","glycoprotein M6B ","protein_coding",1,0,7.44158356898348e-05,8.08339892631485e-17,0.0010277056628181,"maroon1","subnet"
"ENSG00000046889","PREX2","phosphatidylinositol-3,4,5-trisphosphate dependent Rac exchange factor 2 ","protein_coding",1,0,0.0178571428571429,7.73200257302095e-17,0.000747526527883535,"cyan","subnet"
"ENSG00000047457","CP","ceruloplasmin ","protein_coding",2,1488,0.000160642570281124,1.92699832280441e-05,0.00138588155368178,"gold","subnet"
"ENSG00000048392","RRM2B","ribonucleotide reductase regulatory TP53 inducible subunit M2B ","protein_coding",2,0,0.000126582278481013,4.8350575753323e-13,0.00141532701804292,"tomato","subnet"
"ENSG00000048540","LMO3","LIM domain only 3 ","protein_coding",3,12298,0.000155690487311225,2.99339419138704e-11,0.00155379295837585,"springgreen","subnet"
"ENSG00000051009","FHIP1B","FHF complex subunit HOOK interacting protein 1B ","protein_coding",3,308,0.00645161290322581,0,0.00204530046907027,"royalblue","subnet"
"ENSG00000052802","MSMO1","methylsterol monooxygenase 1 ","protein_coding",2,0,0.00420168067226891,2.98340909728146e-17,0.00149700564980281,"royalblue","subnet"
"ENSG00000054356","PTPRN","protein tyrosine phosphatase receptor type N ","protein_coding",2,38,0.00564971751412429,8.12966224653179e-17,0.00168182679589463,"royalblue","subnet"
"ENSG00000054938","CHRDL2","chordin like 2 ","protein_coding",2,22050,0.000107538444994085,2.3211303345951e-16,0.00131057874654799,"springgreen","subnet"
"ENSG00000056998","GYG2","glycogenin 2 ","protein_coding",5,2964,0.000139664804469274,1.66321048010564e-06,0.00292245320451348,"gold","subnet"
"ENSG00000059573","ALDH18A1","aldehyde dehydrogenase 18 family member A1 ","protein_coding",1,0,0.000131319763624425,0.000459028584825179,0.00085033121654197,"tomato","subnet"
"ENSG00000060982","BCAT1","branched chain amino acid transaminase 1 ","protein_coding",1,0,7.44047619047619e-05,6.49875181768024e-17,0.000915941901231998,"maroon1","subnet"
"ENSG00000064195","DLX3","distal-less homeobox 3 ","protein_coding",2,0,0.000127567291746396,3.79912894094008e-13,0.00103600048090569,"springgreen","subnet"
"ENSG00000066279","ASPM","assembly factor for spindle microtubules ","protein_coding",2,2470,0.000126214817619589,4.05917592309178e-13,0.001583490720441,"tomato","subnet"
"ENSG00000066382","MPPED2","metallophosphoesterase domain containing 2 ","protein_coding",2,1488,0.000140232786425466,6.33860046343948e-13,0.00154607221646036,"springgreen","subnet"
"ENSG00000066405","CLDN18","claudin 18 ","protein_coding",7,0,0.000121787845573012,3.26567836077381e-13,0.00186532333193943,"springgreen","subnet"
"ENSG00000068615","REEP1","receptor accessory protein 1 ","protein_coding",2,0,0.000125738714950333,7.6363512103427e-10,0.00122332180380241,"tomato","subnet"
"ENSG00000068976","PYGM","glycogen phosphorylase, muscle associated ","protein_coding",1,0,0.000122669283611384,3.79927312640291e-08,0.000811489359449327,"gold","subnet"
"ENSG00000069431","ABCC9","ATP binding cassette subfamily C member 9 ","protein_coding",8,4144.8346986347,0.000159337157425112,0.916181599479078,0.00255197846221411,"tomato","subnet"
"ENSG00000069702","TGFBR3","transforming growth factor beta receptor 3 ","protein_coding",3,2867,9.8173964264677e-05,5.1301054311858e-17,0.00203881174644911,"saddlebrown","subnet"
"ENSG00000069764","PLA2G10","phospholipase A2 group X ","protein_coding",6,1,0.000127372309259967,1.49800236797729e-05,0.00198273412058824,"tomato","subnet"
"ENSG00000070190","DAPP1","dual adaptor of phosphotyrosine and 3-phosphoinositides 1 ","protein_coding",1,0,0.000152788388082506,1.71571960427189e-05,0.000851158286691783,"tomato","subnet"
"ENSG00000071539","TRIP13","thyroid hormone receptor interactor 13 ","protein_coding",7,35223,0.000150625094140684,4.52302624177209e-12,0.00470879704850705,"springgreen","subnet"
"ENSG00000072571","HMMR","hyaluronan mediated motility receptor ","protein_coding",4,2478,0.000134426670251378,2.95522683219317e-12,0.00302570282567668,"tomato","subnet"
"ENSG00000075702","WDR62","WD repeat domain 62 ","protein_coding",2,1980,0.000118863663378105,5.69597960830787e-14,0.00166098878269244,"tomato","subnet"
"ENSG00000075891","PAX2","paired box 2 ","protein_coding",3,1455,0.000135869565217391,7.98242445602083e-13,0.0018828722988257,"yellowgreen","subnet"
"ENSG00000078114","NEBL","nebulette ","protein_coding",1,0,0.000153256704980843,2.81377380297558e-11,0.0008480391762016,"tomato","subnet"
"ENSG00000078399","HOXA9","homeobox A9 ","protein_coding",1,0,0.000127356087620988,1.89615441029259e-13,0.000647427996936579,"springgreen","subnet"
"ENSG00000078549","ADCYAP1R1","ADCYAP receptor type I ","protein_coding",2,0,0.000132766861391397,1.89642166262678e-05,0.00126823361764166,"tomato","subnet"
"ENSG00000079337","RAPGEF3","Rap guanine nucleotide exchange factor 3 ","protein_coding",1,0,0.000101040719409922,2.58206501931202e-16,0.00102606778283412,"tomato","subnet"
"ENSG00000079435","LIPE","lipase E, hormone sensitive type ","protein_coding",5,7158.55428645428,0.000149992500374981,2.25214469494097e-08,0.00282508024854031,"tomato","subnet"
"ENSG00000079462","PAFAH1B3","platelet activating factor acetylhydrolase 1b catalytic subunit 3 ","protein_coding",3,0,0.0277777777777778,0,0.00116973278315585,"mediumseagreen","subnet"
"ENSG00000080986","NDC80","NDC80 kinetochore complex component ","protein_coding",13,1298.91666666666,0.000162786911932281,1.72025341629483e-09,0.00351558683326851,"tomato","subnet"
"ENSG00000084710","EFR3B","EFR3 homolog B ","protein_coding",2,7112.86810411808,0.000168152009416513,2.62926261781777e-08,0.00135910508828075,"tomato","subnet"
"ENSG00000086967","MYBPC2","myosin binding protein C2 ","protein_coding",1,0,0.000149409831166891,1.24008501775662e-10,0.000876586624390434,"tomato","subnet"
"ENSG00000088325","TPX2","TPX2 microtubule nucleation factor ","protein_coding",4,17902,0.000143864192202561,2.0265199172073e-11,0.00252886384210393,"tomato","subnet"
"ENSG00000089169","RPH3A","rabphilin 3A ","protein_coding",3,38.5,0.00342465753424658,1.23249090084731e-16,0.00233550726091327,"royalblue","subnet"
"ENSG00000089199","CHGB","chromogranin B ","protein_coding",2,0,0.000129332643559234,0.000202873150622301,0.00104357298940255,"tomato","subnet"
"ENSG00000089356","FXYD3","FXYD domain containing ion transport regulator 3 ","protein_coding",2,0,0.000141262890238734,0.274904154728512,0.00077173395349704,"tomato","subnet"
"ENSG00000090054","SPTLC1","serine palmitoyltransferase long chain base subunit 1 ","protein_coding",7,3928,0.0001776514478593,4.33686865098516e-08,0.00228490635415543,"tomato","subnet"
"ENSG00000090382","LYZ","lysozyme ","protein_coding",5,746,0.000175162024873008,0.000387470945470719,0.00254309017548822,"tomato","subnet"
"ENSG00000090924","PLEKHG2","pleckstrin homology and RhoGEF domain containing G2 ","protein_coding",2,3928,0.000150127608467197,1.26669741287461e-10,0.00145145305696676,"tomato","subnet"
"ENSG00000092054","MYH7","myosin heavy chain 7 ","protein_coding",8,3382.5,0.0001806684733514,1.02519125418107e-08,0.00394131418866712,"tomato","subnet"
"ENSG00000092445","TYRO3","TYRO3 protein tyrosine kinase ","protein_coding",2,0,0.000168350168350168,2.22183783076238e-07,0.00112647670492885,"tomato","subnet"
"ENSG00000092529","CAPN3","calpain 3 ","protein_coding",4,57405,0.000180603214737222,1.43248555726832e-09,0.00209401926404255,"tomato","subnet"
"ENSG00000094841","UPRT","uracil phosphoribosyltransferase homolog ","protein_coding",2,498,0.00012313754463736,1.25368721566609e-14,0.00186052992508875,"springgreen","subnet"
"ENSG00000095066","HOOK2","hook microtubule tethering protein 2 ","protein_coding",2,0,0.00546448087431694,0,0.00142064164351297,"royalblue","subnet"
"ENSG00000099282","TSPAN15","tetraspanin 15 ","protein_coding",1,0,0.0166666666666667,0,0.000857384101221504,"orchid","subnet"
"ENSG00000099769","IGFALS","insulin like growth factor binding protein acid labile subunit ","protein_coding",2,0,0.000135062128579146,0.000738791835484367,0.00111475598585754,"tomato","subnet"
"ENSG00000099822","HCN2","hyperpolarization activated cyclic nucleotide gated potassium and sodium channel 2 ","protein_coding",2,0,0.000106837606837607,2.4804606739592e-13,0.00146944651986149,"tomato","subnet"
"ENSG00000100078","PLA2G3","phospholipase A2 group III ","protein_coding",5,0,0.000127356087620988,1.38084667889407e-05,0.00166804376191329,"tomato","subnet"
"ENSG00000100448","CTSG","cathepsin G ","protein_coding",8,32691.614833859,0.000189286390308537,0.000883807430706375,0.00377056099347282,"tomato","subnet"
"ENSG00000100526","CDKN3","cyclin dependent kinase inhibitor 3 ","protein_coding",1,0,0.000122925629993854,4.33776385767798e-13,0.000899538137683278,"tomato","subnet"
"ENSG00000100596","SPTLC2","serine palmitoyltransferase long chain base subunit 2 ","protein_coding",6,0,0.000163398692810458,1.94025422840697e-08,0.00186899556569982,"tomato","subnet"
"ENSG00000100600","LGMN","legumain ","protein_coding",2,498,0.0001431229426077,2.45389524895817e-06,0.00174661338614293,"tomato","subnet"
"ENSG00000100678","SLC8A3","solute carrier family 8 member A3 ","protein_coding",1,0,8.23113013416742e-05,8.71377336983121e-17,0.000960003803689534,"saddlebrown","subnet"
"ENSG00000101000","PROCR","protein C receptor ","protein_coding",3,498,0.000172413793103448,0.000146653793912812,0.00184512556496128,"tomato","subnet"
"ENSG00000101057","MYBL2","MYB proto-oncogene like 2 ","protein_coding",1,0,0.000130907186804556,3.06147243397527e-09,0.000812049688363948,"tomato","subnet"
"ENSG00000101079","NDRG3","NDRG family member 3 ","protein_coding",2,498,0.00014609203798393,0.130713569097565,0.00116806096129137,"tomato","subnet"
"ENSG00000101210","EEF1A2","eukaryotic translation elongation factor 1 alpha 2 ","protein_coding",5,6446.96803196804,0.000171673819742489,0.0195366019377879,0.00337701778009316,"tomato","subnet"
"ENSG00000101294","HM13","histocompatibility minor 13 ","protein_coding",1,0,0.0147058823529412,3.19613483578235e-17,0.000930516611699877,"orchid","subnet"
"ENSG00000101405","OXT","oxytocin/neurophysin I prepropeptide ","protein_coding",2,0,0.000120033609410635,5.45275454902287e-06,0.00139095160403515,"tomato","subnet"
"ENSG00000101439","CST3","cystatin C ","protein_coding",2,994,0.000154059466954244,1.75154400828327e-05,0.00152850637302349,"tomato","subnet"
"ENSG00000101441","CST4","cystatin S ","protein_coding",3,4263.36492657669,0.00015581177937052,1.79078790661696e-05,0.00200496742703447,"tomato","subnet"
"ENSG00000101447","FAM83D","family with sequence similarity 83 member D ","protein_coding",1,0,0.000125992188484314,4.06154499258752e-13,0.00089487217038294,"tomato","subnet"
"ENSG00000101825","MXRA5","matrix remodeling associated 5 ","protein_coding",1,0,0.000107584722969338,1.18307168067104e-15,0.000923166261950648,"yellowgreen","subnet"
"ENSG00000102109","PCSK1N","proprotein convertase subtilisin/kexin type 1 inhibitor ","protein_coding",1,0,0.000119961612284069,4.49325585966441e-06,0.000870882237582696,"tomato","subnet"
"ENSG00000102239","BRS3","bombesin receptor subtype 3 ","protein_coding",3,498,0.000140508641281439,0.00333955363663752,0.00211207375276017,"tomato","subnet"
"ENSG00000102390","PBDC1","polysaccharide biosynthesis domain containing 1 ","protein_coding",2,498,0.000158202816010125,0.00273705795836512,0.0016283790441953,"tomato","subnet"
"ENSG00000102468","HTR2A","5-hydroxytryptamine receptor 2A ","protein_coding",2,994,8.03600128576021e-05,7.74531046390135e-17,0.00164691923172714,"maroon1","subnet"
"ENSG00000102854","MSLN","mesothelin ","protein_coding",1,0,0.000136314067611778,3.91397106304029e-07,0.000773695302433207,"tomato","subnet"
"ENSG00000102886","GDPD3","glycerophosphodiester phosphodiesterase domain containing 3 ","protein_coding",1,0,0.000150715900527506,5.35257058500308e-10,0.00095254822116644,"tomato","subnet"
"ENSG00000103034","NDRG4","NDRG family member 4 ","protein_coding",1,0,0.00421940928270042,6.26562646203636e-17,0.000985159354101442,"royalblue","subnet"
"ENSG00000103202","NME4","NME/NM23 nucleoside diphosphate kinase 4 ","protein_coding",2,0,0.000166140554909453,0.000467390938909346,0.00137628162795201,"tomato","subnet"
"ENSG00000103534","TMC5","transmembrane channel like 5 ","protein_coding",1,0,0.000153421294875729,9.58893250293929e-07,0.000934989558320788,"tomato","subnet"
"ENSG00000104044","OCA2","OCA2 melanosomal transmembrane protein ","protein_coding",3,0.333333333333333,0.025,2.40496153432844e-17,0.00147527715655872,"cyan","subnet"
"ENSG00000104331","BPNT2","3'(2'), 5'-bisphosphate nucleotidase 2 ","protein_coding",2,0,0.00012187690432663,4.73214251292933e-08,0.00136408817695635,"tomato","subnet"
"ENSG00000104951","IL4I1","interleukin 4 induced 1 ","protein_coding",3,1490,7.72678102302581e-05,1.07166634271836e-16,0.0023436408751983,"maroon1","subnet"
"ENSG00000105137","SYDE1","synapse defective Rho GTPase homolog 1 ","protein_coding",1,0,0.00303030303030303,1.05860405923975e-17,0.000913637377184729,"royalblue","subnet"
"ENSG00000105219","CCNP","cyclin P ","protein_coding",1,0,0.00012291052114061,4.26393601448229e-13,0.00089880640731798,"tomato","subnet"
"ENSG00000105366","SIGLEC8","sialic acid binding Ig like lectin 8 ","protein_coding",1,0,0.000141663125088539,1.83304871350061e-09,0.000817109607587608,"tomato","subnet"
"ENSG00000105404","RABAC1","Rab acceptor 1 ","protein_coding",3,75,0.0050251256281407,9.12945170644903e-17,0.00258793776767517,"royalblue","subnet"
"ENSG00000105492","SIGLEC6","sialic acid binding Ig like lectin 6 ","protein_coding",1,0,0.000136574706364381,0.00092192168624558,0.000634980077716825,"tomato","subnet"
"ENSG00000105501","SIGLEC5","sialic acid binding Ig like lectin 5 ","lncRNA",1,0,0.000158152775581211,0.00268534652098749,0.000826003342542344,"tomato","subnet"
"ENSG00000105514","RAB3D","RAB3D, member RAS oncogene family ","protein_coding",1,0,0.00381679389312977,0,0.000875926084365706,"royalblue","subnet"
"ENSG00000105583","WDR83OS","WD repeat domain 83 opposite strand ","protein_coding",1,0,0.00492610837438424,0,0.000913166865702715,"royalblue","subnet"
"ENSG00000105664","COMP","cartilage oligomeric matrix protein ","protein_coding",6,14949.6774410775,0.000180962721679334,4.88359061986458e-05,0.00401982586689479,"tomato","subnet"
"ENSG00000105697","HAMP","hepcidin antimicrobial peptide ","protein_coding",2,498,0.000138600138600139,3.78366212366936e-07,0.00179737153280507,"gold","subnet"
"ENSG00000106018","VIPR2","vasoactive intestinal peptide receptor 2 ","protein_coding",4,7660.41071428572,0.000142146410803127,0.000119005445163569,0.00224623063631938,"tomato","subnet"
"ENSG00000106113","CRHR2","corticotropin releasing hormone receptor 2 ","protein_coding",2,0,7.4487895716946e-05,5.61682898514692e-18,0.00149969076239336,"maroon1","subnet"
"ENSG00000106258","CYP3A5","cytochrome P450 family 3 subfamily A member 5 ","protein_coding",3,498,0.000129600829445308,0.000146875696362444,0.00172162859264583,"tomato","subnet"
"ENSG00000106327","TFR2","transferrin receptor 2 ","protein_coding",4,18,9.42418245217227e-05,0,0.00194598071230738,"saddlebrown","subnet"
"ENSG00000106404","CLDN15","claudin 15 ","protein_coding",7,0,0.000121787845573012,3.26642497219602e-13,0.00186532333193878,"springgreen","subnet"
"ENSG00000106511","MEOX2","mesenchyme homeobox 2 ","protein_coding",4,3941,0.000127811860940695,3.4072986836994e-05,0.00257612637252788,"tomato","subnet"
"ENSG00000106689","LHX2","LIM homeobox 2 ","protein_coding",3,1983,0.000120336943441637,2.19137914433428e-14,0.00222186934350879,"yellowgreen","subnet"
"ENSG00000106809","OGN","osteoglycin ","protein_coding",1,0,0.000108260257659413,8.29554270237121e-07,0.000751774090549226,"tomato","subnet"
"ENSG00000106852","LHX6","LIM homeobox 6 ","protein_coding",3,4083,0.00013607293509321,7.99292550192754e-13,0.00183446160188616,"yellowgreen","subnet"
"ENSG00000107731","UNC5B","unc-5 netrin receptor B ","protein_coding",3,83,0.0208333333333333,3.32554315404991e-17,0.00221117117550768,"orchid","subnet"
"ENSG00000108576","SLC6A4","solute carrier family 6 member 4 ","protein_coding",2,498,7.72797527047913e-05,1.41209574645441e-16,0.00182540080680544,"maroon1","subnet"
"ENSG00000108829","LRRC59","leucine rich repeat containing 59 ","protein_coding",1,0,0.02,9.81636349589295e-17,0.000779106948975183,"mediumseagreen","subnet"
"ENSG00000109061","MYH1","myosin heavy chain 1 ","protein_coding",4,0,0.000179888469149128,8.39753895846355e-09,0.00184578592541694,"tomato","subnet"
"ENSG00000109099","PMP22","peripheral myelin protein 22 ","protein_coding",1,0,0.0053475935828877,0,0.000831539593394034,"royalblue","subnet"
"ENSG00000109255","NMU","neuromedin U ","protein_coding",2,498,0.000108283703302653,8.31517923365481e-07,0.00149748732467281,"tomato","subnet"
"ENSG00000109610","SOD3","superoxide dismutase 3 ","protein_coding",1,0,0.000126326427488631,8.15665327492031e-10,0.000697803312323653,"tomato","subnet"
"ENSG00000109929","SC5D","sterol-C5-desaturase ","protein_coding",3,140,0.00492610837438424,8.6215030758032e-18,0.00213764300867213,"royalblue","subnet"
"ENSG00000110025","SNX15","sorting nexin 15 ","protein_coding",1,0,0.00564971751412429,0,0.000852298246559988,"royalblue","subnet"
"ENSG00000110680","CALCA","calcitonin related polypeptide alpha ","protein_coding",2,0,0.000148566334868519,0.000498821071202158,0.00116638638051619,"tomato","subnet"
"ENSG00000111046","MYF6","myogenic factor 6 ","protein_coding",2,498,0.000149454491107458,1.26396608085454e-10,0.00170757009209852,"tomato","subnet"
"ENSG00000111245","MYL2","myosin light chain 2 ","protein_coding",3,1488,0.000174550532379124,6.18670303687355e-09,0.00169858072481764,"tomato","subnet"
"ENSG00000111262","KCNA1","potassium voltage-gated channel subfamily A member 1 ","protein_coding",4,4146.24448329449,0.000139431121026213,4.49296597560243e-10,0.00207300226754504,"tomato","subnet"
"ENSG00000111275","ALDH2","aldehyde dehydrogenase 2 family member ","protein_coding",5,4913.5,8.7123192193762e-05,1.53971971168181e-17,0.00291006979881994,"maroon1","subnet"
"ENSG00000111713","GYS2","glycogen synthase 2 ","protein_coding",2,0,0.000130616509926855,2.71184928648762e-07,0.00128521888984468,"gold","subnet"
"ENSG00000112175","BMP5","bone morphogenetic protein 5 ","protein_coding",2,577,9.40114693992667e-05,5.76800785615406e-17,0.00126692276375009,"saddlebrown","subnet"
"ENSG00000112977","DAP","death associated protein ","protein_coding",1,0,0.000113533151680291,3.06817153458085e-15,0.000881439967254179,"yellowgreen","subnet"
"ENSG00000113296","THBS4","thrombospondin 4 ","protein_coding",1,0,0.000166002656042497,6.71259675700226e-06,0.000821385651070004,"tomato","subnet"
"ENSG00000113303","BTNL8","butyrophilin like 8 ","protein_coding",4,5020.26382767558,0.00015547263681592,1.42104686001547e-08,0.00213225454657107,"tomato","subnet"
"ENSG00000113494","PRLR","prolactin receptor ","protein_coding",4,0,0.000145391102064554,0.00566834348329505,0.00173908575447353,"tomato","subnet"
"ENSG00000113594","LIFR","LIF receptor subunit alpha ","protein_coding",2,0,8.9142449634516e-05,1.04462472322689e-16,0.00149191594017303,"tomato","subnet"
"ENSG00000113971","NPHP3","nephrocystin 3 ","protein_coding",1,0,0.000120977498185338,2.01784076598366e-05,0.000716653695474496,"tomato","subnet"
"ENSG00000114480","GBE1","1,4-alpha-glucan branching enzyme 1 ","protein_coding",1,0,0.000122684333210649,4.25731930967977e-08,0.000788401845078636,"gold","subnet"
"ENSG00000114626","ABTB1","ankyrin repeat and BTB domain containing 1 ","protein_coding",1,0,0.000158152775581211,0.00268534652098748,0.000826003342542344,"tomato","subnet"
"ENSG00000114698","PLSCR4","phospholipid scramblase 4 ","protein_coding",1,0,0.000140114894213255,6.2162582659764e-13,0.000823692818674164,"springgreen","subnet"
"ENSG00000115255","REEP6","receptor accessory protein 6 ","protein_coding",4,483,0.00719424460431655,0,0.00282535494886204,"royalblue","subnet"
"ENSG00000115507","OTX1","orthodenticle homeobox 1 ","protein_coding",1,0,0.000166002656042497,6.71259675700159e-06,0.000821385651070004,"tomato","subnet"
"ENSG00000115657","ABCB6","ATP binding cassette subfamily B member 6 (LAN blood group) ","protein_coding",7,0,0.000151860288534548,0.900340028660219,0.00208103945749794,"tomato","subnet"
"ENSG00000115844","DLX2","distal-less homeobox 2 ","protein_coding",4,822,0.000127959053103007,2.38788279117534e-13,0.00224942156060278,"yellowgreen","subnet"
"ENSG00000116014","KISS1R","KISS1 receptor ","protein_coding",1,0,0.000127909951394218,0.000129160285722375,0.00081687178545026,"tomato","subnet"
"ENSG00000116678","LEPR","leptin receptor ","protein_coding",3,6803,0.000137098985467508,0.000960242016978966,0.00173064398489888,"tomato","subnet"
"ENSG00000117215","PLA2G2D","phospholipase A2 group IID ","protein_coding",7,589.666666666667,0.000134084204880665,1.72900696367343e-05,0.00231381847064275,"tomato","subnet"
"ENSG00000117318","ID3","inhibitor of DNA binding 3 ","protein_coding",1,0,0.000102061645233721,1.62096800725872e-16,0.00103177298432472,"yellowgreen","subnet"
"ENSG00000117724","CENPF","centromere protein F ","protein_coding",8,19256,0.000163692912096906,9.87720248378189e-10,0.00245766392677972,"tomato","subnet"
"ENSG00000117983","MUC5B","mucin 5B, oligomeric mucus/gel-forming ","protein_coding",7,3962.72250233426,0.000146241591108511,2.84751684947252e-06,0.00429705279711379,"tomato","subnet"
"ENSG00000118160","SLC8A2","solute carrier family 8 member A2 ","protein_coding",3,995,8.58295425285383e-05,8.40708326862521e-17,0.00249915347210562,"saddlebrown","subnet"
"ENSG00000118242","MREG","melanoregulin ","protein_coding",1,0,0.0163934426229508,1.05978008178563e-16,0.000777024553416797,"cyan","subnet"
"ENSG00000118432","CNR1","cannabinoid receptor 1 ","protein_coding",5,5405,8.36820083682008e-05,3.9005109477862e-17,0.00364243275828603,"maroon1","subnet"
"ENSG00000118804","STBD1","starch binding domain 1 ","protein_coding",4,499,0.000130667712008363,3.09731172441112e-07,0.00252466600071771,"gold","subnet"
"ENSG00000119139","TJP2","tight junction protein 2 ","protein_coding",5,31256.3333333333,0.000136147038801906,2.1155234648497e-13,0.00179836138860173,"springgreen","subnet"
"ENSG00000119185","ITGB1BP1","integrin subunit beta 1 binding protein 1 ","protein_coding",2,498,0.000166168162180126,0.000410910444677848,0.0015741459225206,"tomato","subnet"
"ENSG00000119705","SLIRP","SRA stem-loop interacting RNA binding protein ","protein_coding",1,0,8.01796023091725e-05,9.73659775416854e-17,0.000891154205651077,"maroon1","subnet"
"ENSG00000119927","GPAM","glycerol-3-phosphate acyltransferase, mitochondrial ","protein_coding",2,0,0.5,9.78182906163234e-17,0.00167940213283992,"royalblue","subnet"
"ENSG00000120049","KCNIP2","potassium voltage-gated channel interacting protein 2 ","protein_coding",5,2103.13624708625,0.00013933398355859,6.71730620946993e-09,0.0024075200052159,"tomato","subnet"
"ENSG00000120053","GOT1","glutamic-oxaloacetic transaminase 1 ","protein_coding",2,498,7.44158356898348e-05,1.59521896150704e-16,0.0017691830499706,"maroon1","subnet"
"ENSG00000120088","CRHR1","corticotropin releasing hormone receptor 1 ","protein_coding",4,1984,7.73514851485149e-05,5.95776032278921e-17,0.00287252643977209,"maroon1","subnet"
"ENSG00000120149","MSX2","msh homeobox 2 ","protein_coding",3,994,0.000120467413564631,5.49793140453015e-14,0.00191584977654251,"yellowgreen","subnet"
"ENSG00000120907","ADRA1A","adrenoceptor alpha 1A ","protein_coding",1,0,0.000120019203072492,4.70326210888951e-06,0.00079979717232048,"tomato","subnet"
"ENSG00000121068","TBX2","T-box transcription factor 2 ","protein_coding",2,498,0.000113675116516994,7.78247338197558e-15,0.00157942574593861,"yellowgreen","subnet"
"ENSG00000121310","ECHDC2","enoyl-CoA hydratase domain containing 2 ","protein_coding",2,498,8.35142809420411e-05,6.52004291085708e-17,0.00150410326052916,"maroon1","subnet"
"ENSG00000121361","KCNJ8","potassium inwardly rectifying channel subfamily J member 8 ","protein_coding",7,0,0.000151860288534548,0.900340028660218,0.00208103945749482,"tomato","subnet"
"ENSG00000121716","PILRB","paired immunoglobin like type 2 receptor beta ","protein_coding",1,0,0.0147058823529412,3.51742827700439e-17,0.000930516611699877,"orchid","subnet"
"ENSG00000121742","GJB6","gap junction protein beta 6 ","protein_coding",5,3444.33333333333,0.000127730233746328,3.41108093525042e-14,0.00173493210838936,"springgreen","subnet"
"ENSG00000121743","GJA3","gap junction protein alpha 3 ","protein_coding",5,0.666666666666667,0.000113481615978212,5.21053112082626e-15,0.00172773114327316,"springgreen","subnet"
"ENSG00000121764","HCRTR1","hypocretin receptor 1 ","protein_coding",2,2470,8.03987779385753e-05,0,0.0014815357572864,"maroon1","subnet"
"ENSG00000122145","TBX22","T-box transcription factor 22 ","protein_coding",1,0,0.000109745390693591,1.58070864103175e-11,0.00065835201378155,"tomato","subnet"
"ENSG00000122188","LAX1","lymphocyte transmembrane adaptor 1 ","protein_coding",2,0,9.32748810745266e-05,4.53699547124994e-17,0.00149497764531065,"tomato","subnet"
"ENSG00000122477","LRRC39","leucine rich repeat containing 39 ","protein_coding",1,0,0.000165755014089176,1.40914666517562e-09,0.000670674952472719,"tomato","subnet"
"ENSG00000122585","NPY","neuropeptide Y ","protein_coding",8,4654.82738095238,0.000137741046831956,0.00124262320046792,0.00308158474556838,"tomato","subnet"
"ENSG00000122591","HYCC1","hyccin PI4KA lipid kinase complex subunit 1 ","protein_coding",3,5883.55143745143,0.000147688672278836,6.26496740616591e-10,0.00182428027157278,"tomato","subnet"
"ENSG00000122679","RAMP3","receptor activity modifying protein 3 ","protein_coding",3,220.690476190476,0.000148588410104012,0.000519875717918376,0.00166622209366427,"tomato","subnet"
"ENSG00000122707","RECK","reversion inducing cysteine rich protein with kazal motifs ","protein_coding",2,1888,9.3694368968425e-05,8.61653162144934e-17,0.00144481033399404,"saddlebrown","subnet"
"ENSG00000122756","CNTFR","ciliary neurotrophic factor receptor ","protein_coding",3,994,9.32748810745266e-05,7.53028689949875e-18,0.00213861651414448,"tomato","subnet"
"ENSG00000122852","SFTPA1","surfactant protein A1 ","protein_coding",3,18.5,0.00471698113207547,0,0.00191161922942565,"royalblue","subnet"
"ENSG00000122952","ZWINT","ZW10 interacting kinetochore protein ","protein_coding",8,187.416666666667,0.000162654521795706,1.34404144556459e-09,0.00220899433389394,"tomato","subnet"
"ENSG00000123453","SARDH","sarcosine dehydrogenase ","protein_coding",4,7.33333333333333,0.0263157894736842,0,0.00197918356554768,"cyan","subnet"
"ENSG00000123560","PLP1","proteolipid protein 1 ","protein_coding",3,410,0.00709219858156028,0,0.00214670390828268,"royalblue","subnet"
"ENSG00000123684","LPGAT1","lysophosphatidylglycerol acyltransferase 1 ","protein_coding",3,0,0.0357142857142857,0,0.00109078257498165,"mediumseagreen","subnet"
"ENSG00000123689","G0S2","G0/G1 switch 2 ","protein_coding",1,0,0.000123046634674542,1.46892229777968e-10,0.000647084069250258,"tomato","subnet"
"ENSG00000123838","C4BPA","complement component 4 binding protein alpha ","protein_coding",3,57714.6751537132,0.000197316495659037,9.15985316687963e-06,0.00173556676025063,"tomato","subnet"
"ENSG00000123975","CKS2","CDC28 protein kinase regulatory subunit 2 ","protein_coding",5,3455,0.000139958012596221,1.89886927570637e-11,0.00364493574987496,"tomato","subnet"
"ENSG00000124107","SLPI","secretory leukocyte peptidase inhibitor ","protein_coding",3,498,0.000174916914465629,0.000246239923826792,0.00168970750471324,"tomato","subnet"
"ENSG00000124134","KCNS1","potassium voltage-gated channel modifier subfamily S member 1 ","protein_coding",1,0,0.000119402985074627,1.06122608508769e-11,0.00080010079785407,"tomato","subnet"
"ENSG00000124491","F13A1","coagulation factor XIII A chain ","protein_coding",1,0,0.000152788388082506,1.71571960427178e-05,0.000851158286691783,"tomato","subnet"
"ENSG00000124557","BTN1A1","butyrophilin subfamily 1 member A1 ","protein_coding",2,879.402797202793,0.000150579731968077,1.16270688937384e-08,0.00109838531578463,"tomato","subnet"
"ENSG00000124688","MAD2L1BP","MAD2L1 binding protein ","protein_coding",2,34860,0.000158553987632789,2.91220673207097e-11,0.0012443871336059,"springgreen","subnet"
"ENSG00000124713","GNMT","glycine N-methyltransferase ","protein_coding",3,15,0.024390243902439,9.3371806145712e-17,0.0017492336751427,"cyan","subnet"
"ENSG00000125257","ABCC4","ATP binding cassette subfamily C member 4 (PEL blood group) ","protein_coding",4,932,9.44822373393802e-05,1.84599377940923e-17,0.00196958164893728,"maroon1","subnet"
"ENSG00000125414","MYH2","myosin heavy chain 2 ","protein_coding",4,0,0.000179888469149128,8.397538979462e-09,0.00184578592541537,"tomato","subnet"
"ENSG00000125505","MBOAT7","membrane bound acylglycerophosphatidylinositol O-acyltransferase MBOAT7 ","protein_coding",4,24,0.0384615384615385,0,0.00153558320012622,"mediumseagreen","subnet"
"ENSG00000125813","PAX1","paired box 1 ","protein_coding",1,0,0.000120163422254266,4.68340282277066e-06,0.000799337174088837,"tomato","subnet"
"ENSG00000125878","TCF15","transcription factor 15 ","protein_coding",1,0,0.000120163422254266,4.68340282276983e-06,0.000799337174088837,"tomato","subnet"
"ENSG00000125965","GDF5","growth differentiation factor 5 ","protein_coding",4,21837,0.000103082156478714,3.18075422794758e-18,0.0022010326291818,"saddlebrown","subnet"
"ENSG00000126231","PROZ","protein Z, vitamin K dependent plasma glycoprotein ","protein_coding",2,498,0.000179372197309417,1.87429505087503e-07,0.00152412323379371,"tomato","subnet"
"ENSG00000126453","BCL2L12","BCL2 like 12 ","protein_coding",1,0,0.000139431121026213,1.51394646602377e-06,0.000643746351664124,"gold","subnet"
"ENSG00000126759","CFP","complement factor properdin ","protein_coding",5,55389.6745395125,0.00019387359441644,0.000321004834531145,0.00276962993789447,"tomato","subnet"
"ENSG00000126787","DLGAP5","DLG associated protein 5 ","protein_coding",3,3450,0.000134498991257566,2.89610337361608e-12,0.00220821235718847,"tomato","subnet"
"ENSG00000126838","PZP","PZP alpha-2-macroglobulin like ","protein_coding",2,0,0.000149365197908887,8.16827203253587e-06,0.00100396663134204,"gold","subnet"
"ENSG00000127472","PLA2G5","phospholipase A2 group V ","protein_coding",5,0,0.000127356087620988,1.38084667889322e-05,0.00166804376191115,"tomato","subnet"
"ENSG00000127564","PKMYT1","protein kinase, membrane associated tyrosine/threonine 1 ","protein_coding",1,0,0.0001308386759126,2.61002081233514e-12,0.000871549397405115,"tomato","subnet"
"ENSG00000128271","ADORA2A","adenosine A2a receptor ","protein_coding",3,6330,8.71535645807913e-05,0,0.0020471239659168,"maroon1","subnet"
"ENSG00000128285","MCHR1","melanin concentrating hormone receptor 1 ","protein_coding",6,3444,0.00012122681537156,3.04787901141972e-05,0.00312415775490379,"tomato","subnet"
"ENSG00000128918","ALDH1A2","aldehyde dehydrogenase 1 family member A2 ","protein_coding",4,11987.5,9.0892564988184e-05,0,0.00220640290205246,"maroon1","subnet"
"ENSG00000129170","CSRP3","cysteine and glycine rich protein 3 ","protein_coding",3,1490,0.000161420500403551,9.02194379482815e-10,0.00220473989810762,"tomato","subnet"
"ENSG00000129244","ATP1B2","ATPase Na+/K+ transporting subunit beta 2 ","protein_coding",10,744,0.000151929504709815,1,0.0030577860798329,"tomato","subnet"
"ENSG00000129757","CDKN1C","cyclin dependent kinase inhibitor 1C ","protein_coding",1,0,0.000122925629993854,4.33772990436196e-13,0.000899538137683278,"tomato","subnet"
"ENSG00000130173","ANGPTL8","angiopoietin like 8 ","protein_coding",3,22898,0.000112372176649062,1.11393840904489e-15,0.00208570232795391,"springgreen","subnet"
"ENSG00000130226","DPP6","dipeptidyl peptidase like 6 ","protein_coding",6,3754.09724164722,0.00014009526478005,9.02118464275398e-09,0.00296686680117575,"tomato","subnet"
"ENSG00000130427","EPO","erythropoietin ","protein_coding",5,5224.92161531277,0.000146241591108511,0.00577405772632804,0.00218078370274224,"tomato","subnet"
"ENSG00000130649","CYP2E1","cytochrome P450 family 2 subfamily E member 1 ","protein_coding",6,2432.15476190476,0.000130770236694128,0.000173557782012258,0.00281007171631843,"tomato","subnet"
"ENSG00000131016","AKAP12","A-kinase anchoring protein 12 ","protein_coding",2,498,0.000149812734082397,1.26448833554438e-10,0.00163747593178166,"tomato","subnet"
"ENSG00000131096","PYY","peptide YY ","protein_coding",5,0,0.000128965695125097,0.000379396474598126,0.00181040218481909,"tomato","subnet"
"ENSG00000131471","AOC3","amine oxidase copper containing 3 ","protein_coding",3,1476,8.35910724734598e-05,0,0.00182497580750565,"maroon1","subnet"
"ENSG00000131477","RAMP2","receptor activity modifying protein 2 ","protein_coding",5,8104.60119047619,0.000149633398174473,0.000594535160557842,0.00265927912433603,"tomato","subnet"
"ENSG00000131480","AOC2","amine oxidase copper containing 2 ","protein_coding",3,1476,8.35910724734598e-05,0,0.00182497580750659,"maroon1","subnet"
"ENSG00000132031","MATN3","matrilin 3 ","protein_coding",1,0,0.000166002656042497,6.71259675698272e-06,0.000821385651070004,"tomato","subnet"
"ENSG00000132207","SLX1A","SLX1 homolog A, structure-specific endonuclease subunit ","protein_coding",2,498,0.000126023944549464,4.14092440547908e-13,0.00173619716997335,"tomato","subnet"
"ENSG00000132518","GUCY2D","guanylate cyclase 2D, retinal ","protein_coding",2,498,0.000102553584247769,1.77763180793024e-16,0.00172043722414071,"tomato","subnet"
"ENSG00000132563","REEP2","receptor accessory protein 2 ","protein_coding",4,994,0.00013412017167382,4.79201050410493e-09,0.00212470455181752,"tomato","subnet"
"ENSG00000132570","PCBD2","pterin-4 alpha-carbinolamine dehydratase 2 ","protein_coding",1,0,0.000130327121073895,1.55402614959218e-09,0.000932904340826563,"tomato","subnet"
"ENSG00000132622","HSPA12B","heat shock protein family A (Hsp70) member 12B ","protein_coding",1,0,0.00013941168269901,1.73807895742245e-11,0.000947837590933694,"tomato","subnet"
"ENSG00000132693","CRP","C-reactive protein ","protein_coding",4,63094.1014374515,0.000196889151407757,1.33783635071833e-06,0.00238823352339581,"tomato","subnet"
"ENSG00000132837","DMGDH","dimethylglycine dehydrogenase ","protein_coding",5,40.3333333333333,0.0294117647058824,1.38426943280833e-17,0.00252106389251935,"cyan","subnet"
"ENSG00000132840","BHMT2","betaine--homocysteine S-methyltransferase 2 ","protein_coding",2,0,0.0212765957446809,5.58761778989339e-17,0.00120560541514526,"cyan","subnet"
"ENSG00000132855","ANGPTL3","angiopoietin like 3 ","protein_coding",2,23244,0.000117605550982006,7.66909920257738e-15,0.00131850735252841,"springgreen","subnet"
"ENSG00000133055","MYBPH","myosin binding protein H ","protein_coding",3,0.333333333333333,0.025,2.94169146678796e-17,0.00147527715655921,"cyan","subnet"
"ENSG00000133687","TMTC1","transmembrane O-mannosyltransferase targeting cadherins 1 ","protein_coding",1,0,8.35282325425994e-05,3.93011646641681e-17,0.00083192877693606,"maroon1","subnet"
"ENSG00000133935","ERG28","ergosterol biosynthesis 28 homolog ","protein_coding",4,75,0.00423728813559322,0,0.00300908146237267,"royalblue","subnet"
"ENSG00000134138","MEIS2","Meis homeobox 2 ","protein_coding",8,2146.50000000001,0.000136184120931499,1.38490039084838e-12,0.00365715279030294,"springgreen","subnet"
"ENSG00000134207","SYT6","synaptotagmin 6 ","protein_coding",1,0,0.00015316281206923,1.97420127901043e-10,0.000840621799964995,"tomato","subnet"
"ENSG00000134258","VTCN1","V-set domain containing T cell activation inhibitor 1 ","protein_coding",1,0,8.9142449634516e-05,6.65438304984756e-17,0.000889095573013101,"tomato","subnet"
"ENSG00000134443","GRP","gastrin releasing peptide ","protein_coding",4,2474,0.00015098897780462,0.0204975484786027,0.00253628706897743,"tomato","subnet"
"ENSG00000134532","SOX5","SRY-box transcription factor 5 ","protein_coding",4,3941,0.000122488975992161,4.22001520645168e-08,0.00305743009501826,"tomato","subnet"
"ENSG00000134571","MYBPC3","myosin binding protein C3 ","protein_coding",4,7776,0.000175346308960196,6.31329523732204e-09,0.00226829956850425,"tomato","subnet"
"ENSG00000134709","HOOK1","hook microtubule tethering protein 1 ","protein_coding",4,278,0.00574712643678161,1.00817113944309e-17,0.00277284481890479,"royalblue","subnet"
"ENSG00000134873","CLDN10","claudin 10 ","protein_coding",7,0,0.000121787845573012,3.26791819504046e-13,0.00186532333194005,"springgreen","subnet"
"ENSG00000135298","ADGRB3","adhesion G protein-coupled receptor B3 ","protein_coding",1,0,0.000118581762124985,5.69690216374261e-14,0.000989794117165183,"tomato","subnet"
"ENSG00000136011","STAB2","stabilin 2 ","protein_coding",2,498,0.000126023944549464,4.14079188924277e-13,0.00173619716997335,"tomato","subnet"
"ENSG00000136026","CKAP4","cytoskeleton associated protein 4 ","protein_coding",2,0,0.00401606425702811,0,0.00133516121660137,"royalblue","subnet"
"ENSG00000136197","C7orf25","chromosome 7 open reading frame 25 ","protein_coding",1,0,0.000136314067611778,3.91397106298807e-07,0.000773695302433207,"tomato","subnet"
"ENSG00000136770","DNAJC1","DnaJ heat shock protein family (Hsp40) member C1 ","protein_coding",2,18,0.0151515151515152,1.2277651839764e-16,0.00179200060060631,"orchid","subnet"
"ENSG00000136944","LMX1B","LIM homeobox transcription factor 1 beta ","protein_coding",7,11456,0.000145518044237485,5.55187544687162e-12,0.0033925012026231,"springgreen","subnet"
"ENSG00000136960","ENPP2","ectonucleotide pyrophosphatase/phosphodiesterase 2 ","protein_coding",7,5339.05457516342,0.00014168319637291,1.91162376223523e-05,0.00272720566371583,"tomato","subnet"
"ENSG00000137070","IL11RA","interleukin 11 receptor subunit alpha ","protein_coding",2,0,8.9142449634516e-05,1.03325832694767e-16,0.00149191594017172,"tomato","subnet"
"ENSG00000137392","CLPS","colipase ","protein_coding",4,498,0.000116090085906664,1.15000390304424e-10,0.00191266679461328,"tomato","subnet"
"ENSG00000137726","FXYD6","FXYD domain containing ion transport regulator 6 ","protein_coding",2,0,0.000141262890238734,0.274904154728512,0.00077173395349704,"tomato","subnet"
"ENSG00000137731","FXYD2","FXYD domain containing ion transport regulator 2 ","protein_coding",7,0,0.000151860288534548,0.900340028660219,0.0020810394574972,"tomato","subnet"
"ENSG00000137766","UNC13C","unc-13 homolog C ","protein_coding",1,0,0.00381679389312977,0,0.000875926084365706,"royalblue","subnet"
"ENSG00000137804","NUSAP1","nucleolar and spindle associated protein 1 ","protein_coding",2,8658,0.00012012012012012,5.96508987165789e-14,0.00152457643769653,"tomato","subnet"
"ENSG00000137812","KNL1","kinetochore scaffold 1 ","protein_coding",7,112.25,0.000161576991436419,1.22468321597372e-09,0.00194624360860554,"tomato","subnet"
"ENSG00000138061","CYP1B1","cytochrome P450 family 1 subfamily B member 1 ","protein_coding",1,0,0.000121773015099854,2.058476831197e-05,0.000757960335611888,"tomato","subnet"
"ENSG00000138131","LOXL4","lysyl oxidase like 4 ","protein_coding",2,498,0.000140154169586545,6.33663915023073e-13,0.00162476178569382,"springgreen","subnet"
"ENSG00000138135","CH25H","cholesterol 25-hydroxylase ","protein_coding",1,0,0.00364963503649635,7.45734114953301e-17,0.00089134013068028,"royalblue","subnet"
"ENSG00000138180","CEP55","centrosomal protein 55 ","protein_coding",1,0,0.000107480653482373,1.37978215706028e-07,0.000761678962718822,"tomato","subnet"
"ENSG00000138347","MYPN","myopalladin ","protein_coding",3,1983,0.000165920026547204,2.04709314492057e-10,0.00210398419861691,"tomato","subnet"
"ENSG00000138356","AOX1","aldehyde oxidase 1 ","protein_coding",3,479.5,9.06947215672048e-05,0,0.00164917029726459,"maroon1","subnet"
"ENSG00000138449","SLC40A1","solute carrier family 40 member 1 ","protein_coding",2,994,0.00014883167137967,2.70070644750771e-06,0.00160479288168348,"gold","subnet"
"ENSG00000138622","HCN4","hyperpolarization activated cyclic nucleotide gated potassium channel 4 ","protein_coding",3,994,0.000112828613336342,1.55634378893038e-12,0.00209301680821857,"tomato","subnet"
"ENSG00000138678","GPAT3","glycerol-3-phosphate acyltransferase 3 ","protein_coding",2,0,0.5,9.07392789964129e-17,0.00167940213284092,"royalblue","subnet"
"ENSG00000138696","BMPR1B","bone morphogenetic protein receptor type 1B ","protein_coding",6,16265,9.87849451743554e-05,0,0.00280112450590337,"saddlebrown","subnet"
"ENSG00000138771","SHROOM3","shroom family member 3 ","protein_coding",1,0,0.000122249388753056,3.97922996888736e-08,0.000840722508441111,"tomato","subnet"
"ENSG00000138829","FBN2","fibrillin 2 ","protein_coding",2,91,8.9903802930864e-05,6.82267580952343e-17,0.00140558918042719,"saddlebrown","subnet"
"ENSG00000139055","ERP27","endoplasmic reticulum protein 27 ","protein_coding",1,0,0.00015124016938899,0.018019027636624,0.000741299387841776,"tomato","subnet"
"ENSG00000139438","FAM222A","family with sequence similarity 222 member A ","protein_coding",3,0,0.00012758356723654,5.47266628179948e-13,0.00142977351030014,"springgreen","subnet"
"ENSG00000139629","GALNT6","polypeptide N-acetylgalactosaminyltransferase 6 ","protein_coding",0,0,NA,1.56244809755501e-18,0.000251910319927463,"orchid","subnet"
"ENSG00000139631","CSAD","cysteine sulfinic acid decarboxylase ","protein_coding",3,0,0.000113546042920404,9.87154219489253e-07,0.00176201515689643,"tomato","subnet"
"ENSG00000139637","MYG1","MYG1 exonuclease ","protein_coding",2,0,0.000155545185876497,2.03472712744233e-05,0.00110678450122518,"tomato","subnet"
"ENSG00000139697","SBNO1","strawberry notch homolog 1 ","protein_coding",1,0,0.000146649068778413,0.000376214302243677,0.000943971413709355,"tomato","subnet"
"ENSG00000139874","SSTR1","somatostatin receptor 1 ","protein_coding",1,0,0.000114246544042043,3.95939461544734e-06,0.000728270077267038,"tomato","subnet"
"ENSG00000139973","SYT16","synaptotagmin 16 ","protein_coding",1,0,0.00421940928270042,5.93305602104547e-17,0.000985159354101442,"royalblue","subnet"
"ENSG00000140093","SERPINA10","serpin family A member 10 ","protein_coding",1,0,0.000164663263625885,2.57625748935029e-08,0.000899662694288805,"tomato","subnet"
"ENSG00000140465","CYP1A1","cytochrome P450 family 1 subfamily A member 1 ","protein_coding",4,995,0.000129634430904848,0.000149759601358223,0.00238141183851869,"tomato","subnet"
"ENSG00000140545","MFGE8","milk fat globule EGF and factor V/VIII domain containing ","protein_coding",6,8248.54983719982,0.000159923236846314,7.45403357471139e-08,0.00292700986672458,"tomato","subnet"
"ENSG00000140905","GCSH","glycine cleavage system protein H ","protein_coding",5,14.3333333333333,0.0303030303030303,0,0.00232443452596468,"cyan","subnet"
"ENSG00000141258","SGSM2","small G protein signaling modulator 2 ","protein_coding",1,0,0.00465116279069767,9.5720077966975e-17,0.000966686708181777,"royalblue","subnet"
"ENSG00000141433","ADCYAP1","adenylate cyclase activating polypeptide 1 ","protein_coding",2,0,0.000132766861391397,1.89642166262681e-05,0.00126823361764226,"tomato","subnet"
"ENSG00000141753","IGFBP4","insulin like growth factor binding protein 4 ","protein_coding",2,0,0.000135098621994056,0.000740820091029603,0.00113156998514703,"tomato","subnet"
"ENSG00000142303","ADAMTS10","ADAM metallopeptidase with thrombospondin type 1 motif 10 ","protein_coding",3,1492,8.9629828807027e-05,8.69228208939924e-17,0.00217142359731873,"saddlebrown","subnet"
"ENSG00000142515","KLK3","kallikrein related peptidase 3 ","protein_coding",1,0,0.000160487883164821,1.88987655164493e-05,0.000703844578966302,"gold","subnet"
"ENSG00000143179","UCK2","uridine-cytidine kinase 2 ","protein_coding",1,0,0.00011602274045713,1.87360550585004e-15,0.00104263553808927,"springgreen","subnet"
"ENSG00000143228","NUF2","NUF2 component of NDC80 kinetochore complex ","protein_coding",6,0,0.000161550888529887,1.13193795052774e-09,0.00169053617895321,"tomato","subnet"
"ENSG00000143556","S100A7","S100 calcium binding protein A7 ","protein_coding",3,3529.85866355867,0.000149097957357984,1.46897921252583e-07,0.0020585260546112,"tomato","subnet"
"ENSG00000143797","MBOAT2","membrane bound glycerophospholipid O-acyltransferase 2 ","protein_coding",7,5.83333333333333,0.0416666666666667,0,0.00203997329864638,"mediumseagreen","subnet"
"ENSG00000143801","PSEN2","presenilin 2 ","protein_coding",2,3838.87323232322,0.000147710487444609,1.67192338783674e-07,0.00120804723133248,"tomato","subnet"
"ENSG00000143995","MEIS1","Meis homeobox 1 ","protein_coding",8,1382.50000000001,0.00013598041881969,1.37888280486109e-12,0.00372251931303208,"springgreen","subnet"
"ENSG00000144230","GPR17","G protein-coupled receptor 17 ","protein_coding",3,0,0.000114403386340236,5.83473528088159e-06,0.00168484904259627,"tomato","subnet"
"ENSG00000144644","GADL1","glutamate decarboxylase like 1 ","protein_coding",3,0,0.000113546042920404,9.87154219487485e-07,0.00176201515689566,"tomato","subnet"
"ENSG00000144834","TAGLN3","transgelin 3 ","protein_coding",4,12169.9291504792,0.000169635284139101,7.17523162178288e-06,0.00244454498307385,"tomato","subnet"
"ENSG00000145020","AMT","aminomethyltransferase ","protein_coding",6,47,0.03125,3.74268254901012e-17,0.00289565486725064,"cyan","subnet"
"ENSG00000145040","UCN2","urocortin 2 ","protein_coding",2,0,7.4487895716946e-05,1.03914001980749e-17,0.00149969076239461,"maroon1","subnet"
"ENSG00000145692","BHMT","betaine--homocysteine S-methyltransferase ","protein_coding",3,15,0.0217391304347826,6.84329268673648e-17,0.00185334435349513,"cyan","subnet"
"ENSG00000145708","CRHBP","corticotropin releasing hormone binding protein ","protein_coding",2,498,7.44934445768772e-05,7.36211630211361e-17,0.00168523829403396,"maroon1","subnet"
"ENSG00000146054","TRIM7","tripartite motif containing 7 ","protein_coding",1,0,0.000130582397492818,2.28611735548738e-07,0.000748727364693505,"gold","subnet"
"ENSG00000146469","VIP","vasoactive intestinal peptide ","protein_coding",7,8272.74404761905,0.000136202669572324,0.000233332307172457,0.00382318827272803,"tomato","subnet"
"ENSG00000146678","IGFBP1","insulin like growth factor binding protein 1 ","protein_coding",4,994.5,0.000135153399107988,0.000857124655891867,0.002219579741382,"tomato","subnet"
"ENSG00000147533","GOLGA7","golgin A7 ","protein_coding",8,994,0.0001634521085322,2.01797404796315e-08,0.00264032794457994,"tomato","subnet"
"ENSG00000147872","PLIN2","perilipin 2 ","protein_coding",5,4423.18307433306,0.000150285542530809,1.00496467563938e-08,0.00254008979258195,"tomato","subnet"
"ENSG00000148677","ANKRD1","ankyrin repeat domain 1 ","protein_coding",2,994,0.000153350713080816,2.86903226420432e-11,0.00161473290661085,"tomato","subnet"
"ENSG00000148773","MKI67","marker of proliferation Ki-67 ","protein_coding",2,17940,0.00015316281206923,1.38549680213444e-10,0.00105042067859423,"tomato","subnet"
"ENSG00000148926","ADM","adrenomedullin ","protein_coding",5,9988.67261904763,0.000159693388693708,0.00303451927621324,0.00271999182031441,"tomato","subnet"
"ENSG00000149679","CABLES2","Cdk5 and Abl enzyme substrate 2 ","protein_coding",1,0,0.000119146908137734,1.65055599423586e-05,0.000875816831763334,"tomato","subnet"
"ENSG00000150873","CIMIP5","ciliary microtubule inner protein 5 ","protein_coding",2,0,0.000146627565982405,6.0615032308949e-10,0.00130774691593846,"tomato","subnet"
"ENSG00000151388","ADAMTS12","ADAM metallopeptidase with thrombospondin type 1 motif 12 ","protein_coding",3,995,0.000166112956810631,6.97620049548568e-06,0.00241086790021534,"tomato","subnet"
"ENSG00000152213","ARL11","ARF like GTPase 11 ","protein_coding",1,0,0.000140114894213255,6.21619483317002e-13,0.000823692818674164,"springgreen","subnet"
"ENSG00000152253","SPC25","SPC25 component of NDC80 kinetochore complex ","protein_coding",7,150,0.000161576991436419,1.2019818983921e-09,0.00196250960759723,"tomato","subnet"
"ENSG00000152270","PDE3B","phosphodiesterase 3B ","protein_coding",3,995,0.000106394297265667,1.23934465713165e-15,0.0027323204573227,"tomato","subnet"
"ENSG00000152583","SPARCL1","SPARC like 1 ","protein_coding",1,0,0.000148787382829936,1.21476051565336e-10,0.000886771440264634,"tomato","subnet"
"ENSG00000152669","CCNO","cyclin O ","protein_coding",3,498,0.000130924325739722,3.10246037332217e-12,0.00228316266138255,"tomato","subnet"
"ENSG00000152683","SLC30A6","solute carrier family 30 member 6 ","protein_coding",1,0,0.0166666666666667,0,0.000857384101221504,"orchid","subnet"
"ENSG00000152932","RAB3C","RAB3C, member RAS oncogene family ","protein_coding",2,36,0.00387596899224806,0,0.00153765314162447,"royalblue","subnet"
"ENSG00000152939","MARVELD2","MARVEL domain containing 2 ","protein_coding",3,145.333333333332,0.00012853470437018,1.27483900343422e-13,0.00103475757615546,"springgreen","subnet"
"ENSG00000153162","BMP6","bone morphogenetic protein 6 ","protein_coding",3,0,9.42329438371655e-05,5.22748185225808e-17,0.00147989423510347,"saddlebrown","subnet"
"ENSG00000153208","MERTK","MER proto-oncogene, tyrosine kinase ","protein_coding",3,4228.2257858699,0.000169750466813784,2.32429507127537e-07,0.00154113643604824,"tomato","subnet"
"ENSG00000153246","PLA2R1","phospholipase A2 receptor 1 ","protein_coding",3,0,0.000127323656735421,9.69494128265095e-06,0.00110121265730816,"tomato","subnet"
"ENSG00000153395","LPCAT1","lysophosphatidylcholine acyltransferase 1 ","protein_coding",5,8.33333333333333,0.0384615384615385,0,0.00176297967095394,"mediumseagreen","subnet"
"ENSG00000153982","GDPD1","glycerophosphodiester phosphodiesterase domain containing 1 ","protein_coding",2,498,0.000162946064852534,3.89413494670215e-09,0.00164855976762344,"tomato","subnet"
"ENSG00000154133","ROBO4","roundabout guidance receptor 4 ","protein_coding",2,60,0.0172413793103448,3.65179742212688e-17,0.00142856371195425,"orchid","subnet"
"ENSG00000154134","ROBO3","roundabout guidance receptor 3 ","protein_coding",3,8.5,0.0117647058823529,1.09715194139008e-17,0.00191059985609992,"orchid","subnet"
"ENSG00000154269","ENPP3","ectonucleotide pyrophosphatase/phosphodiesterase 3 ","protein_coding",5,6701.36062091498,0.000148610491900728,7.21851511465571e-06,0.00232243190997191,"tomato","subnet"
"ENSG00000154839","SKA1","spindle and kinetochore associated complex subunit 1 ","protein_coding",5,0,0.000151584053357587,6.33405382736135e-10,0.00151612735732732,"tomato","subnet"
"ENSG00000154920","EME1","essential meiotic structure-specific endonuclease 1 ","protein_coding",1,0,0.000118581762124985,5.69727560616235e-14,0.000989794117165183,"tomato","subnet"
"ENSG00000155189","AGPAT5","1-acylglycerol-3-phosphate O-acyltransferase 5 ","protein_coding",6,0,0.037037037037037,0,0.00175269434579283,"mediumseagreen","subnet"
"ENSG00000155957","TMBIM4","transmembrane BAX inhibitor motif containing 4 ","protein_coding",4,4742.87323232322,0.000157878118092832,1.18974966089335e-06,0.0025056217112188,"tomato","subnet"
"ENSG00000156150","ALX3","ALX homeobox 3 ","protein_coding",1,0,0.000120062432464882,2.00085583949153e-14,0.000803343540315721,"yellowgreen","subnet"
"ENSG00000156599","ZDHHC5","zinc finger DHHC-type palmitoyltransferase 5 ","protein_coding",2,0,0.000151171579743008,3.21576029096787e-09,0.000925991589631002,"tomato","subnet"
"ENSG00000157064","NMNAT2","nicotinamide nucleotide adenylyltransferase 2 ","protein_coding",3,5368,0.000138811771238201,2.02419209559759e-06,0.00163034935783145,"tomato","subnet"
"ENSG00000158006","PAFAH2","platelet activating factor acetylhydrolase 2 ","protein_coding",3,0,0.0277777777777778,0,0.00116973278315637,"mediumseagreen","subnet"
"ENSG00000158445","KCNB1","potassium voltage-gated channel subfamily B member 1 ","protein_coding",6,3459,0.000126951885235496,7.72071155010421e-11,0.00386957984419735,"tomato","subnet"
"ENSG00000158710","TAGLN2","transgelin 2 ","protein_coding",2,0,0.000157158573000157,1.14978405440878e-06,0.00130382074246251,"tomato","subnet"
"ENSG00000159184","HOXB13","homeobox B13 ","protein_coding",2,0,0.000127567291746396,3.79902522465609e-13,0.00103600048090627,"springgreen","subnet"
"ENSG00000159197","KCNE2","potassium voltage-gated channel subfamily E regulatory subunit 2 ","protein_coding",2,1488,0.000119488588839766,1.08261812697585e-11,0.00139312222684933,"tomato","subnet"
"ENSG00000159339","PADI4","peptidyl arginine deiminase 4 ","protein_coding",1,0,0.000172324659658797,0.000124060006469721,0.000676807145741609,"tomato","subnet"
"ENSG00000159556","ISL2","ISL LIM homeobox 2 ","protein_coding",2,0,0.000145011600928074,4.87764304407277e-12,0.00110409823273768,"springgreen","subnet"
"ENSG00000160180","TFF3","trefoil factor 3 ","protein_coding",3,3996.88007809184,0.000149678191887442,7.9145692719027e-08,0.00199644921080648,"tomato","subnet"
"ENSG00000160182","TFF1","trefoil factor 1 ","protein_coding",4,4134.01341142517,0.000152415790275873,1.33359109747714e-08,0.00265976135370017,"tomato","subnet"
"ENSG00000160216","AGPAT3","1-acylglycerol-3-phosphate O-acyltransferase 3 ","protein_coding",7,4,0.0416666666666667,0,0.00207530305609117,"mediumseagreen","subnet"
"ENSG00000160307","S100B","S100 calcium binding protein B ","protein_coding",6,7801,0.000108049702863317,1.32955341601933e-15,0.00446749542392667,"tomato","subnet"
"ENSG00000160325","CACFD1","calcium channel flower domain containing 1 ","protein_coding",1,0,0.00404858299595142,1.0022858038212e-16,0.000967912772674313,"royalblue","subnet"
"ENSG00000160688","FLAD1","flavin adenine dinucleotide synthetase 1 ","protein_coding",4,2967,0.000138619351261436,2.0657783608284e-06,0.0022014874224676,"tomato","subnet"
"ENSG00000160868","CYP3A4","cytochrome P450 family 3 subfamily A member 4 ","protein_coding",5,4850.77875816991,0.000137835975189524,0.000874813154159575,0.00260514973474864,"tomato","subnet"
"ENSG00000160870","CYP3A7","cytochrome P450 family 3 subfamily A member 7 ","protein_coding",1,0,0.000121743364986608,2.0188369579331e-05,0.000739705087843098,"tomato","subnet"
"ENSG00000161888","SPC24","SPC24 component of NDC80 kinetochore complex ","protein_coding",8,262.749999999999,0.000161603102779573,1.29472693985465e-09,0.00221772540655975,"tomato","subnet"
"ENSG00000161905","ALOX15","arachidonate 15-lipoxygenase ","protein_coding",4,498,9.05059281382931e-05,6.47531127382425e-17,0.00213728944843875,"maroon1","subnet"
"ENSG00000162063","CCNF","cyclin F ","protein_coding",2,9120,0.000127177921912756,4.25263650408454e-13,0.00146175802139596,"tomato","subnet"
"ENSG00000162377","COA7","cytochrome c oxidase assembly factor 7 ","protein_coding",1,0,7.18287602355983e-05,8.51113193264361e-17,0.00096813659489004,"maroon1","subnet"
"ENSG00000162688","AGL","amylo-alpha-1,6-glucosidase and 4-alpha-glucanotransferase ","protein_coding",3,498,0.000130650640188137,2.76407108558858e-07,0.00197498484537661,"gold","subnet"
"ENSG00000162813","BPNT1","3'(2'), 5'-bisphosphate nucleotidase 1 ","protein_coding",2,0,0.00012187690432663,4.73214251271135e-08,0.00136408817695554,"tomato","subnet"
"ENSG00000162894","FCMR","Fc mu receptor ","protein_coding",1,0,0.000133067198935462,5.52579098372521e-13,0.00101860405033583,"tomato","subnet"
"ENSG00000162975","KCNF1","potassium voltage-gated channel modifier subfamily F member 1 ","protein_coding",1,0,0.000119402985074627,1.0612267369665e-11,0.00080010079785407,"tomato","subnet"
"ENSG00000163093","BBS5","Bardet-Biedl syndrome 5 ","protein_coding",3,0,0.000121124031007752,2.83271752919513e-05,0.00163560246809226,"tomato","subnet"
"ENSG00000163131","CTSS","cathepsin S ","protein_coding",3,6055.69825991003,0.00016675004168751,0.000124975536293261,0.0018857130493629,"tomato","subnet"
"ENSG00000163132","MSX1","msh homeobox 1 ","protein_coding",4,3194,0.000127877237851662,1.53238986819924e-13,0.00242203027276998,"yellowgreen","subnet"
"ENSG00000163191","S100A11","S100 calcium binding protein A11 ","protein_coding",1,0,0.000102532554085922,9.42004552066633e-17,0.000884805504982632,"tomato","subnet"
"ENSG00000163472","TMEM79","transmembrane protein 79 ","protein_coding",2,38,0.00469483568075117,8.18948546280068e-17,0.00159166189584655,"royalblue","subnet"
"ENSG00000163683","SMIM14","small integral membrane protein 14 ","protein_coding",1,0,0.000160901045856798,3.38461890600148e-05,0.000730660779595298,"tomato","subnet"
"ENSG00000163788","SNRK","SNF related kinase ","protein_coding",1,0,0.000153421294875729,9.58893250279691e-07,0.000934989558320788,"tomato","subnet"
"ENSG00000163814","CDCP1","CUB domain containing protein 1 ","protein_coding",1,0,9.3257483913084e-05,0,0.00085779239222501,"tomato","subnet"
"ENSG00000163993","S100P","S100 calcium binding protein P ","protein_coding",2,8194,0.000113778586869951,8.3400298640068e-15,0.00153275049100384,"tomato","subnet"
"ENSG00000164007","CLDN19","claudin 19 ","protein_coding",7,0,0.000121787845573012,3.26567836077381e-13,0.00186532333194064,"springgreen","subnet"
"ENSG00000164047","CAMP","cathelicidin antimicrobial peptide ","protein_coding",5,31110.9297738208,0.000181028240405503,0.00318119607021927,0.00251162761834897,"tomato","subnet"
"ENSG00000164128","NPY1R","neuropeptide Y receptor Y1 ","protein_coding",5,0,0.000128965695125097,0.000379396474598173,0.00181040218481844,"tomato","subnet"
"ENSG00000164129","NPY5R","neuropeptide Y receptor Y5 ","protein_coding",5,0,0.000128965695125097,0.000379396474598116,0.00181040218481703,"tomato","subnet"
"ENSG00000164142","FHIP1A","FHF complex subunit HOOK interacting protein 1A ","protein_coding",1,0,0.00471698113207547,1.42354771818945e-17,0.000841139843943845,"royalblue","subnet"
"ENSG00000164266","SPINK1","serine peptidase inhibitor Kazal type 1 ","protein_coding",3,0,0.000149409831166891,9.49549229662978e-06,0.00142454801657731,"gold","subnet"
"ENSG00000164309","CMYA5","cardiomyopathy associated 5 ","protein_coding",1,0,0.000165700082850041,1.96898110637645e-10,0.000696889413535936,"tomato","subnet"
"ENSG00000164330","EBF1","EBF transcription factor 1 ","protein_coding",2,994,0.000113584734211722,3.22336873018429e-15,0.0016613026316525,"yellowgreen","subnet"
"ENSG00000164334","FAM170A","family with sequence similarity 170 member A ","protein_coding",3,0,0.000150625094140684,5.79630471067584e-10,0.000955713675382288,"tomato","subnet"
"ENSG00000164588","HCN1","hyperpolarization activated cyclic nucleotide gated potassium channel 1 ","protein_coding",2,0,0.000106837606837607,2.4805135584394e-13,0.00146944651986011,"tomato","subnet"
"ENSG00000164687","FABP5","fatty acid binding protein 5 ","protein_coding",3,7320.26862211863,0.000159413358839471,1.02625655640418e-06,0.0018938502452622,"tomato","subnet"
"ENSG00000164818","DNAAF5","dynein axonemal assembly factor 5 ","protein_coding",1,0,0.000126566257435768,4.17037436178811e-13,0.000813813035374936,"tomato","subnet"
"ENSG00000165092","ALDH1A1","aldehyde dehydrogenase 1 family member A1 ","protein_coding",6,14120,9.4732853353543e-05,0,0.0029117459418258,"maroon1","subnet"
"ENSG00000165215","CLDN3","claudin 3 ","protein_coding",8,2.83333333333333,0.000121802679658953,3.4172404794837e-13,0.00215593960916181,"springgreen","subnet"
"ENSG00000165304","MELK","maternal embryonic leucine zipper kinase ","protein_coding",1,0,0.000126055716626749,3.98069495934575e-13,0.000877570487796718,"tomato","subnet"
"ENSG00000165389","SPTSSA","serine palmitoyltransferase small subunit A ","protein_coding",6,0,0.000163398692810458,1.94025421933681e-08,0.00186899556569906,"tomato","subnet"
"ENSG00000165474","GJB2","gap junction protein beta 2 ","protein_coding",7,577.666666666667,0.000120221207020918,1.02134109398486e-14,0.00234778611392421,"springgreen","subnet"
"ENSG00000165478","HEPACAM","hepatic and glial cell adhesion molecule ","protein_coding",1,0,0.000176803394625177,4.41227813501996e-05,0.000722747409368736,"tomato","subnet"
"ENSG00000165480","SKA3","spindle and kinetochore associated complex subunit 3 ","protein_coding",5,0,0.000151584053357587,6.33405457397278e-10,0.00151612735732673,"tomato","subnet"
"ENSG00000165644","COMTD1","catechol-O-methyltransferase domain containing 1 ","protein_coding",1,0,0.0119047619047619,3.28200067848311e-17,0.00101351057518404,"orchid","subnet"
"ENSG00000165810","BTNL9","butyrophilin like 9 ","protein_coding",3,1109.65041625042,0.000150670483652253,1.2377419848555e-08,0.00156705525890971,"tomato","subnet"
"ENSG00000165887","ANKRD2","ankyrin repeat domain 2 ","protein_coding",2,498,0.000142511044605957,4.01959078963744e-12,0.00180398524802178,"tomato","subnet"
"ENSG00000165914","TTC7B","tetratricopeptide repeat domain 7B ","protein_coding",3,6687.99588189586,0.000156936597614564,3.78340600939293e-09,0.00190220183199868,"tomato","subnet"
"ENSG00000166148","AVPR1A","arginine vasopressin receptor 1A ","protein_coding",4,1490,0.000127648710748021,3.42174683645357e-05,0.00257829107008861,"tomato","subnet"
"ENSG00000166224","SGPL1","sphingosine-1-phosphate lyase 1 ","protein_coding",2,13,0.027027027027027,9.47846532110453e-17,0.00124046265658287,"mediumseagreen","subnet"
"ENSG00000166228","PCBD1","pterin-4 alpha-carbinolamine dehydratase 1 ","protein_coding",3,995,0.000139372822299652,1.13059481599945e-08,0.00240350830906004,"tomato","subnet"
"ENSG00000166803","PCLAF","PCNA clamp associated factor ","protein_coding",1,0,0.000129651238169325,5.20072219913373e-08,0.00101579322136842,"gold","subnet"
"ENSG00000166819","PLIN1","perilipin 1 ","protein_coding",2,1956,0.000139879703455029,3.24251184551785e-09,0.00112734771150223,"tomato","subnet"
"ENSG00000166856","GPR182","G protein-coupled receptor 182 ","protein_coding",1,0,0.00014792899408284,0.000417100978317425,0.000714308929379927,"tomato","subnet"
"ENSG00000167220","HDHD2","haloacid dehalogenase like hydrolase domain containing 2 ","protein_coding",0,0,NA,1.56244809755501e-18,0.000251910319927463,"tomato","subnet"
"ENSG00000167244","IGF2","insulin like growth factor 2 ","protein_coding",6,2961,0.000144780657304184,0.00453253627346905,0.00287999273065865,"tomato","subnet"
"ENSG00000167325","RRM1","ribonucleotide reductase catalytic subunit M1 ","protein_coding",2,0,0.000126582278481013,4.83519865864304e-13,0.00141532701804232,"tomato","subnet"
"ENSG00000167701","GPT","glutamic--pyruvic transaminase ","protein_coding",1,0,7.17566016073479e-05,5.01175911494079e-17,0.00100381311616306,"maroon1","subnet"
"ENSG00000167711","SERPINF2","serpin family F member 2 ","protein_coding",3,995,0.000165371258475277,0.000124823111964697,0.00211499282387751,"tomato","subnet"
"ENSG00000167751","KLK2","kallikrein related peptidase 2 ","protein_coding",1,0,0.000160487883164821,1.88987655164451e-05,0.000703844578966302,"gold","subnet"
"ENSG00000167772","ANGPTL4","angiopoietin like 4 ","protein_coding",3,24083,0.000123319768158836,5.35227063301263e-14,0.00167875778711109,"springgreen","subnet"
"ENSG00000167779","IGFBP6","insulin like growth factor binding protein 6 ","protein_coding",3,1.5,0.000135116876097825,0.000842368563556721,0.00160534127913562,"tomato","subnet"
"ENSG00000168000","BSCL2","BSCL2 lipid droplet biogenesis associated, seipin ","protein_coding",3,234,0.00578034682080925,0,0.00215320756526589,"royalblue","subnet"
"ENSG00000168237","GLYCTK","glycerate kinase ","protein_coding",1,0,0.000140114894213255,6.21622618501685e-13,0.000823692818674164,"springgreen","subnet"
"ENSG00000168476","REEP4","receptor accessory protein 4 ","protein_coding",2,0,0.000125738714950333,7.63635122691249e-10,0.00122332180380341,"tomato","subnet"
"ENSG00000168484","SFTPC","surfactant protein C ","protein_coding",4,176,0.00564971751412429,0,0.0025912467958039,"royalblue","subnet"
"ENSG00000168509","HJV","hemojuvelin BMP co-receptor ","protein_coding",6,1992,9.85221674876847e-05,1.8003387916997e-17,0.0029480261798268,"saddlebrown","subnet"
"ENSG00000168530","MYL1","myosin light chain 1 ","protein_coding",5,56550,0.000185701021355617,8.57064355408517e-09,0.00229315771639068,"tomato","subnet"
"ENSG00000168539","CHRM1","cholinergic receptor muscarinic 1 ","protein_coding",1,0,0.000108260257659413,8.2955427023105e-07,0.000751774090549226,"tomato","subnet"
"ENSG00000168701","TMEM208","transmembrane protein 208 ","protein_coding",4,209,0.00606060606060606,3.33870756727467e-17,0.00311179550953321,"royalblue","subnet"
"ENSG00000168772","CXXC4","CXXC finger protein 4 ","protein_coding",2,498,0.000103755965968043,1.1850254061259e-10,0.00183756645467865,"tomato","subnet"
"ENSG00000168903","BTNL3","butyrophilin like 3 ","protein_coding",3,1109.65041625042,0.000150670483652253,1.23774198918447e-08,0.00156705525890971,"tomato","subnet"
"ENSG00000168925","CTRB1","chymotrypsinogen B1 ","protein_coding",7,3881.5,0.00016134236850597,2.97131632681304e-05,0.00309670245876865,"gold","subnet"
"ENSG00000168928","CTRB2","chymotrypsinogen B2 ","protein_coding",7,3881.5,0.00016134236850597,2.97131632681263e-05,0.00309670245877021,"gold","subnet"
"ENSG00000169213","RAB3B","RAB3B, member RAS oncogene family ","protein_coding",2,36,0.00387596899224806,0,0.00153765314162297,"royalblue","subnet"
"ENSG00000169397","RNASE3","ribonuclease A family member 3 ","protein_coding",2,0.5,0.00016116035455278,0.000105511152466448,0.00110105224781246,"tomato","subnet"
"ENSG00000169562","GJB1","gap junction protein beta 1 ","protein_coding",7,577.666666666667,0.000120221207020918,1.02472417699178e-14,0.00234778611392715,"springgreen","subnet"
"ENSG00000169679","BUB1","BUB1 mitotic checkpoint serine/threonine kinase ","protein_coding",9,61321.6666666666,0.000175346308960196,1.44945693082901e-09,0.00279304173051773,"tomato","subnet"
"ENSG00000169692","AGPAT2","1-acylglycerol-3-phosphate O-acyltransferase 2 ","protein_coding",6,0,0.037037037037037,0,0.00175269434579099,"mediumseagreen","subnet"
"ENSG00000170017","ALCAM","activated leukocyte cell adhesion molecule ","protein_coding",3,4430,0.000102722136620442,5.73147389764851e-17,0.00210926522235357,"tomato","subnet"
"ENSG00000170271","FAXDC2","fatty acid hydroxylase domain containing 2 ","protein_coding",1,0,0.00364963503649635,8.40596598778917e-17,0.00089134013068028,"royalblue","subnet"
"ENSG00000170323","FABP4","fatty acid binding protein 4 ","protein_coding",2,4106.19873089873,0.000149409831166891,1.44156715117024e-07,0.0012687648650026,"tomato","subnet"
"ENSG00000170340","B3GNT2","UDP-GlcNAc:betaGal beta-1,3-N-acetylglucosaminyltransferase 2 ","protein_coding",3,34,0.0181818181818182,0,0.00221665943609567,"orchid","subnet"
"ENSG00000170373","CST1","cystatin SN ","protein_coding",1,0,0.000144592249855408,2.46147517892533e-06,0.000819984424252995,"tomato","subnet"
"ENSG00000170412","GPRC5C","G protein-coupled receptor class C group 5 member C ","protein_coding",1,0,0.0147058823529412,2.71343732469727e-17,0.000930516611699877,"orchid","subnet"
"ENSG00000170498","KISS1","KiSS-1 metastasis suppressor ","protein_coding",2,498,0.000136612021857923,0.000939675035831217,0.00132932109534955,"tomato","subnet"
"ENSG00000170745","KCNS3","potassium voltage-gated channel modifier subfamily S member 3 ","protein_coding",2,0,0.000126839167935058,7.20515618830589e-11,0.0012529377832878,"tomato","subnet"
"ENSG00000170890","PLA2G1B","phospholipase A2 group IB ","protein_coding",6,392.5,0.000134066228716986,1.61185127459992e-05,0.00199950822409535,"tomato","subnet"
"ENSG00000170989","S1PR1","sphingosine-1-phosphate receptor 1 ","protein_coding",1,0,0.000158780565258812,2.01578686267666e-05,0.000774695896665611,"tomato","subnet"
"ENSG00000171126","KCNG3","potassium voltage-gated channel modifier subfamily G member 3 ","protein_coding",1,0,0.000119402985074627,1.06122643272651e-11,0.00080010079785407,"tomato","subnet"
"ENSG00000171155","C1GALT1C1","C1GALT1 specific chaperone 1 ","protein_coding",2,18,0.0140845070422535,8.54518524462617e-17,0.00171285729747023,"orchid","subnet"
"ENSG00000171195","MUC7","mucin 7, secreted ","protein_coding",1,0,0.000136314067611778,3.91397106322319e-07,0.000773695302433207,"tomato","subnet"
"ENSG00000171201","SMR3B","submaxillary gland androgen regulated protein 3B ","protein_coding",0,0,NA,1.56244809755501e-18,0.000251910319927463,"tomato","subnet"
"ENSG00000171224","FAM241B","family with sequence similarity 241 member B ","protein_coding",2,38,0.00497512437810945,1.11760990970469e-16,0.00176483857164965,"royalblue","subnet"
"ENSG00000171234","UGT2B7","UDP glucuronosyltransferase family 2 member B7 ","protein_coding",1,0,0.000128982329420869,0.00012024488534478,0.000694785774834083,"tomato","subnet"
"ENSG00000171302","CANT1","calcium activated nucleotidase 1 ","protein_coding",1,0,9.35979034069637e-05,7.18711468404473e-17,0.000829573648087064,"saddlebrown","subnet"
"ENSG00000171517","LPAR3","lysophosphatidic acid receptor 3 ","protein_coding",5,995,0.000114429568600526,6.03522541136903e-06,0.00294037512131047,"tomato","subnet"
"ENSG00000171596","NMUR1","neuromedin U receptor 1 ","protein_coding",4,994,0.000114429568600526,5.93521763807242e-06,0.00230816911421563,"tomato","subnet"
"ENSG00000171798","KNDC1","kinase non-catalytic C-lobe domain containing 1 ","protein_coding",1,0,0.000101040719409922,2.57112503544527e-16,0.00102606778283412,"tomato","subnet"
"ENSG00000171848","RRM2","ribonucleotide reductase regulatory subunit M2 ","protein_coding",5,11010,0.000135080372821829,3.03419921791046e-12,0.00330531009087204,"tomato","subnet"
"ENSG00000172057","ORMDL3","ORMDL sphingolipid biosynthesis regulator 3 ","protein_coding",6,0,0.000163398692810458,1.94025422886996e-08,0.00186899556569658,"tomato","subnet"
"ENSG00000172113","NME6","NME/NM23 nucleoside diphosphate kinase 6 ","protein_coding",2,0,0.000166140554909453,0.000467390938909353,0.00137628162795116,"tomato","subnet"
"ENSG00000172179","PRL","prolactin ","protein_coding",6,17946.8680438843,0.000154631204577084,0.0230890652335594,0.00256811805505943,"tomato","subnet"
"ENSG00000172232","AZU1","azurocidin 1 ","protein_coding",4,248,0.000175100682892663,0.000380150428390896,0.00196148987319333,"tomato","subnet"
"ENSG00000172296","SPTLC3","serine palmitoyltransferase long chain base subunit 3 ","protein_coding",6,0,0.000163398692810458,1.94025422721488e-08,0.00186899556569567,"tomato","subnet"
"ENSG00000172572","PDE3A","phosphodiesterase 3A ","protein_coding",2,1488,0.000112296462661426,8.10994410567216e-15,0.00173198801547878,"tomato","subnet"
"ENSG00000172954","LCLAT1","lysocardiolipin acyltransferase 1 ","protein_coding",10,39.1666666666667,0.0526315789473684,0,0.0029702832986663,"mediumseagreen","subnet"
"ENSG00000173482","PTPRM","protein tyrosine phosphatase receptor type M ","protein_coding",1,0,0.000140429714927679,0.00281743061925848,0.000790871322084374,"tomato","subnet"
"ENSG00000173486","FKBP2","FKBP prolyl isomerase 2 ","protein_coding",1,0,0.000161108425970678,5.32586863732528e-05,0.00068423564975964,"tomato","subnet"
"ENSG00000174013","FBXO45","F-box protein 45 ","protein_coding",3,4899,0.000130174433741213,2.89499441388952e-07,0.00207816066534527,"tomato","subnet"
"ENSG00000174483","BBS1","Bardet-Biedl syndrome 1 ","protein_coding",5,5855,0.000128733264675592,0.000146803220778832,0.00273378456204619,"tomato","subnet"
"ENSG00000174697","LEP","leptin ","protein_coding",9,13268.8273809524,0.000146541617819461,0.0067072226475153,0.00405603272954134,"tomato","subnet"
"ENSG00000174946","GPR171","G protein-coupled receptor 171 ","protein_coding",2,498,0.00012758356723654,3.26896176891822e-05,0.00145640451213188,"tomato","subnet"
"ENSG00000175283","DOLK","dolichol kinase ","protein_coding",1,0,0.000126566257435768,2.05019886872488e-11,0.000728326407774971,"tomato","subnet"
"ENSG00000175315","CST6","cystatin E/M ","protein_coding",1,0,0.000133600534402138,3.37292999729986e-07,0.00099422100903704,"tomato","subnet"
"ENSG00000175497","DPP10","dipeptidyl peptidase like 10 ","protein_coding",2,0,0.000135226504394861,1.58419282053302e-09,0.00108643499778745,"tomato","subnet"
"ENSG00000175535","PNLIP","pancreatic lipase ","protein_coding",5,330.000000000002,0.000123152709359606,2.7361666449353e-10,0.00215913188818384,"tomato","subnet"
"ENSG00000175697","GPR156","G protein-coupled receptor 156 ","protein_coding",2,0,0.000139275766016713,0.00015317809028385,0.00117608403093436,"tomato","subnet"
"ENSG00000176194","CIDEA","cell death inducing DFFA like effector a ","protein_coding",4,520.977777777778,0.000144425187752744,5.45899975476803e-09,0.002205505614717,"tomato","subnet"
"ENSG00000176358","TAC4","tachykinin precursor 4 ","protein_coding",1,0,0.000150761344791196,0.0191922296175056,0.000667204651975214,"tomato","subnet"
"ENSG00000176383","B3GNT4","UDP-GlcNAc:betaGal beta-1,3-N-acetylglucosaminyltransferase 4 ","protein_coding",2,0,0.0175438596491228,0,0.00148543760811543,"orchid","subnet"
"ENSG00000176406","RIMS2","regulating synaptic membrane exocytosis 2 ","protein_coding",5,207.5,0.00446428571428571,7.58864890723551e-17,0.00367068096729119,"royalblue","subnet"
"ENSG00000176454","LPCAT4","lysophosphatidylcholine acyltransferase 4 ","protein_coding",6,14.6666666666667,0.04,0,0.00202370562781495,"mediumseagreen","subnet"
"ENSG00000176485","PLAAT3","phospholipase A and acyltransferase 3 ","protein_coding",2,629.637239340182,0.000135722041259501,2.64834442529023e-05,0.000981164500808065,"tomato","subnet"
"ENSG00000176887","SOX11","SRY-box transcription factor 11 ","protein_coding",2,2470,0.000115580212667591,5.91676216589114e-09,0.00160932569618055,"tomato","subnet"
"ENSG00000176890","TYMS","thymidylate synthetase ","protein_coding",2,15,0.0178571428571429,1.31316967362107e-16,0.00163151657582201,"cyan","subnet"
"ENSG00000176974","SHMT1","serine hydroxymethyltransferase 1 ","protein_coding",2,28,0.0232558139534884,1.59770335325981e-16,0.0013555226375115,"cyan","subnet"
"ENSG00000177272","KCNA3","potassium voltage-gated channel subfamily A member 3 ","protein_coding",4,1653,0.000135080372821829,1.49157213454125e-10,0.00224195806046388,"tomato","subnet"
"ENSG00000177301","KCNA2","potassium voltage-gated channel subfamily A member 2 ","protein_coding",5,4641.76923076923,0.000135244793075467,4.46986809110812e-10,0.00266374697314701,"tomato","subnet"
"ENSG00000177666","PNPLA2","patatin like domain 2, triacylglycerol lipase ","protein_coding",7,3451,0.000131078778345786,1.06867994444237e-09,0.0032543720532559,"tomato","subnet"
"ENSG00000178053","MLF1","myeloid leukemia factor 1 ","protein_coding",4,0,0.000150647785477553,7.67492015853069e-10,0.00118844416633814,"tomato","subnet"
"ENSG00000178445","GLDC","glycine decarboxylase ","protein_coding",5,14.3333333333333,0.0303030303030303,0,0.00232443452596325,"cyan","subnet"
"ENSG00000179387","ELMOD2","ELMO domain containing 2 ","protein_coding",1,0,0.000146370023419204,1.63533562508635e-07,0.000784354933560369,"tomato","subnet"
"ENSG00000179593","ALOX15B","arachidonate 15-lipoxygenase type B ","protein_coding",1,0,8.66025807569065e-05,6.97894730714584e-17,0.000706084327719521,"maroon1","subnet"
"ENSG00000179761","PIPOX","pipecolic acid and sarcosine oxidase ","protein_coding",5,41,0.032258064516129,1.81453307693596e-17,0.00259617234610066,"cyan","subnet"
"ENSG00000179913","B3GNT3","UDP-GlcNAc:betaGal beta-1,3-N-acetylglucosaminyltransferase 3 ","protein_coding",6,129,0.0238095238095238,0,0.00427393257384601,"orchid","subnet"
"ENSG00000179918","SEPHS2","selenophosphate synthetase 2 ","protein_coding",1,0,0.000131010087776759,8.71671569610142e-14,0.000942434078846659,"springgreen","subnet"
"ENSG00000180660","MAB21L1","mab-21 like 1 ","protein_coding",4,159.999999999999,0.000135906496330525,1.21826816847937e-12,0.00185304955009445,"springgreen","subnet"
"ENSG00000180914","OXTR","oxytocin receptor ","protein_coding",2,0,0.000120033609410635,5.45275454902629e-06,0.00139095160403452,"tomato","subnet"
"ENSG00000181092","ADIPOQ","adiponectin, C1Q and collagen domain containing ","protein_coding",1,0,0.000128336755646817,0.000131987260006215,0.000742259448981418,"tomato","subnet"
"ENSG00000181541","MAB21L2","mab-21 like 2 ","protein_coding",2,0,0.000127567291746396,3.79892387798842e-13,0.00103600048090569,"springgreen","subnet"
"ENSG00000182132","KCNIP1","potassium voltage-gated channel interacting protein 1 ","protein_coding",4,498,0.000134807225667296,5.93417951571699e-09,0.00209831996422421,"tomato","subnet"
"ENSG00000182255","KCNA4","potassium voltage-gated channel subfamily A member 4 ","protein_coding",5,5794.13038073038,0.00013986013986014,2.50423490794596e-09,0.0024365796923276,"tomato","subnet"
"ENSG00000182333","LIPF","lipase F, gastric type ","protein_coding",4,0,0.000123122383649347,2.59719768941901e-10,0.00174824133222045,"tomato","subnet"
"ENSG00000182628","SKA2","spindle and kinetochore associated complex subunit 2 ","protein_coding",5,0,0.000151584053357587,6.33405606719562e-10,0.00151612735732611,"tomato","subnet"
"ENSG00000183077","AFMID","arylformamidase ","protein_coding",1,0,0.000130327121073895,1.55402615067157e-09,0.000932904340826563,"tomato","subnet"
"ENSG00000183087","GAS6","growth arrest specific 6 ","protein_coding",4,4276.79245253657,0.000169779286926995,2.59278658052957e-07,0.00202601596634137,"tomato","subnet"
"ENSG00000183134","PTGDR2","prostaglandin D2 receptor 2 ","protein_coding",1,0,0.000127551020408163,3.20720103369802e-05,0.000716154610186592,"tomato","subnet"
"ENSG00000183153","GJD3","gap junction protein delta 3 ","protein_coding",3,0,0.000113455865668255,3.56244473530129e-15,0.00111580124194909,"springgreen","subnet"
"ENSG00000183166","CALN1","calneuron 1 ","protein_coding",1,0,8.03341902313625e-05,0,0.000871123888834831,"maroon1","subnet"
"ENSG00000183695","MRGPRX2","MAS related GPR family member X2 ","protein_coding",3,30858.5012023922,0.000171762281003092,0.0200465926041776,0.00155657995654782,"tomato","subnet"
"ENSG00000183770","FOXL2","forkhead box L2 ","protein_coding",1,0,9.86582478295185e-05,1.62884953174685e-11,0.00103287606316444,"tomato","subnet"
"ENSG00000184113","CLDN5","claudin 5 ","protein_coding",10,25658.1666666668,0.000129550459904133,3.74052322530333e-13,0.00291832043168134,"springgreen","subnet"
"ENSG00000184271","POU6F1","POU class 6 homeobox 1 ","protein_coding",1,0,0.000113507377979569,7.13489605706625e-07,0.000753008886316801,"tomato","subnet"
"ENSG00000184330","S100A7A","S100 calcium binding protein A7A ","protein_coding",1,0,0.000138792505204719,2.01914244861659e-08,0.000835159368732898,"tomato","subnet"
"ENSG00000184347","SLIT3","slit guidance ligand 3 ","protein_coding",3,48,0.0142857142857143,0,0.00194172314929613,"orchid","subnet"
"ENSG00000184500","PROS1","protein S ","protein_coding",4,9736.24139302966,0.000182215743440233,1.35716677744364e-06,0.00208959055131765,"tomato","subnet"
"ENSG00000184613","NELL2","neural EGFL like 2 ","protein_coding",2,0,0.00980392156862745,0,0.00133458357171523,"orchid","subnet"
"ENSG00000184937","WT1","WT1 transcription factor ","protein_coding",3,1984,0.000109385254867644,8.4584816432936e-10,0.00249780522727997,"tomato","subnet"
"ENSG00000184956","MUC6","mucin 6, oligomeric mucus/gel-forming (gene/pseudogene) ","protein_coding",3,0,0.000141783638168155,5.41599732442725e-07,0.00177494076942025,"tomato","subnet"
"ENSG00000185008","ROBO2","roundabout guidance receptor 2 ","protein_coding",3,8.5,0.0117647058823529,6.71461549772115e-18,0.00191059985609748,"orchid","subnet"
"ENSG00000185149","NPY2R","neuropeptide Y receptor Y2 ","protein_coding",5,0,0.000128965695125097,0.000379396474598142,0.00181040218481971,"tomato","subnet"
"ENSG00000185303","SFTPA2","surfactant protein A2 ","protein_coding",3,18.5,0.00471698113207547,0,0.00191161922942756,"royalblue","subnet"
"ENSG00000185559","DLK1","delta like non-canonical Notch ligand 1 ","protein_coding",2,498,0.000126662444585181,0.000120082288014695,0.00146801532196911,"tomato","subnet"
"ENSG00000185697","MYBL1","MYB proto-oncogene like 1 ","protein_coding",1,0,0.000130907186804556,3.06147245161315e-09,0.000812049688363948,"tomato","subnet"
"ENSG00000185774","KCNIP4","potassium voltage-gated channel interacting protein 4 ","protein_coding",5,3613.12494172494,0.000138850319355735,2.66185597405028e-08,0.0024923076339536,"tomato","subnet"
"ENSG00000185960","SHOX","SHOX homeobox ","protein_coding",1,0,0.000115446779034865,5.80049860829021e-09,0.000901614215117893,"tomato","subnet"
"ENSG00000186193","SAPCD2","suppressor APC domain containing 2 ","protein_coding",1,0,0.00013080444735121,4.54272699980062e-10,0.000752569270935043,"tomato","subnet"
"ENSG00000186265","BTLA","B and T lymphocyte associated ","protein_coding",3,498,9.32835820895522e-05,1.63050048072321e-17,0.00224888912854317,"tomato","subnet"
"ENSG00000186281","GPAT2","glycerol-3-phosphate acyltransferase 2, mitochondrial ","protein_coding",2,0,0.5,9.79931578539693e-17,0.0016794021328388,"royalblue","subnet"
"ENSG00000186417","GLDN","gliomedin ","protein_coding",1,0,0.000148787382829936,1.21476055349887e-10,0.000886771440264634,"tomato","subnet"
"ENSG00000186431","FCAR","Fc alpha receptor ","protein_coding",2,7544.26810411808,0.000181323662737987,1.87502361676356e-07,0.00133702960616754,"tomato","subnet"
"ENSG00000186732","MPPED1","metallophosphoesterase domain containing 1 ","protein_coding",2,994,0.000131147540983607,8.89679195494807e-14,0.00169971623008516,"springgreen","subnet"
"ENSG00000186818","LILRB4","leukocyte immunoglobulin like receptor B4 ","protein_coding",2,1488,9.77803852547179e-05,3.87453174583816e-17,0.00145547681193399,"tomato","subnet"
"ENSG00000187021","PNLIPRP1","pancreatic lipase related protein 1 ","protein_coding",5,330.000000000002,0.000123152709359606,2.73616682572411e-10,0.0021591318881795,"tomato","subnet"
"ENSG00000187045","TMPRSS6","transmembrane serine protease 6 ","protein_coding",2,0,9.39231708462478e-05,1.11569483018777e-16,0.00108306826343256,"saddlebrown","subnet"
"ENSG00000187288","CIDEC","cell death inducing DFFA like effector c ","protein_coding",1,0,0.000134734572891404,7.50350946457862e-10,0.000720580263053611,"tomato","subnet"
"ENSG00000187474","FPR3","formyl peptide receptor 3 ","protein_coding",1,0,0.000166057788110262,0.000437262008354595,0.000678887015045923,"tomato","subnet"
"ENSG00000187513","GJA4","gap junction protein alpha 4 ","protein_coding",4,0,0.000113468739362306,4.79872825826012e-15,0.00140643443497723,"springgreen","subnet"
"ENSG00000187980","PLA2G2C","phospholipase A2 group IIC ","protein_coding",2,629.637239340182,0.000135722041259501,2.64834442528993e-05,0.000981164500808777,"tomato","subnet"
"ENSG00000188015","S100A3","S100 calcium binding protein A3 ","protein_coding",1,0,9.7570494682408e-05,8.83630154292589e-17,0.000983096140185972,"tomato","subnet"
"ENSG00000188257","PLA2G2A","phospholipase A2 group IIA ","protein_coding",8,1804.66104886398,0.000135906496330525,3.82631533869014e-05,0.00270542430302432,"tomato","subnet"
"ENSG00000188822","CNR2","cannabinoid receptor 2 ","protein_coding",1,0,8.03341902313625e-05,0,0.000871123888834831,"maroon1","subnet"
"ENSG00000188910","GJB3","gap junction protein beta 3 ","protein_coding",5,328.666666666663,0.000120192307692308,8.88700908506761e-15,0.00170960701780726,"springgreen","subnet"
"ENSG00000188997","KCTD21","potassium channel tetramerization domain containing 21 ","protein_coding",1,0,0.000121862052156958,4.05615680281909e-08,0.000879420191254065,"tomato","subnet"
"ENSG00000189221","MAOA","monoamine oxidase A ","protein_coding",4,2474,8.03212851405622e-05,5.21589499446222e-18,0.00264130420229449,"maroon1","subnet"
"ENSG00000196092","PAX5","paired box 5 ","protein_coding",2,498,0.00010752688172043,5.41850831607798e-16,0.00183497097505487,"yellowgreen","subnet"
"ENSG00000196136","SERPINA3","serpin family A member 3 ","protein_coding",6,11517,0.000174428745857317,0.000137493487758458,0.00319012418145612,"gold","subnet"
"ENSG00000196208","GREB1","growth regulating estrogen receptor binding 1 ","protein_coding",1,0,0.000141663125088539,1.83304871890968e-09,0.000817109607587608,"tomato","subnet"
"ENSG00000196415","PRTN3","proteinase 3 ","protein_coding",10,22606.364833859,0.000188501413760603,0.000902569163366784,0.00499878618605817,"tomato","subnet"
"ENSG00000196542","SPTSSB","serine palmitoyltransferase small subunit B ","protein_coding",6,0,0.000163398692810458,1.94025422603918e-08,0.00186899556569744,"tomato","subnet"
"ENSG00000196754","S100A2","S100 calcium binding protein A2 ","protein_coding",2,498,0.000102553584247769,1.77285608403263e-16,0.00172043722414071,"tomato","subnet"
"ENSG00000196843","ARID5A","AT-rich interaction domain 5A ","protein_coding",1,0,0.000115446779034865,5.80049861058293e-09,0.000901614215117893,"tomato","subnet"
"ENSG00000196998","WDR45","WD repeat domain 45 ","protein_coding",1,0,0.000127437237160698,1.09867151786345e-13,0.000771674440461188,"yellowgreen","subnet"
"ENSG00000197417","SHPK","sedoheptulokinase ","protein_coding",3,5627.29133644133,0.000139723347771413,1.68371990026112e-10,0.00168571879990729,"tomato","subnet"
"ENSG00000197561","ELANE","elastase, neutrophil expressed ","protein_coding",9,20906.4454121042,0.000180082838105529,0.000873806564382993,0.00440590676373387,"tomato","subnet"
"ENSG00000197594","ENPP1","ectonucleotide pyrophosphatase/phosphodiesterase 1 ","protein_coding",5,6701.36062091498,0.000148610491900728,7.218515114638e-06,0.00232243190997063,"tomato","subnet"
"ENSG00000197616","MYH6","myosin heavy chain 6 ","protein_coding",7,61886.5,0.000190803281816447,3.38742090589898e-08,0.00323683831064586,"tomato","subnet"
"ENSG00000197696","NMB","neuromedin B ","protein_coding",3,498,0.000140508641281439,0.00333955363663752,0.00211207375275925,"tomato","subnet"
"ENSG00000197705","KLHL14","kelch like family member 14 ","protein_coding",3,995,0.000129735339906591,2.95096070718905e-07,0.00221474072233284,"tomato","subnet"
"ENSG00000197766","CFD","complement factor D ","protein_coding",2,49132.7625274506,0.000195427008012507,6.39453368542969e-05,0.00125204429282036,"tomato","subnet"
"ENSG00000197859","ADAMTSL2","ADAMTS like 2 ","protein_coding",1,0,8.23113013416742e-05,8.51403032320561e-17,0.000960003803689534,"saddlebrown","subnet"
"ENSG00000198523","PLN","phospholamban ","protein_coding",7,0,0.000151860288534548,0.900340028660219,0.00208103945749643,"tomato","subnet"
"ENSG00000198570","RD3","RD3 regulator of GUCY2D ","protein_coding",1,0,9.7570494682408e-05,8.42456991392457e-17,0.000983096140185972,"tomato","subnet"
"ENSG00000198682","PAPSS2","3'-phosphoadenosine 5'-phosphosulfate synthase 2 ","protein_coding",3,994,0.000129735339906591,2.96954383488649e-07,0.00187920134761348,"tomato","subnet"
"ENSG00000198788","MUC2","mucin 2, oligomeric mucus/gel-forming ","protein_coding",3,0,0.000141783638168155,5.4159973245573e-07,0.00177494076941868,"tomato","subnet"
"ENSG00000198835","GJC2","gap junction protein gamma 2 ","protein_coding",3,0,0.000120163422254266,7.55127458750888e-15,0.00111702540601889,"springgreen","subnet"
"ENSG00000198844","ARHGEF15","Rho guanine nucleotide exchange factor 15 ","protein_coding",4,498,0.000113558937088349,1.00382779431806e-06,0.00239891126020014,"tomato","subnet"
"ENSG00000203837","PNLIPRP3","pancreatic lipase related protein 3 ","protein_coding",5,330.000000000002,0.000123152709359606,2.73616636755763e-10,0.00215913188818179,"tomato","subnet"
"ENSG00000203859","HSD3B2","hydroxy-delta-5-steroid dehydrogenase, 3 beta- and steroid delta-isomerase 2 ","protein_coding",1,0,0.000121773015099854,2.05847683119685e-05,0.000757960335611888,"tomato","subnet"
"ENSG00000204174","NPY4R","neuropeptide Y receptor Y4 ","protein_coding",5,0,0.000128965695125097,0.000379396474598171,0.00181040218481775,"tomato","subnet"
"ENSG00000204310","AGPAT1","1-acylglycerol-3-phosphate O-acyltransferase 1 ","protein_coding",6,0,0.037037037037037,0,0.00175269434579047,"mediumseagreen","subnet"
"ENSG00000204314","PRRT1","proline rich transmembrane protein 1 ","protein_coding",1,0,0.00418410041841004,3.17676963292185e-17,0.00100196671287856,"royalblue","subnet"
"ENSG00000204386","NEU1","neuraminidase 1 ","protein_coding",1,0,0.000131319763624425,0.000459028584825168,0.000850331216541612,"tomato","subnet"
"ENSG00000204427","ABHD16A","abhydrolase domain containing 16A, phospholipase ","protein_coding",5,79,0.02,0,0.00399180171631387,"orchid","subnet"
"ENSG00000204710","SPDYC","speedy/RINGO cell cycle regulator family member C ","protein_coding",1,0,0.0001308386759126,2.61002527266795e-12,0.000871549397405115,"tomato","subnet"
"ENSG00000204936","CD177","CD177 molecule ","protein_coding",2,0,0.000172384071711774,0.000144217875096487,0.00119959272247976,"tomato","subnet"
"ENSG00000204983","PRSS1","serine protease 1 ","protein_coding",4,498,0.000149432157800359,9.65587635680474e-06,0.00197920651875854,"gold","subnet"
"ENSG00000205560","CPT1B","carnitine palmitoyltransferase 1B ","protein_coding",1,0,0.000116184500987568,7.39961914237121e-15,0.000727558359608132,"springgreen","subnet"
"ENSG00000213023","SYT3","synaptotagmin 3 ","protein_coding",2,498,0.000165809981760902,1.43628255129432e-09,0.00138520348244297,"tomato","subnet"
"ENSG00000213088","ACKR1","atypical chemokine receptor 1 (Duffy blood group) ","protein_coding",1,0,8.66025807569065e-05,8.35004234743118e-17,0.000706084327719165,"maroon1","subnet"
"ENSG00000213930","GALT","galactose-1-phosphate uridylyltransferase ","protein_coding",4,12700.8283846871,0.000156519017060573,2.20918720671902e-05,0.00195199568134881,"tomato","subnet"
"ENSG00000213937","CLDN9","claudin 9 ","protein_coding",8,1235.33333333334,0.000128617363344051,3.51952624432733e-13,0.00216727531339987,"springgreen","subnet"
"ENSG00000213999","MEF2B","myocyte enhancer factor 2B ","protein_coding",1,0,0.00013910140492419,1.73735651526086e-11,0.00097762760906834,"tomato","subnet"
"ENSG00000214160","ALG3","ALG3 alpha-1,3- mannosyltransferase ","protein_coding",1,0,0.000121862052156958,4.05615680204955e-08,0.000879420191254065,"tomato","subnet"
"ENSG00000214456","PLIN5","perilipin 5 ","protein_coding",3,2454,0.0001399188470687,3.30495259448519e-09,0.00176703159179588,"tomato","subnet"
"ENSG00000215182","MUC5AC","mucin 5AC, oligomeric mucus/gel-forming ","protein_coding",4,3009.88007809184,0.000147732309055991,5.51163862761616e-07,0.00234515568149843,"tomato","subnet"
"ENSG00000215440","NPEPL1","aminopeptidase like 1 ","protein_coding",1,0,0.000136184120931499,0.0179668516121565,0.000748336228475434,"tomato","subnet"
"ENSG00000221946","FXYD7","FXYD domain containing ion transport regulator 7 ","protein_coding",2,0,0.000141262890238734,0.274904154728512,0.00077173395349704,"tomato","subnet"
"ENSG00000223658","C1GALT1C1L","C1GALT1 specific chaperone 1 like ","protein_coding",1,0,0.0112359550561798,1.02428593755385e-16,0.000979874671351756,"orchid","subnet"
"ENSG00000228075","BOD1L2","biorientation of chromosomes in cell division 1 like 2 ","protein_coding",5,0,0.000151584053357587,6.33405494727849e-10,0.00151612735732545,"tomato","subnet"
"ENSG00000228278","ORM2","orosomucoid 2 ","protein_coding",2,994,0.000177273533061514,2.77955975957696e-08,0.0013811375522479,"tomato","subnet"
"ENSG00000228716","DHFR","dihydrofolate reductase ","protein_coding",1,0,0.0140845070422535,1.35552021444834e-16,0.000945304864650711,"cyan","subnet"
"ENSG00000229314","ORM1","orosomucoid 1 ","protein_coding",4,63523,0.000194287934719254,1.98326144598313e-07,0.00201689096979391,"tomato","subnet"
"ENSG00000240038","AMY2B","amylase alpha 2B ","protein_coding",5,488,0.000149655791679138,1.06304243074428e-05,0.00220061500453952,"gold","subnet"
"ENSG00000241644","INMT","indolethylamine N-methyltransferase ","protein_coding",2,5.5,8.69414014953921e-05,1.54367723084218e-18,0.00121388710328405,"maroon1","subnet"
"ENSG00000241697","TMEFF1","transmembrane protein with EGF like and two follistatin like domains 1 ","protein_coding",2,0,0.000151171579743008,3.21576026997626e-09,0.000925991589630268,"tomato","subnet"
"ENSG00000243480","AMY2A","amylase alpha 2A ","protein_coding",7,4423,0.000149835181300569,1.10143585680239e-05,0.00322688496725224,"gold","subnet"
"ENSG00000243649","CFB","complement factor B ","protein_coding",3,51127.564042602,0.000195121951219512,0.000456059284153661,0.00179431784996352,"tomato","subnet"
"ENSG00000243678","NME2","NME/NM23 nucleoside diphosphate kinase 2 ","protein_coding",5,8015.63469863471,0.000181093806591815,0.00293300102221594,0.00317324480086117,"tomato","subnet"
"ENSG00000250506","CDK3","cyclin dependent kinase 3 ","protein_coding",4,995,0.000130941469163284,3.15570249557566e-12,0.00304766031885721,"tomato","subnet"
"ENSG00000254772","EEF1G","eukaryotic translation elongation factor 1 gamma ","protein_coding",3,4714.90136530137,0.000163559044815178,0.131093163393031,0.00172725553381827,"tomato","subnet"
"ENSG00000256235","SMIM3","small integral membrane protein 3 ","protein_coding",4,422,0.00671140939597315,0,0.00272766716925871,"royalblue","subnet"
"ENSG00000257335","MGAM","maltase-glucoamylase ","protein_coding",3,0,0.000139470013947001,3.44922327470874e-06,0.00142025707316543,"gold","subnet"
"ENSG00000257743","MGAM2","maltase-glucoamylase 2 (putative) ","protein_coding",3,0,0.000139470013947001,3.44922327471153e-06,0.0014202570731662,"gold","subnet"
"ENSG00000259384","GH1","growth hormone 1 ","protein_coding",4,0,0.000145391102064554,0.00566834348329507,0.00173908575447412,"tomato","subnet"
"ENSG00000261857","MIA","MIA SH3 domain containing ","protein_coding",1,0,0.000102532554085922,1.12219062639604e-16,0.000884805504982632,"tomato","subnet"
"ENSG00000264343","NOTCH2NLA","notch 2 N-terminal like A ","protein_coding",3,13512.22124183,0.000167476134650812,0.000125939875902942,0.00155320623180696,"tomato","subnet"
"ENSG00000266964","FXYD1","FXYD domain containing ion transport regulator 1 ","protein_coding",9,4046.30303030303,0.000157505118916365,0.933008729143644,0.00296539249934677,"tomato","subnet"
"ENSG00000267680","ZNF224","zinc finger protein 224 ","protein_coding",2,498,0.000103755965968043,1.18502524767937e-10,0.00183756645467865,"tomato","subnet"
"ENSG00000267796","LIN37","lin-37 DREAM MuvB core complex component ","protein_coding",4,3021.35866355867,0.000140036409466461,2.22730165882756e-08,0.00263594996911811,"tomato","subnet"
"ENSG00000274736","CCL23","C-C motif chemokine ligand 23 ","protein_coding",1,0,0.000102743244631665,1.14293866028449e-07,0.000888342432912315,"tomato","subnet"
"ENSG00000275793","RIMBP3","RIMS binding protein 3 ","protein_coding",2,224,0.00505050505050505,0,0.00146515560838335,"royalblue","subnet"
"ENSG00000276409","CCL14","C-C motif chemokine ligand 14 ","protein_coding",4,498,9.05059281382931e-05,9.09067561498726e-17,0.00213728944843753,"maroon1","subnet"
"ENSG00000277494","GPIHBP1","glycosylphosphatidylinositol anchored high density lipoprotein binding protein 1 ","protein_coding",1,0,0.000106416941577099,2.66417786794738e-16,0.000842859312846857,"springgreen","subnet"
"ENSG00000278195","SSTR3","somatostatin receptor 3 ","protein_coding",4,498,0.000121138703815869,2.88056367812681e-05,0.0022416929757205,"tomato","subnet"
