"","uniprot_gn_id","external_gene_name","cluster","betweenness","degree_centrality","logFC","file_id","ID","pocket","druggability","num_drug_pockets","struct_score"
"1","A0A075B6P5","IGKV2-28","1",5857,7,1.06613775824097,"AF-A0A075B6P5-F1-model_v4","A0A075B6P5-F1",0.173,0.577,1,90.942904290429
"2","A0A075B6S2","IGKV2D-29","1",0,2,1.12576777294964,"AF-A0A075B6S2-F1-model_v4","A0A075B6S2-F1",0.191,0.524,1,90.5475297941495
"3","A0A0B4J1V0","IGHV3-15","1",0,3,1.12530654511478,"AF-A0A0B4J1V0-F1-model_v4","A0A0B4J1V0-F1",0.406,0.656,1,91.1667511013216
"4","A0A0C4DH29","IGHV1-3","1",0,3,1.58582969318276,"AF-A0A0C4DH29-F1-model_v4","A0A0C4DH29-F1",0.225,0.792,1,91.3548633879781
"5","A0A2R8Y7D0","TINCR","1",625,2,1.6457612972008,"AF-A0A2R8Y7D0-F1-model_v4","A0A2R8Y7D0-F1",0.322,0.379,0,77.317117948718
"6","A0AVK6","E2F8","1",0,1,2.75983795318668,"AF-A0AVK6-F1-model_v4","A0AVK6-F1",0.187,0.562,1,53.6931614756577
"7","A1L190","SYCE3","1",0,2,1.01520243172405,"AF-A1L190-F1-model_v4","A1L190-F1",0.353,0.661,2,92.3110204081633
"8","A4D1S5","RAB19","1",0,1,1.24417130242795,"AF-A4D1S5-F1-model_v4","A4D1S5-F1",0.119,0.372,0,84.7372653061225
"9","A4QMS7","CFAP90","1",625,2,1.07442431335066,"AF-A4QMS7-F1-model_v4","A4QMS7-F1",0.256,0.204,0,75.3620233139051
"10","A6NHQ4","EPOP","1",0,1,2.25579709938861,"AF-A6NHQ4-F1-model_v4","A6NHQ4-F1",0.199,0.886,1,58.526321299639
"11","A6NNZ2","TUBB8B","1",0,1,1.18703975383332,"AF-A6NNZ2-F1-model_v4","A6NNZ2-F1",0.247,0.168,0,91.3548848589522
"12","A8MT69","CENPX","1",3114,11,1.42619600194241,"AF-A8MT69-F1-model_v4","A8MT69-F1",0.337,0.313,0,93.9695873015873
"13","A9QM74","KPNA7","1",0,1,1.65986786646258,"AF-A9QM74-F1-model_v4","A9QM74-F1",0.185,0.397,0,85.3285657071339
"14","B4DS77","SHISA9","1",0,4,1.60314417954443,"AF-B4DS77-F1-model_v4","B4DS77-F1",0.291,0.987,1,56.9548785670917
"15","C9JRZ8","AKR1B15","1",625,2,2.17297787878051,"AF-C9JRZ8-F1-model_v4","C9JRZ8-F1",0.393,0.992,1,97.7242989930287
"16","K7EJ46","SMIM22","38",0,1,1.23381057703939,"AF-K7EJ46-F1-model_v4","K7EJ46-F1",0.255,0.386,0,75.8180834621329
"17","O00148","DDX39A","1",625,2,1.13943123831035,"AF-O00148-F1-model_v4","O00148-F1",0.263,0.142,0,85.2259489262914
"18","O00180","KCNK1","28",0,1,1.85698850094147,"AF-O00180-F1-model_v4","O00180-F1",0.38,0.943,2,83.7794213649852
"19","O00222","GRM8","23",0,1,1.76956255935371,"AF-O00222-F1-model_v4","O00222-F1",0.162,0.921,2,84.3809931458945
"20","O00231","PSMD11","1",800,3,1.15611772871905,"AF-O00231-F1-model_v4","O00231-F1",0.179,0.758,1,83.2228335832084
"21","O00232","PSMD12","1",1938,6,1.10712456384892,"AF-O00232-F1-model_v4","O00232-F1",0.32,0.135,0,79.0830677828787
"22","O00238","BMPR1B","1",6114,3,1.0123489488339,"AF-O00238-F1-model_v4","O00238-F1",0.206,0.225,0,85.1282622868606
"23","O00311","CDC7","1",82,2,1.21622728316179,"AF-O00311-F1-model_v4","O00311-F1",0.307,0.427,1,72.3620397232761
"24","O00444","PLK4","1",629,3,1.68237162648752,"AF-O00444-F1-model_v4","O00444-F1",0.133,0.199,0,66.9229360313316
"25","O00445","SYT5","1",0,1,2.51167945234932,"AF-O00445-F1-model_v4","O00445-F1",0.113,0.038,0,84.4734060846561
"26","O00487","PSMD14","1",593,4,1.08168283687246,"AF-O00487-F1-model_v4","O00487-F1",0.245,0.409,1,82.5457172385283
"27","O00762","UBE2C","1",0,4,2.55905484286815,"AF-O00762-F1-model_v4","O00762-F1",0.355,0.286,0,89.6987066473989
"28","O14578","CIT","1",0,1,1.57269755400355,"AF-O14578-F1-model_v4","O14578-F1",0.129,0.882,1,70.152782431933
"29","O14625","CXCL11","1",9062,5,2.28971176080586,"AF-O14625-F1-model_v4","O14625-F1",0.353,0.178,0,77.9241944444444
"30","O14638","ENPP3","20",0,1,1.72057637975689,"AF-O14638-F1-model_v4","O14638-F1",0.344,0.804,3,95.3580631399317
"31","O14745","NHERF1","1",4989,5,1.44851592656627,"AF-O14745-F1-model_v4","O14745-F1",0.202,0.212,0,72.4747214076246
"32","O14746","TERT","1",4313,5,1.61201937638155,"AF-O14746-F1-model_v4","O14746-F1",0.201,0.276,0,80.6513165829146
"33","O14756","HSD17B6","26",0,1,1.84136080443268,"AF-O14756-F1-model_v4","O14756-F1",0.374,0.79,1,95.5339114974318
"34","O14757","CHEK1","1",625,4,1.59291989861964,"AF-O14757-F1-model_v4","O14757-F1",0.067,0.732,1,78.1344110733873
"35","O14764","GABRD","1",0,1,2.00180607049816,"AF-O14764-F1-model_v4","O14764-F1",0.442,0.676,3,80.2010523369717
"36","O14777","NDC80","1",7671,4,2.16082075894015,"AF-O14777-F1-model_v4","O14777-F1",0.161,0.532,2,78.6095798805165
"37","O14818","PSMA7","1",1402,7,1.03634365586558,"AF-O14818-F1-model_v4","O14818-F1",0.215,0.067,0,93.866613972463
"38","O14862","AIM2","4",0,1,1.55442125549564,"AF-O14862-F1-model_v4","O14862-F1",0.273,0.298,0,84.1440774570698
"39","O14965","AURKA","1",625,6,2.74842871023318,"AF-O14965-F1-model_v4","O14965-F1",0.139,0.431,1,75.9057868649318
"40","O15020","SPTBN2","1",765,2,1.50319387448329,"AF-O15020-F1-model_v4","O15020-F1",0.242,0.736,3,76.775214383059
"41","O15235","MRPS12","1",625,2,1.16825300906433,"AF-O15235-F1-model_v4","O15235-F1",0.312,0.667,1,87.3524056603774
"42","O15273","TCAP","1",0,1,3.28888098894206,"AF-O15273-F1-model_v4","O15273-F1",0.312,0.434,1,80.0296769346356
"43","O15360","FANCA","1",0,2,1.43111311132575,"AF-O15360-F1-model_v4","O15360-F1",0.135,0.707,1,74.565869508254
"44","O15381","NVL","1",0,1,1.32529835572754,"AF-O15381-F1-model_v4","O15381-F1",0.201,0.885,3,72.1711012620192
"45","O15399","GRIN2D","1",10350,7,1.29590846701535,"AF-O15399-F1-model_v4","O15399-F1",0.143,0.846,4,64.0020888757513
"46","O15427","SLC16A3","1",0,1,1.60720281137286,"AF-O15427-F1-model_v4","O15427-F1",0.025,0.963,1,83.5874261119082
"47","O15438","ABCC3","1",0,1,1.54549551566042,"AF-O15438-F1-model_v4","O15438-F1",0.114,0.939,5,82.4003402614817
"48","O15439","ABCC4","1",5601,3,1.87608630892836,"AF-O15439-F1-model_v4","O15439-F1",0.139,0.684,3,83.5914731549991
"49","O15528","CYP27B1","1",0,1,1.13651490316489,"AF-O15528-F1-model_v4","O15528-F1",0.246,0.947,1,86.7373639327815
"50","O15551","CLDN3","1",0,2,1.10110368103656,"AF-O15551-F1-model_v4","O15551-F1",0.271,0.631,1,81.4275857843137
"51","O43242","PSMD3","1",2687,3,3.03996830230938,"AF-O43242-F1-model_v4","O43242-F1",0.208,0.219,0,73.4898509548207
"52","O43379","WDR62","1",0,1,1.91886050810569,"AF-O43379-F1-model_v4","O43379-F1",0.113,0.807,2,61.3650231402125
"53","O43482","OIP5","1",625,11,1.93448910750626,"AF-O43482-F1-model_v4","O43482-F1",0.193,0.324,0,76.3264083285136
"54","O43543","XRCC2","1",0,6,1.49818788590951,"AF-O43543-F1-model_v4","O43543-F1",0.516,0.659,1,87.09828125
"55","O43683","BUB1","1",1872,5,2.60418017030165,"AF-O43683-F1-model_v4","O43683-F1",0.115,0.403,1,64.124272589836
"56","O43761","SYNGR3","1",0,1,2.03708289625156,"AF-O43761-F1-model_v4","O43761-F1",0.202,0.389,0,80.7308688147296
"57","O43790","KRT86","1",0,3,1.82371946866228,"AF-O43790-F1-model_v4","O43790-F1",0.408,0.788,4,75.5574161524014
"58","O60218","AKR1B10","1",0,1,1.79496364956663,"AF-O60218-F1-model_v4","O60218-F1",0.091,0.988,1,97.7875245579568
"59","O60512","B4GALT3","1",0,1,1.02494807870625,"AF-O60512-F1-model_v4","O60512-F1",0.071,0.75,3,88.7241032258064
"60","O60566","BUB1B","1",1879,7,2.35336243996183,"AF-O60566-F1-model_v4","O60566-F1",0.211,0.846,2,64.7205771748185
"61","O60814","H2BC12","1",20,10,1.95669796101302,"AF-O60814-F1-model_v4","O60814-F1",0.241,0.937,1,88.0577868852459
"62","O60830","TIMM17B","1",0,1,1.02205344137265,"AF-O60830-F1-model_v4","O60830-F1",0.351,0.728,1,81.5055754276827
"63","O75145","PPFIA3","1",7421,4,1.17483978194682,"AF-O75145-F1-model_v4","O75145-F1",0.306,0.764,3,69.9298802779262
"64","O75330","HMMR","1",2488,2,2.47172520149306,"AF-O75330-F1-model_v4","O75330-F1",0.192,0.886,2,76.1048990670059
"65","O75417","POLQ","1",0,1,2.28634433180392,"AF-O75417-F1-model_v4","O75417-F1",0.145,0.686,2,59.4862674012494
"66","O75419","CDC45","1",685,3,2.43267244459891,"AF-O75419-F1-model_v4","O75419-F1",0.323,0.926,1,92.8874267100977
"67","O75446","SAP30","1",1871,3,1.00659108962901,"AF-O75446-F1-model_v4","O75446-F1",0.261,0.564,1,69.7301650366748
"68","O75448","MED24","1",758,4,1.98881363357272,"AF-O75448-F1-model_v4","O75448-F1",0.263,0.411,1,84.2739782580562
"69","O75674","TOM1L1","1",0,1,1.00974941342946,"AF-O75674-F1-model_v4","O75674-F1",0.33,0.301,0,67.8945149153453
"70","O75717","WDHD1","1",592,3,1.20258556953181,"AF-O75717-F1-model_v4","O75717-F1",0.21,0.575,1,74.3476551724138
"71","O75762","TRPA1","1",0,1,2.54157533970871,"AF-O75762-F1-model_v4","O75762-F1",0.116,0.947,1,81.5129115904773
"72","O75783","RHBDL1","1",0,1,1.20195834351585,"AF-O75783-F1-model_v4","O75783-F1",0.158,0.51,2,72.5054291593181
"73","O75899","GABBR2","1",3728,4,1.63677310736707,"AF-O75899-F1-model_v4","O75899-F1",0.333,0.908,1,77.7821456401988
"74","O76038","SCGN","1",2488,2,1.47109410055981,"AF-O76038-F1-model_v4","O76038-F1",0.123,0.38,0,76.5278069395018
"75","O94761","RECQL4","1",4895,7,1.66815795550284,"AF-O94761-F1-model_v4","O94761-F1",0.125,0.793,1,69.0309568099209
"76","O94907","DKK1","1",2493,4,2.45443296772195,"AF-O94907-F1-model_v4","O94907-F1",0.434,0.496,1,70.2732497492477
"77","O94972","TRIM37","1",11221,4,1.19895848668924,"AF-O94972-F1-model_v4","O94972-F1",0.095,0.948,2,64.6140289009678
"78","O95049","TJP3","1",656,3,1.12933908315925,"AF-O95049-F1-model_v4","O95049-F1",0.077,0.88,2,66.5840854341737
"79","O95067","CCNB2","1",1869,4,2.38401127575465,"AF-O95067-F1-model_v4","O95067-F1",0.089,0.073,0,80.3833301857098
"80","O95180","CACNA1H","1",0,1,1.14633103677256,"AF-O95180-F1-model_v4","O95180-F1",0.271,0.999,4,58.8297794480715
"81","O95229","ZWINT","1",0,1,2.35028556417401,"AF-O95229-F1-model_v4","O95229-F1",0.268,0.32,0,79.4582673942701
"82","O95235","KIF20A","1",15130,10,2.6480085921564,"AF-O95235-F1-model_v4","O95235-F1",0.333,0.814,3,67.3045557924662
"83","O95238","SPDEF","1",0,1,1.61594205655798,"AF-O95238-F1-model_v4","O95238-F1",0.087,0.614,1,71.2215550510783
"84","O95239","KIF4A","1",298,3,2.82351908135239,"AF-O95239-F1-model_v4","O95239-F1",0.244,0.668,3,72.1712231759657
"85","O95259","KCNH1","1",0,1,1.15173213041142,"AF-O95259-F1-model_v4","O95259-F1",0.212,0.931,2,73.9463563321005
"86","O95340","PAPSS2","20",0,1,1.08796717857845,"AF-O95340-F1-model_v4","O95340-F1",0.127,0.955,1,92.3557686017989
"87","O95388","CCN4","1",0,1,1.17158113778281,"AF-O95388-F1-model_v4","O95388-F1",0.174,0.57,2,77.1048894436519
"88","O95484","CLDN9","1",0,3,2.58618746252583,"AF-O95484-F1-model_v4","O95484-F1",0.387,0.32,0,81.1808573216521
"89","O95500","CLDN14","1",1212,2,1.32026981342861,"AF-O95500-F1-model_v4","O95500-F1",0.26,0.541,1,81.0835333333333
"90","O95678","KRT75","1",0,3,2.34774179416775,"AF-O95678-F1-model_v4","O95678-F1",0.293,0.594,1,70.1515108773607
"91","O95716","RAB3D","1",1869,2,1.29911197013911,"AF-O95716-F1-model_v4","O95716-F1",0.185,0.662,2,85.1536789689514
"92","O95831","AIFM1","1",4940,7,1.04325701392244,"AF-O95831-F1-model_v4","O95831-F1",0.136,0.947,1,85.7945805903589
"93","O95833","CLIC3","11",0,1,2.02320074926033,"AF-O95833-F1-model_v4","O95833-F1",0.143,0.127,0,94.1589930740543
"94","O95837","GNA14","1",0,1,1.03920064158861,"AF-O95837-F1-model_v4","O95837-F1",0.205,0.389,0,93.7929315068493
"95","O95886","DLGAP3","1",0,1,1.19586220147123,"AF-O95886-F1-model_v4","O95886-F1",0.298,0.706,1,50.7010850636303
"96","O95994","AGR2","1",22734,11,1.23700809218843,"AF-O95994-F1-model_v4","O95994-F1",0.263,0.901,1,87.4194598436389
"97","O95997","PTTG1","1",2336,4,2.11201923011714,"AF-O95997-F1-model_v4","O95997-F1",0.339,0.504,1,64.5439896707553
"98","O96013","PAK4","1",0,1,1.37022895552588,"AF-O96013-F1-model_v4","O96013-F1",0.328,0.879,1,70.7540878828229
"99","O96020","CCNE2","1",0,1,2.41954650655998,"AF-O96020-F1-model_v4","O96020-F1",0.296,0.527,1,77.7639902676399
"100","P00390","GSR","1",1249,3,1.3790872254097,"AF-P00390-F1-model_v4","P00390-F1",0.076,0.522,1,91.7345019011407
"101","P00558","PGK1","1",21085,2,1.3744405754325,"AF-P00558-F1-model_v4","P00558-F1",0.232,0.84,1,96.6292288
"102","P00748","F12","1",0,4,1.7685973532185,"AF-P00748-F1-model_v4","P00748-F1",0.08,0.51,1,76.2485143097643
"103","P00749","PLAU","1",4727,7,1.32310194633062,"AF-P00749-F1-model_v4","P00749-F1",0.414,0.626,1,82.3034746760895
"104","P00751","CFB","1",0,1,1.08959709006793,"AF-P00751-F1-model_v4","P00751-F1",0.09,0.232,0,85.8838985024958
"105","P00797","REN","1",0,1,1.89742454705813,"AF-P00797-F1-model_v4","P00797-F1",0.229,0.635,1,85.6055127800568
"106","P00973","OAS1","1",1869,3,1.10667744445321,"AF-P00973-F1-model_v4","P00973-F1",0.31,0.455,1,84.2137788728057
"107","P01036","CST4","1",625,2,3.59033790787036,"AF-P01036-F1-model_v4","P01036-F1",0.282,0.537,1,89.9583479789104
"108","P01037","CST1","1",0,1,2.29858301687636,"AF-P01037-F1-model_v4","P01037-F1",0.29,0.544,1,92.4962424242424
"109","P01040","CSTA","1",2536,2,1.00437932387237,"AF-P01040-F1-model_v4","P01040-F1",0.134,0.007,0,93.5084903225806
"110","P01374","LTA","1",0,1,1.13969916515953,"AF-P01374-F1-model_v4","P01374-F1",0.359,0.311,0,84.115329531052
"111","P01579","IFNG","1",0,1,1.745055392066,"AF-P01579-F1-model_v4","P01579-F1",0.118,0.495,1,85.7290588235294
"112","P01588","EPO","21",0,1,4.28993411829047,"AF-P01588-F1-model_v4","P01588-F1",0.238,0.608,1,87.0569713142095
"113","P01614","IGKV2D-40","1",0,4,2.37033694731467,"AF-P01614-F1-model_v4","P01614-F1",0.219,0.422,1,90.3297430406852
"114","P01762","IGHV3-11","1",624,5,1.70942131537892,"AF-P01762-F1-model_v4","P01762-F1",0.373,0.721,1,90.9186674008811
"115","P02675","FGB","1",8478,6,2.19280215081403,"AF-P02675-F1-model_v4","P02675-F1",0.148,0.77,2,84.5702624872579
"116","P02679","FGG","1",91,3,3.05462729819089,"AF-P02679-F1-model_v4","P02679-F1",0.247,0.813,3,85.7406392945715
"117","P02751","FN1","1",11541,13,1.85132355613615,"AF-P02751-F1-model_v4","P02751-F1",0.143,0.218,0,70.3327573241422
"118","P02760","AMBP","1",1022,5,2.14231541586896,"AF-P02760-F1-model_v4","P02760-F1",0.332,0.685,1,82.405342616343
"119","P02763","ORM1","1",8196,4,3.79403942954672,"AF-P02763-F1-model_v4","P02763-F1",0.337,0.635,1,90.0906148282098
"120","P02778","CXCL10","1",5093,4,2.22255960472186,"AF-P02778-F1-model_v4","P02778-F1",0.109,0.23,0,90.0851058201058
"121","P02786","TFRC","1",10999,7,1.50203272994658,"AF-P02786-F1-model_v4","P02786-F1",0.083,0.651,1,86.8098130217028
"122","P02790","HPX","13",1,2,1.80284198428668,"AF-P02790-F1-model_v4","P02790-F1",0.36,0.68,1,88.4948083242059
"123","P03956","MMP1","1",208,2,3.68334097833269,"AF-P03956-F1-model_v4","P03956-F1",0.393,0.157,0,91.4729717720857
"124","P04004","VTN","1",2699,5,1.18097205788753,"AF-P04004-F1-model_v4","P04004-F1",0.292,0.845,2,67.67684169279
"125","P04070","PROC","1",0,4,1.79798709385671,"AF-P04070-F1-model_v4","P04070-F1",0.307,0.73,2,82.6316438356164
"126","P04075","ALDOA","1",123,2,1.18065482931024,"AF-P04075-F1-model_v4","P04075-F1",0.388,0.378,0,96.5286255411255
"127","P04080","CSTB","1",0,1,1.02487876517513,"AF-P04080-F1-model_v4","P04080-F1",0.266,0.183,0,95.8511195928753
"128","P04183","TK1","1",72,2,2.47842130330618,"AF-P04183-F1-model_v4","P04183-F1",0.284,0.554,2,82.3099831460674
"129","P04198","MYCN","1",2492,3,2.82434724465493,"AF-P04198-F1-model_v4","P04198-F1",0.335,0.329,0,61.8170166379805
"130","P04406","GAPDH","1",625,4,1.06457550115709,"AF-P04406-F1-model_v4","P04406-F1",0.345,0.413,1,98.1707061143984
"131","P04626","ERBB2","1",8886,9,3.48113670437824,"AF-P04626-F1-model_v4","P04626-F1",0.179,0.572,1,74.9091822792672
"132","P04818","TYMS","1",672,3,1.07379664551541,"AF-P04818-F1-model_v4","P04818-F1",0.38,0.529,1,94.1360612082671
"133","P04908","H2AC8","1",30758,12,2.0567721541557,"AF-P04908-F1-model_v4","P04908-F1",0.384,0.231,0,91.0890261044177
"134","P05109","S100A8","1",0,2,3.43974930664867,"AF-P05109-F1-model_v4","P05109-F1",0.128,0.237,0,93.0339659685864
"135","P05161","ISG15","1",5068,8,1.49337699269344,"AF-P05161-F1-model_v4","P05161-F1",0.503,0.095,0,86.5401352426412
"136","P05496","ATP5MC1","1",2494,5,1.57572022005392,"AF-P05496-F1-model_v4","P05496-F1",0.401,0.898,1,72.6957627118644
"137","P05783","KRT18","1",10,4,1.26849048835587,"AF-P05783-F1-model_v4","P05783-F1",0.125,0.53,1,80.2997508896797
"138","P05787","KRT8","1",1869,4,1.36002847769667,"AF-P05787-F1-model_v4","P05787-F1",0.432,0.721,1,76.3267437533227
"139","P05997","COL5A2","2",8,3,1.0476063209551,"AF-P05997-F1-model_v4","P05997-F1",0.381,0.299,0,53.1025525024534
"140","P06493","CDK1","1",32588,14,2.30833344253726,"AF-P06493-F1-model_v4","P06493-F1",0.514,0.471,1,89.3155051975052
"141","P06702","S100A9","1",0,2,3.12692344253187,"AF-P06702-F1-model_v4","P06702-F1",0.328,0.187,0,94.9059482758621
"142","P06731","CEACAM5","9",0,1,4.05377248691136,"AF-P06731-F1-model_v4","P06731-F1",0.251,0.28,0,87.3328605724838
"143","P06744","GPI","1",8497,2,1.01228645107353,"AF-P06744-F1-model_v4","P06744-F1",0.383,0.816,2,97.8407676767677
"144","P06753","TPM3","1",3684,4,1.07061663280844,"AF-P06753-F1-model_v4","P06753-F1",0.348,0.799,1,91.788884064264
"145","P06899","H2BC11","1",3518,14,2.61675050317494,"AF-P06899-F1-model_v4","P06899-F1",0.25,0.87,2,85.698045035824
"146","P07101","TH","1",0,1,2.91181849577064,"AF-P07101-F1-model_v4","P07101-F1",0.17,0.773,1,81.6252548924861
"147","P07949","RET","1",1869,2,2.44316775719901,"AF-P07949-F1-model_v4","P07949-F1",0.127,0.827,1,79.442057208238
"148","P08034","GJB1","1",625,2,1.71216060955801,"AF-P08034-F1-model_v4","P08034-F1",0.333,0.89,1,80.0505017761989
"149","P08118","MSMB","1",0,2,1.37419470871805,"AF-P08118-F1-model_v4","P08118-F1",0.314,0.474,1,89.4385890257559
"150","P08476","INHBA","18",0,1,1.55130784059543,"AF-P08476-F1-model_v4","P08476-F1",0.032,0.018,0,76.539286789046
"151","P08709","F7","1",0,4,1.60939771918337,"AF-P08709-F1-model_v4","P08709-F1",0.316,0.422,1,82.7395737614171
"152","P08727","KRT19","1",623,2,1.04290174536086,"AF-P08727-F1-model_v4","P08727-F1",0.374,0.199,0,81.4000710135571
"153","P09067","HOXB5","25",0,2,2.20359938984016,"AF-P09067-F1-model_v4","P09067-F1",0.277,0.67,1,63.733368777187
"154","P09238","MMP10","1",625,2,1.46824009838273,"AF-P09238-F1-model_v4","P09238-F1",0.19,0.54,1,85.62216801461
"155","P09544","WNT2","1",2492,3,1.09321430942294,"AF-P09544-F1-model_v4","P09544-F1",0.34,0.478,1,88.0026382978723
"156","P09629","HOXB7","25",0,2,1.2928038861691,"AF-P09629-F1-model_v4","P09629-F1",0.013,0.044,0,66.8695204262877
"157","P09874","PARP1","1",26831,11,1.09851412195744,"AF-P09874-F1-model_v4","P09874-F1",0.074,0.732,2,83.2874471299094
"158","P09914","IFIT1","1",0,1,1.0946386441094,"AF-P09914-F1-model_v4","P09914-F1",0.057,0.93,1,94.1743924993578
"159","P0C0S5","H2AZ1","1",3720,12,1.39340948541104,"AF-P0C0S5-F1-model_v4","P0C0S5-F1",0.275,0.222,0,90.8227358490566
"160","P0C0S8","H2AC11","1",0,3,2.2066953583707,"AF-P0C0S8-F1-model_v4","P0C0S8-F1",0.416,0.234,0,91.3035750251762
"161","P0C0S8","H2AC13","1",0,4,3.07147196063423,"AF-P0C0S8-F1-model_v4","P0C0S8-F1",0.416,0.234,0,91.3035750251762
"162","P10244","MYBL2","1",0,1,2.74626338288218,"AF-P10244-F1-model_v4","P10244-F1",0.059,0.325,0,58.4505143475907
"163","P10276","RARA","1",26571,15,1.20781544337152,"AF-P10276-F1-model_v4","P10276-F1",0.362,0.958,1,79.418920518602
"164","P10412","H1-4","1",5517,12,1.63961361611477,"AF-P10412-F1-model_v4","P10412-F1",0.161,0.144,0,65.1640533506831
"165","P10599","TXN","1",625,3,1.09704078447434,"AF-P10599-F1-model_v4","P10599-F1",0.422,0.137,0,97.6433617539586
"166","P11388","TOP2A","1",12763,9,3.27601007844029,"AF-P11388-F1-model_v4","P11388-F1",0.045,0.897,1,76.4083174292472
"167","P11413","G6PD","1",625,2,1.85900940807866,"AF-P11413-F1-model_v4","P11413-F1",0.379,0.965,2,94.638745210728
"168","P12004","PCNA","1",5627,11,1.18515487525049,"AF-P12004-F1-model_v4","P12004-F1",0.569,0.642,1,94.3301493280239
"169","P12107","COL11A1","2",2,2,3.11666281574075,"AF-P12107-F1-model_v4","P12107-F1",0.153,0.37,0,52.8854014255502
"170","P12259","F5","1",6291,7,1.21020072052363,"AF-P12259-F1-model_v4","P12259-F1",0.187,0.887,2,62.2511937521146
"171","P12314","FCGR1A","1",5876,4,1.00346184539266,"AF-P12314-F1-model_v4","P12314-F1",0.35,0.568,2,84.9618617021277
"172","P12532","CKMT1A","10",0,1,1.75549670814561,"AF-P12532-F1-model_v4","P12532-F1",0.049,0.325,0,90.0594288304624
"173","P12532","CKMT1B","10",0,1,1.74028643499689,"AF-P12532-F1-model_v4","P12532-F1",0.049,0.325,0,90.0594288304624
"174","P13725","OSM","1",0,1,1.00748083519395,"AF-P13725-F1-model_v4","P13725-F1",0.107,0.721,1,79.6290781563126
"175","P13805","TNNT1","1",0,1,2.08505127049813,"AF-P13805-F1-model_v4","P13805-F1",0.147,0.251,0,74.9739308855292
"176","P13942","COL11A2","2",0,2,1.46278232987598,"AF-P13942-F1-model_v4","P13942-F1",0.255,0.219,0,50.5566914436736
"177","P14324","FDPS","1",0,1,1.00089417832267,"AF-P14324-F1-model_v4","P14324-F1",0.23,0.471,1,84.649456681351
"178","P14635","CCNB1","1",10722,13,2.24274730716836,"AF-P14635-F1-model_v4","P14635-F1",0.078,0.699,1,77.7724150162578
"179","P14902","IDO1","27",0,1,1.71174092036849,"AF-P14902-F1-model_v4","P14902-F1",0.277,0.991,1,93.3983944810285
"180","P15531","NME1","1",625,2,2.1389721081894,"AF-P15531-F1-model_v4","P15531-F1",0.154,0.48,1,97.4378524046435
"181","P15559","NQO1","1",0,1,1.39453063720772,"AF-P15559-F1-model_v4","P15559-F1",0.254,0.963,1,98.3285341273477
"182","P16104","H2AX","1",72354,21,1.51491291216912,"AF-P16104-F1-model_v4","P16104-F1",0.328,0.078,0,87.3299156513589
"183","P16402","H1-3","1",0,2,2.14787622825103,"AF-P16402-F1-model_v4","P16402-F1",0.251,0.165,0,63.9561107574793
"184","P16403","H1-2","1",0,3,1.85000311725587,"AF-P16403-F1-model_v4","P16403-F1",0.263,0.262,0,65.0318375499334
"185","P16422","EPCAM","1",625,2,1.46999854042409,"AF-P16422-F1-model_v4","P16422-F1",0.289,0.252,0,87.506487704918
"186","P16949","STMN1","1",1249,3,1.55008424395725,"AF-P16949-F1-model_v4","P16949-F1",0.448,0.402,1,88.3355858085809
"187","P17066","HSPA6","1",0,1,1.92789926133065,"AF-P17066-F1-model_v4","P17066-F1",0.274,0.452,1,88.9618646104546
"188","P17096","HMGA1","1",9544,6,1.35184947311264,"AF-P17096-F1-model_v4","P17096-F1",0.159,0.181,0,65.4623716381418
"189","P17509","HOXB6","25",0,2,2.41935207513403,"AF-P17509-F1-model_v4","P17509-F1",0.122,0.426,1,66.5483928571429
"190","P18428","LBP","1",0,1,2.98241492570396,"AF-P18428-F1-model_v4","P18428-F1",0.063,0.971,2,90.8043103906458
"191","P18564","ITGB6","1",625,2,1.31700726284265,"AF-P18564-F1-model_v4","P18564-F1",0.064,0.481,1,83.5190707003176
"192","P18627","LAG3","1",0,1,1.62749091793068,"AF-P18627-F1-model_v4","P18627-F1",0.331,0.261,0,78.2534908911866
"193","P18754","RCC1","1",625,4,1.02648167361061,"AF-P18754-F1-model_v4","P18754-F1",0.292,0.332,0,93.619575007929
"194","P18827","SDC1","1",3113,4,1.84534898016382,"AF-P18827-F1-model_v4","P18827-F1",0.262,0.43,1,55.993032427695
"195","P19022","CDH2","1",2664,6,1.65490426970902,"AF-P19022-F1-model_v4","P19022-F1",0.099,0.215,0,79.1765300313123
"196","P19075","TSPAN8","1",0,1,2.20893871533812,"AF-P19075-F1-model_v4","P19075-F1",0.098,0.981,1,88.3677491785323
"197","P19652","ORM2","1",0,1,3.65249136839556,"AF-P19652-F1-model_v4","P19652-F1",0.336,0.28,0,91.7151622596154
"198","P20248","CCNA2","1",32797,10,2.28652849347945,"AF-P20248-F1-model_v4","P20248-F1",0.256,0.547,2,74.7478724026924
"199","P20472","PVALB","1",0,1,2.9051324926879,"AF-P20472-F1-model_v4","P20472-F1",0.35,0.405,1,95.3575710900474
"200","P20700","LMNB1","1",625,3,2.07403639079618,"AF-P20700-F1-model_v4","P20700-F1",0.275,0.754,2,82.6346633684663
"201","P21741","MDK","1",625,2,1.32905035885158,"AF-P21741-F1-model_v4","P21741-F1",0.343,0.543,1,73.1076378676471
"202","P21810","BGN","1",1249,3,1.00252967650193,"AF-P21810-F1-model_v4","P21810-F1",0.299,0.811,1,85.7091987725878
"203","P21815","IBSP","1",0,1,3.15542258713483,"AF-P21815-F1-model_v4","P21815-F1",0.275,0.088,0,50.0554607922393
"204","P22392","NME2","1",625,2,1.21857094424589,"AF-P22392-F1-model_v4","P22392-F1",0.088,0.92,1,97.6457224958949
"205","P22455","FGFR4","1",0,2,2.94588221343883,"AF-P22455-F1-model_v4","P22455-F1",0.145,0.792,3,74.6104747295333
"206","P22674","CCNO","1",625,5,1.95702536559,"AF-P22674-F1-model_v4","P22674-F1",0.405,0.838,2,79.7310232383808
"207","P23378","GLDC","1",0,1,1.59031580842876,"AF-P23378-F1-model_v4","P23378-F1",0.263,0.967,1,94.4771092564492
"208","P23443","RPS6KB1","1",631,3,1.07119583376342,"AF-P23443-F1-model_v4","P23443-F1",0.17,0.824,2,71.6840788840789
"209","P23510","TNFSF4","1",0,1,1.47933969122168,"AF-P23510-F1-model_v4","P23510-F1",0.246,0.187,0,84.4242645074224
"210","P23527","H2BC17","1",30135,17,2.54064815622367,"AF-P23527-F1-model_v4","P23527-F1",0.371,0.957,2,88.0009928352098
"211","P24347","MMP11","1",0,1,2.68217567462472,"AF-P24347-F1-model_v4","P24347-F1",0.41,0.848,1,78.8245550683518
"212","P24864","CCNE1","1",2747,6,2.4996062380768,"AF-P24864-F1-model_v4","P24864-F1",0.101,0.284,0,79.9765767949106
"213","P25063","CD24","1",0,1,2.01687989929575,"AF-P25063-F1-model_v4","P25063-F1",0.228,0.632,1,63.8901060070671
"214","P25815","S100P","1",0,1,3.50743307116218,"AF-P25815-F1-model_v4","P25815-F1",0.427,0.529,1,87.1975412087912
"215","P26367","PAX6","1",0,1,1.96463527234389,"AF-P26367-F1-model_v4","P26367-F1",0.175,0.457,2,69.0944454628781
"216","P26374","CHML","1",1249,3,1.11253950212256,"AF-P26374-F1-model_v4","P26374-F1",0.041,0.142,0,80.1059899845917
"217","P26378","ELAVL4","1",0,1,2.40516553346255,"AF-P26378-F1-model_v4","P26378-F1",0.235,0.562,1,74.3148807524353
"218","P27169","PON1","1",1869,3,1.41476249320899,"AF-P27169-F1-model_v4","P27169-F1",0.369,0.422,1,97.0192696829355
"219","P29033","GJB2","1",0,1,2.03407918423735,"AF-P29033-F1-model_v4","P29033-F1",0.236,0.943,2,86.3863956639566
"220","P29373","CRABP2","1",0,1,1.22704535700351,"AF-P29373-F1-model_v4","P29373-F1",0.238,0.254,0,96.7101000909918
"221","P29728","OAS2","1",625,3,1.28386436021646,"AF-P29728-F1-model_v4","P29728-F1",0.27,0.588,1,87.7412699776594
"222","P30304","CDC25A","1",0,1,1.93601379908188,"AF-P30304-F1-model_v4","P30304-F1",0.29,0.289,0,63.5796743849493
"223","P30305","CDC25B","1",0,1,1.02871725070322,"AF-P30305-F1-model_v4","P30305-F1",0.17,0.166,0,63.4444164107065
"224","P30307","CDC25C","1",625,2,2.4125995350833,"AF-P30307-F1-model_v4","P30307-F1",0.34,0.777,1,64.1824899598394
"225","P30405","PPIF","1",0,1,1.12743929739841,"AF-P30405-F1-model_v4","P30405-F1",0.265,0.204,0,88.9199870717518
"226","P31151","S100A7","1",0,1,3.63624548495707,"AF-P31151-F1-model_v4","P31151-F1",0.153,0.463,1,95.7406109725686
"227","P31270","HOXA11","1",0,1,1.68273380344166,"AF-P31270-F1-model_v4","P31270-F1",0.223,0.872,1,62.5466501854141
"228","P31350","RRM2","1",582,2,3.088411706586,"AF-P31350-F1-model_v4","P31350-F1",0.276,0.377,0,80.1260056925996
"229","P31645","SLC6A4","1",0,1,2.75938700197136,"AF-P31645-F1-model_v4","P31645-F1",0.091,0.966,1,85.4319524959742
"230","P31948","STIP1","1",7288,6,1.16767948835989,"AF-P31948-F1-model_v4","P31948-F1",0.202,0.534,2,90.010867881549
"231","P32004","L1CAM","1",2891,7,1.02713526582033,"AF-P32004-F1-model_v4","P32004-F1",0.068,0.631,1,79.3527939240506
"232","P32242","OTX1","1",0,1,1.25081212209931,"AF-P32242-F1-model_v4","P32242-F1",0.364,0.48,1,57.5427445755615
"233","P32322","PYCR1","35",0,2,1.93129698930446,"AF-P32322-F1-model_v4","P32322-F1",0.336,0.869,2,90.0678100940975
"234","P33552","CKS2","1",0,1,1.95466762397812,"AF-P33552-F1-model_v4","P33552-F1",0.368,0.194,0,92.8712195121951
"235","P33681","CD80","1",1115,3,1.4933058447323,"AF-P33681-F1-model_v4","P33681-F1",0.123,0.318,0,86.3007672413793
"236","P33981","TTK","1",625,3,2.46112568814915,"AF-P33981-F1-model_v4","P33981-F1",0.146,0.956,1,63.954351783879
"237","P33991","MCM4","1",551,7,1.58125882645818,"AF-P33991-F1-model_v4","P33991-F1",0.217,0.658,3,73.7432969464523
"238","P34897","SHMT2","1",0,1,1.13198955880602,"AF-P34897-F1-model_v4","P34897-F1",0.355,0.933,2,93.305652284264
"239","P35227","PCGF2","1",29305,14,1.72667670008171,"AF-P35227-F1-model_v4","P35227-F1",0.245,0.21,0,75.7243175803403
"240","P35232","PHB1","1",6717,3,1.35129561638913,"AF-P35232-F1-model_v4","P35232-F1",0.446,0.368,0,88.0964859724204
"241","P35249","RFC4","1",3020,10,1.1556647503357,"AF-P35249-F1-model_v4","P35249-F1",0.204,0.507,1,82.8306038820992
"242","P35250","RFC2","1",49,9,1.14249277319449,"AF-P35250-F1-model_v4","P35250-F1",0.481,0.68,2,86.2445169522421
"243","P35520","CBS","1",0,1,1.3538313140506,"AF-P35520-F1-model_v4","P35520-F1",0.177,0.453,1,90.1963029162747
"244","P35556","FBN2","1",0,1,1.51964362207247,"AF-P35556-F3-model_v4","P35556-F3",0.076,0.662,1,73.4549370886566
"245","P35556","FBN2","1",0,1,1.51964362207247,"AF-P35556-F7-model_v4","P35556-F7",0.286,0.926,1,75.5667598353594
"246","P35556","FBN2","1",0,1,1.51964362207247,"AF-P35556-F2-model_v4","P35556-F2",0.059,0.237,0,72.5115954139137
"247","P35556","FBN2","1",0,1,1.51964362207247,"AF-P35556-F4-model_v4","P35556-F4",0.126,0.565,1,75.5920811744387
"248","P35556","FBN2","1",0,1,1.51964362207247,"AF-P35556-F6-model_v4","P35556-F6",0.177,0.7,2,74.8867280534351
"249","P35556","FBN2","1",0,1,1.51964362207247,"AF-P35556-F5-model_v4","P35556-F5",0.107,0.975,1,75.7839261809141
"250","P35556","FBN2","1",0,1,1.51964362207247,"AF-P35556-F8-model_v4","P35556-F8",0.146,0.448,1,73.4091143347967
"251","P35556","FBN2","1",0,1,1.51964362207247,"AF-P35556-F9-model_v4","P35556-F9",0.139,0.88,1,75.0625435504984
"252","P35556","FBN2","1",0,1,1.51964362207247,"AF-P35556-F1-model_v4","P35556-F1",0.118,0.585,1,70.3207792963071
"253","P35609","ACTN2","1",16719,9,2.72033253033594,"AF-P35609-F1-model_v4","P35609-F1",0.227,0.956,2,85.0345231570293
"254","P35716","SOX11","1",977,4,3.74906487233446,"AF-P35716-F1-model_v4","P35716-F1",-0.006,0.41,1,57.8776786805131
"255","P36956","SREBF1","1",625,3,1.02386006230004,"AF-P36956-F1-model_v4","P36956-F1",0.292,0.816,1,65.4714095527269
"256","P39748","FEN1","1",626,4,1.49749045884481,"AF-P39748-F1-model_v4","P39748-F1",0.078,0.113,0,90.0350552024088
"257","P39905","GDNF","1",3105,2,1.34049889899406,"AF-P39905-F1-model_v4","P39905-F1",0.322,0.674,3,75.0262673088501
"258","P40225","THPO","21",0,1,1.84681629174303,"AF-P40225-F1-model_v4","P40225-F1",0.34,0.369,0,61.3589891018414
"259","P40305","IFI27","1",0,1,1.67917828602652,"AF-P40305-F1-model_v4","P40305-F1",0.066,0.942,1,52.1421118012422
"260","P40938","RFC3","1",5572,9,1.03418662923835,"AF-P40938-F1-model_v4","P40938-F1",0.497,0.505,1,86.4799258997883
"261","P41002","CCNF","1",0,1,1.58344599687819,"AF-P41002-F1-model_v4","P41002-F1",0.276,0.059,0,72.4470043909579
"262","P42224","STAT1","1",8745,7,1.15372790816205,"AF-P42224-F1-model_v4","P42224-F1",0.247,0.581,2,88.260738451529
"263","P42771","CDKN2A","1",0,1,1.52854788292816,"AF-P42771-F1-model_v4","P42771-F1",0.396,0.503,2,75.5943706896552
"264","P43686","PSMC4","1",0,3,1.00357498351742,"AF-P43686-F1-model_v4","P43686-F1",0.246,0.673,1,80.1084499849805
"265","P46098","HTR3A","1",9005,5,2.25208796229403,"AF-P46098-F1-model_v4","P46098-F1",0.422,0.858,2,83.464506789649
"266","P47224","RABIF","1",0,1,1.33080860696379,"AF-P47224-F1-model_v4","P47224-F1",0.33,0.348,0,89.0372783505155
"267","P47736","RAP1GAP","1",2488,2,1.39108146565524,"AF-P47736-F1-model_v4","P47736-F1",0.06,0.047,0,70.9969603097774
"268","P48048","KCNJ1","1",0,1,1.54624624135792,"AF-P48048-F1-model_v4","P48048-F1",0.204,0.784,3,85.5237025316456
"269","P48051","KCNJ6","1",4333,3,1.36135527217705,"AF-P48051-F1-model_v4","P48051-F1",0.111,0.911,1,83.7091519953052
"270","P48431","SOX2","1",13382,11,4.35840567459078,"AF-P48431-F1-model_v4","P48431-F1",0.179,0.273,0,61.9579189302131
"271","P48643","CCT5","1",535,4,1.10884268112749,"AF-P48643-F1-model_v4","P48643-F1",0.309,0.938,1,89.3984521238301
"272","P48645","NMU","1",0,1,2.61938093708116,"AF-P48645-F1-model_v4","P48645-F1",0.141,0.161,0,63.7295382395382
"273","P48775","TDO2","27",0,1,1.69638520155905,"AF-P48775-F1-model_v4","P48775-F1",0.175,0.947,1,90.5243651968038
"274","P49006","MARCKSL1","1",0,1,1.1058243367445,"AF-P49006-F1-model_v4","P49006-F1",0.338,0.117,0,55.697905109489
"275","P49368","CCT3","1",10265,7,1.00327288928248,"AF-P49368-F1-model_v4","P49368-F1",0.164,0.823,1,89.0905656804734
"276","P49450","CENPA","1",5242,6,2.54683972493996,"AF-P49450-F1-model_v4","P49450-F1",0.14,0.815,2,82.0783628318584
"277","P49454","CENPF","1",2466,3,2.41241860289031,"AF-P49454-F6-model_v4","P49454-F6",0.437,0.484,2,70.995527633697
"278","P49454","CENPF","1",2466,3,2.41241860289031,"AF-P49454-F5-model_v4","P49454-F5",0.219,0.384,0,70.8340929025329
"279","P49454","CENPF","1",2466,3,2.41241860289031,"AF-P49454-F8-model_v4","P49454-F8",0.307,0.792,6,71.5561330839123
"280","P49454","CENPF","1",2466,3,2.41241860289031,"AF-P49454-F1-model_v4","P49454-F1",0.399,0.524,2,72.4119894505495
"281","P49454","CENPF","1",2466,3,2.41241860289031,"AF-P49454-F3-model_v4","P49454-F3",0.328,0.243,0,70.3329779477147
"282","P49454","CENPF","1",2466,3,2.41241860289031,"AF-P49454-F10-model_v4","P49454-F10",0.416,0.769,3,73.1536007249142
"283","P49454","CENPF","1",2466,3,2.41241860289031,"AF-P49454-F9-model_v4","P49454-F9",0.372,0.826,1,72.0016993930739
"284","P49454","CENPF","1",2466,3,2.41241860289031,"AF-P49454-F2-model_v4","P49454-F2",0.173,0.336,0,71.950278588485
"285","P49454","CENPF","1",2466,3,2.41241860289031,"AF-P49454-F4-model_v4","P49454-F4",0.416,0.452,1,70.5056078431373
"286","P49454","CENPF","1",2466,3,2.41241860289031,"AF-P49454-F7-model_v4","P49454-F7",0.122,0.906,1,71.418744961032
"287","P49682","CXCR3","1",0,1,1.10230372680281,"AF-P49682-F1-model_v4","P49682-F1",0.21,0.59,1,80.6454109828611
"288","P49720","PSMB3","1",482,3,1.7876802505075,"AF-P49720-F1-model_v4","P49720-F1",0.327,0.33,0,97.3788868042527
"289","P49736","MCM2","1",0,2,1.44311403092568,"AF-P49736-F1-model_v4","P49736-F1",0.139,0.522,3,76.522590572108
"290","P49747","COMP","1",625,2,1.93235297551398,"AF-P49747-F1-model_v4","P49747-F1",0.18,0.681,2,88.5665641202904
"291","P49888","SULT1E1","1",0,2,1.81705315303737,"AF-P49888-F1-model_v4","P49888-F1",0.122,1,1,97.2009963695038
"292","P49913","CAMP","1",0,1,3.16077296487489,"AF-P49913-F1-model_v4","P49913-F1",0.242,0.149,0,80.1452993348115
"293","P50150","GNG4","1",625,3,1.21183073288088,"AF-P50150-F1-model_v4","P50150-F1",0.326,0.428,1,87.9333619210978
"294","P50616","TOB1","1",0,1,1.26387202736305,"AF-P50616-F1-model_v4","P50616-F1",-0.004,0.098,0,67.0858943845296
"295","P51530","DNA2","1",6471,10,1.7649584212312,"AF-P51530-F1-model_v4","P51530-F1",0.216,0.741,2,87.5620381561796
"296","P51587","BRCA2","1",19786,9,1.54086561395796,"AF-P51587-F9-model_v4","P51587-F9",0.13,0.576,1,55.0772757624977
"297","P51587","BRCA2","1",19786,9,1.54086561395796,"AF-P51587-F10-model_v4","P51587-F10",0.073,0.678,4,62.8549091072714
"298","P51587","BRCA2","1",19786,9,1.54086561395796,"AF-P51587-F12-model_v4","P51587-F12",0.066,0.785,1,65.838077675904
"299","P51587","BRCA2","1",19786,9,1.54086561395796,"AF-P51587-F8-model_v4","P51587-F8",0.211,0.816,1,50.7637532832171
"300","P51587","BRCA2","1",19786,9,1.54086561395796,"AF-P51587-F11-model_v4","P51587-F11",0.09,0.783,2,62.0825062859195
"301","P51671","CCL11","1",0,1,2.61456642836591,"AF-P51671-F1-model_v4","P51671-F1",0.345,0.872,1,87.9844281914894
"302","P51685","CCR8","1",5908,4,2.4173560825037,"AF-P51685-F1-model_v4","P51685-F1",0.123,0.512,2,81.6104939130435
"303","P51955","NEK2","1",297,2,2.94443198245953,"AF-P51955-F1-model_v4","P51955-F1",0.136,0.658,2,78.7481933351694
"304","P52292","KPNA2","1",1249,6,2.26513300203719,"AF-P52292-F1-model_v4","P52292-F1",0.024,0.711,1,86.1073162939297
"305","P52732","KIF11","1",2935,10,2.16955905303089,"AF-P52732-F1-model_v4","P52732-F1",0.141,0.991,1,74.7686384864088
"306","P52797","EFNA3","19",0,1,1.94753455577249,"AF-P52797-F1-model_v4","P52797-F1",0.282,0.709,1,74.1268440860215
"307","P52798","EFNA4","19",0,1,1.12000046332862,"AF-P52798-F1-model_v4","P52798-F1",0.09,0.489,1,83.8176124129196
"308","P52815","MRPL12","1",0,2,1.20994931061505,"AF-P52815-F1-model_v4","P52815-F1",0.472,0.53,1,69.515320855615
"309","P53350","PLK1","1",25935,18,2.49182686766652,"AF-P53350-F1-model_v4","P53350-F1",0.175,0.953,2,85.1698896752706
"310","P54132","BLM","1",1244,6,1.52895857496265,"AF-P54132-F1-model_v4","P54132-F1",0.119,0.302,0,60.9577520838935
"311","P54284","CACNB3","1",0,1,1.16732604409938,"AF-P54284-F1-model_v4","P54284-F1",-0.018,0.756,1,74.0703333333333
"312","P55001","MFAP2","1",525,2,1.04740915241929,"AF-P55001-F1-model_v4","P55001-F1",0.317,0.32,0,68.6787714481812
"313","P55291","CDH15","1",0,3,1.28189196642702,"AF-P55291-F1-model_v4","P55291-F1",0.226,0.457,1,77.8389577689243
"314","P55317","FOXA1","1",1249,6,1.45503764650851,"AF-P55317-F1-model_v4","P55317-F1",0.177,0.347,0,57.4864323067984
"315","P55318","FOXA3","1",0,1,1.58244213050142,"AF-P55318-F1-model_v4","P55318-F1",0.343,0.201,0,63.339698358152
"316","P55327","TPD52","1",1670,5,1.41964376461632,"AF-P55327-F1-model_v4","P55327-F1",0.35,0.412,1,68.1763684210526
"317","P55771","PAX9","1",0,1,2.03127846821794,"AF-P55771-F1-model_v4","P55771-F1",0.16,0.654,1,64.1267278406872
"318","P56282","POLE2","1",2,6,1.28772267872846,"AF-P56282-F1-model_v4","P56282-F1",0.232,0.619,2,92.8374541557514
"319","P57739","CLDN2","1",3634,5,1.75065854497829,"AF-P57739-F1-model_v4","P57739-F1",0.093,0.091,0,78.6734610917538
"320","P58876","H2BC5","1",38292,13,1.49458245556723,"AF-P58876-F1-model_v4","P58876-F1",0.283,0.959,1,87.5827170582227
"321","P60510","PPP4C","1",237,2,1.17832398426113,"AF-P60510-F1-model_v4","P60510-F1",0.387,0.933,1,94.8774645605508
"322","P60763","RAC3","1",991,3,1.51970705773862,"AF-P60763-F1-model_v4","P60763-F1",0.341,0.937,1,93.8337150466045
"323","P60852","ZP1","39",0,1,1.68983335981854,"AF-P60852-F1-model_v4","P60852-F1",0.233,0.332,0,73.0052553708958
"324","P61024","CKS1B","1",1261,4,1.02717425234502,"AF-P61024-F1-model_v4","P61024-F1",0.172,0.423,1,92.1724926686217
"325","P61604","HSPE1","1",0,2,1.31932793031746,"AF-P61604-F1-model_v4","P61604-F1",0.264,0.136,0,88.7677662337662
"326","P62136","PPP1CA","1",7738,12,1.07127462643354,"AF-P62136-F1-model_v4","P62136-F1",0.206,0.44,1,91.5526896813354
"327","P62304","SNRPE","1",2493,4,1.00174997750271,"AF-P62304-F1-model_v4","P62304-F1",0.35,0.297,0,91.1812698412698
"328","P62308","SNRPG","1",0,1,1.093608311225,"AF-P62308-F1-model_v4","P62308-F1",0.343,0.348,0,93.4203214890017
"329","P62805","H4C12","1",2850,14,1.34785966186366,"AF-P62805-F1-model_v4","P62805-F1",0.336,0.581,1,90.437525
"330","P62805","H4C9","1",0,3,1.93501493868902,"AF-P62805-F1-model_v4","P62805-F1",0.336,0.581,1,90.437525
"331","P62805","H4C14","1",1625,3,2.49496184517445,"AF-P62805-F1-model_v4","P62805-F1",0.336,0.581,1,90.437525
"332","P62805","H4C5","1",39112,15,2.03219210622107,"AF-P62805-F1-model_v4","P62805-F1",0.336,0.581,1,90.437525
"333","P62805","H4C8","1",1664,15,2.85501259479704,"AF-P62805-F1-model_v4","P62805-F1",0.336,0.581,1,90.437525
"334","P62807","H2BC4","1",13482,10,2.32560952245469,"AF-P62807-F1-model_v4","P62807-F1",0.291,0.965,1,87.8297338792221
"335","P62807","H2BC8","1",0,2,2.40645554054365,"AF-P62807-F1-model_v4","P62807-F1",0.291,0.965,1,87.8297338792221
"336","P62807","H2BC7","1",12931,14,2.575350684335,"AF-P62807-F1-model_v4","P62807-F1",0.291,0.965,1,87.8297338792221
"337","P62807","H2BC6","1",0,2,2.31856315329511,"AF-P62807-F1-model_v4","P62807-F1",0.291,0.965,1,87.8297338792221
"338","P68431","H3C10","1",1343,4,2.5861612164738,"AF-P68431-F1-model_v4","P68431-F1",0.351,0.623,1,87.2869195189639
"339","P68431","H3C6","1",1249,7,1.40244220516356,"AF-P68431-F1-model_v4","P68431-F1",0.351,0.623,1,87.2869195189639
"340","P68431","H3C8","1",622,4,2.60566346639797,"AF-P68431-F1-model_v4","P68431-F1",0.351,0.623,1,87.2869195189639
"341","P68431","H3C2","1",719,4,3.50047941798806,"AF-P68431-F1-model_v4","P68431-F1",0.351,0.623,1,87.2869195189639
"342","P78380","OLR1","1",68,2,1.47303430794345,"AF-P78380-F1-model_v4","P78380-F1",0.388,0.476,1,87.4070948434622
"343","P78395","PRAME","34",0,1,3.15290385437731,"AF-P78395-F1-model_v4","P78395-F1",0.372,0.605,1,81.5777479694807
"344","P78406","RAE1","1",625,2,1.00609656340361,"AF-P78406-F1-model_v4","P78406-F1",0.218,0.037,0,93.5317598056231
"345","P78508","KCNJ10","1",625,4,1.8604783836059,"AF-P78508-F1-model_v4","P78508-F1",0.093,0.767,1,82.3221554888222
"346","P78556","CCL20","1",0,1,1.57862202843612,"AF-P78556-F1-model_v4","P78556-F1",0.403,0.405,1,89.3848865153538
"347","P80098","CCL7","1",625,2,2.44357271033257,"AF-P80098-F1-model_v4","P80098-F1",0.36,0.225,0,85.5789910600255
"348","P80370","DLK1","8",0,1,3.76799143290637,"AF-P80370-F1-model_v4","P80370-F1",0.291,0.918,2,74.4747208653175
"349","P81605","DCD","1",625,3,4.82722117799212,"AF-P81605-F1-model_v4","P81605-F1",0.374,0.716,2,64.5234556962025
"350","P82930","MRPS34","1",1893,4,1.05290448635011,"AF-P82930-F1-model_v4","P82930-F1",0.351,0.505,1,82.715019326339
"351","P83916","CBX1","1",7564,7,1.06264899228196,"AF-P83916-F1-model_v4","P83916-F1",0.074,0.01,0,76.195049833887
"352","P84098","RPL19","1",3727,5,1.75042107381501,"AF-P84098-F1-model_v4","P84098-F1",0.402,0.406,1,94.6407917174178
"353","Q00610","CLTC","1",11286,9,1.57392478900985,"AF-Q00610-F1-model_v4","Q00610-F1",0.181,0.863,2,78.0416780364823
"354","Q00975","CACNA1B","1",1889,4,2.56478705583076,"AF-Q00975-F1-model_v4","Q00975-F1",0.127,0.955,3,60.3841264342931
"355","Q01094","E2F1","1",13255,11,2.13362653293596,"AF-Q01094-F1-model_v4","Q01094-F1",0.146,0.407,1,63.7350409463148
"356","Q01101","INSM1","1",625,2,1.33134761658843,"AF-Q01101-F1-model_v4","Q01101-F1",0.204,0.135,0,59.1478765100671
"357","Q01113","IL9R","1",0,1,1.37182265077149,"AF-Q01113-F1-model_v4","Q01113-F1",0.15,0.594,1,64.2091083437111
"358","Q01650","SLC7A5","1",33,2,1.54441588011138,"AF-Q01650-F1-model_v4","Q01650-F1",0.097,0.862,2,86.240030919866
"359","Q01813","PFKP","9",0,1,1.05914025287559,"AF-Q01813-F1-model_v4","Q01813-F1",0.513,0.857,2,92.4487485419097
"360","Q02224","CENPE","1",1249,4,2.13629195688365,"AF-Q02224-F5-model_v4","Q02224-F5",0.235,0.575,2,73.0695095601475
"361","Q02224","CENPE","1",1249,4,2.13629195688365,"AF-Q02224-F7-model_v4","Q02224-F7",0.304,0.741,2,72.4408738281586
"362","Q02224","CENPE","1",1249,4,2.13629195688365,"AF-Q02224-F3-model_v4","Q02224-F3",0.416,0.949,1,70.8415997235899
"363","Q02224","CENPE","1",1249,4,2.13629195688365,"AF-Q02224-F6-model_v4","Q02224-F6",0.135,0.997,5,72.5524854202401
"364","Q02224","CENPE","1",1249,4,2.13629195688365,"AF-Q02224-F8-model_v4","Q02224-F8",0.191,0.88,2,74.1531594148887
"365","Q02224","CENPE","1",1249,4,2.13629195688365,"AF-Q02224-F2-model_v4","Q02224-F2",0.126,0.96,2,70.7644444444445
"366","Q02224","CENPE","1",1249,4,2.13629195688365,"AF-Q02224-F1-model_v4","Q02224-F1",0.308,0.67,2,71.0705068277311
"367","Q02224","CENPE","1",1249,4,2.13629195688365,"AF-Q02224-F4-model_v4","Q02224-F4",0.168,0.487,1,72.3195598895409
"368","Q02241","KIF23","1",32,4,2.01690314931998,"AF-Q02241-F1-model_v4","Q02241-F1",0.314,0.498,1,73.073534214619
"369","Q02833","RASSF7","1",0,1,1.07343946659277,"AF-Q02833-F1-model_v4","Q02833-F1",0.307,0.409,1,74.5704462691896
"370","Q02962","PAX2","1",625,2,1.23657563100747,"AF-Q02962-F1-model_v4","Q02962-F1",0.035,0.234,0,61.2209457315138
"371","Q03252","LMNB2","1",0,1,1.04261601867564,"AF-Q03252-F1-model_v4","Q03252-F1",0.194,0.394,0,80.0278409785933
"372","Q03692","COL10A1","2",9,3,2.87437069634856,"AF-Q03692-F1-model_v4","Q03692-F1",0.002,0.028,0,61.4977457264957
"373","Q04912","MST1R","1",0,1,1.381453318977,"AF-Q04912-F1-model_v4","Q04912-F1",0.105,0.51,2,80.2780128863573
"374","Q05586","GRIN1","1",625,4,2.06226739043243,"AF-Q05586-F1-model_v4","Q05586-F1",0.154,0.739,1,82.795669365722
"375","Q05639","EEF1A2","1",1248,3,2.4451465782921,"AF-Q05639-F1-model_v4","Q05639-F1",0.384,0.71,1,88.7397970115591
"376","Q05996","ZP2","39",0,1,3.05608060563569,"AF-Q05996-F1-model_v4","Q05996-F1",0.105,0.207,0,72.0582733564014
"377","Q06609","RAD51","1",4557,4,2.07078428091378,"AF-Q06609-F1-model_v4","Q06609-F1",0.282,0.64,1,91.5906682116647
"378","Q06830","PRDX1","1",0,2,1.0747191640302,"AF-Q06830-F1-model_v4","Q06830-F1",0.463,0.359,0,97.1896474358974
"379","Q07011","TNFRSF9","1",2507,3,1.33681940801277,"AF-Q07011-F1-model_v4","Q07011-F1",0.306,0.548,2,81.7623076923077
"380","Q07065","CKAP4","1",0,1,1.13231654751526,"AF-Q07065-F1-model_v4","Q07065-F1",0.243,0.704,1,75.3821853448276
"381","Q07325","CXCL9","1",0,2,2.13716104698071,"AF-Q07325-F1-model_v4","Q07325-F1",0.304,0.283,0,87.9239755351682
"382","Q07617","SPAG1","1",7813,3,1.17770416736059,"AF-Q07617-F1-model_v4","Q07617-F1",0.129,0.613,1,74.4880975945017
"383","Q08050","FOXM1","1",2065,5,2.46036816786704,"AF-Q08050-F1-model_v4","Q08050-F1",0.178,0.776,1,51.0762881727687
"384","Q08830","FGL1","1",4518,4,1.688789429429,"AF-Q08830-F1-model_v4","Q08830-F1",0.239,0.479,1,91.9722744945568
"385","Q12756","KIF1A","1",8051,11,3.68460595940377,"AF-Q12756-F1-model_v4","Q12756-F1",0.106,0.373,0,71.0182512847248
"386","Q12834","CDC20","1",2042,5,2.36878016408996,"AF-Q12834-F1-model_v4","Q12834-F1",0.319,0.217,0,84.8543494038362
"387","Q12926","ELAVL2","5",0,1,1.17335310644538,"AF-Q12926-F1-model_v4","Q12926-F1",0.102,0.209,0,76.3501009009009
"388","Q13112","CHAF1B","1",0,2,1.28045222654154,"AF-Q13112-F1-model_v4","Q13112-F1",0.173,0.789,1,75.3852922152922
"389","Q13113","PDZK1IP1","1",0,1,1.01810378334265,"AF-Q13113-F1-model_v4","Q13113-F1",0.247,0.145,0,65.2075262543757
"390","Q13257","MAD2L1","1",1871,4,1.82636237231421,"AF-Q13257-F1-model_v4","Q13257-F1",0.178,0.019,0,93.7585265700483
"391","Q13387","MAPK8IP2","1",0,1,1.90078871972244,"AF-Q13387-F1-model_v4","Q13387-F1",0.111,0.869,1,51.7187309562399
"392","Q13415","ORC1","1",33680,6,1.96426047964459,"AF-Q13415-F1-model_v4","Q13415-F1",0.154,0.765,1,67.9746077283372
"393","Q13421","MSLN","1",0,1,1.29823015373952,"AF-Q13421-F1-model_v4","Q13421-F1",0.171,0.275,0,79.0873356686586
"394","Q13509","TUBB3","1",22,2,2.29616890205049,"AF-Q13509-F1-model_v4","Q13509-F1",0.202,0.422,1,91.4775007068137
"395","Q13541","EIF4EBP1","1",0,1,1.39658442306101,"AF-Q13541-F1-model_v4","Q13541-F1",0.32,0.379,0,71.2936177474403
"396","Q13554","CAMK2B","1",0,4,1.1796824067398,"AF-Q13554-F1-model_v4","Q13554-F1",0.317,0.944,2,72.3408961064371
"397","Q13740","ALCAM","1",0,1,1.00553237485342,"AF-Q13740-F1-model_v4","Q13740-F1",0.062,0.159,0,86.3027727968511
"398","Q13790","APOF","1",0,2,1.76023406083723,"AF-Q13790-F1-model_v4","Q13790-F1",0.212,0.918,1,63.8175312122433
"399","Q13882","PTK6","1",0,1,1.77284110721653,"AF-Q13882-F1-model_v4","Q13882-F1",0.137,0.283,0,89.1669529540481
"400","Q13972","RASGRF1","1",8,5,1.87902197519711,"AF-Q13972-F1-model_v4","Q13972-F1",0.27,0.654,2,72.8249323662027
"401","Q14114","LRP8","1",0,1,1.44983097528144,"AF-Q14114-F1-model_v4","Q14114-F1",0.423,0.171,0,73.6217830508475
"402","Q14197","MRPL58","1",0,1,1.04359588005799,"AF-Q14197-F1-model_v4","Q14197-F1",0.332,0.434,1,84.3899457504521
"403","Q14209","E2F2","1",0,1,1.92289911967528,"AF-Q14209-F1-model_v4","Q14209-F1",0.203,0.12,0,64.0825988023952
"404","Q14451","GRB7","1",3720,2,3.17197066019449,"AF-Q14451-F1-model_v4","Q14451-F1",0.214,0.36,0,78.8887791527844
"405","Q14533","KRT81","1",0,3,1.22491693647282,"AF-Q14533-F1-model_v4","Q14533-F1",0.457,0.477,4,74.3080293116985
"406","Q14534","SQLE","38",0,1,1.94943840886085,"AF-Q14534-F1-model_v4","Q14534-F1",0.304,0.953,2,86.1164581947217
"407","Q14566","MCM6","1",4012,4,1.15711838154817,"AF-Q14566-F1-model_v4","Q14566-F1",0.032,0.695,2,77.3392261722341
"408","Q14674","ESPL1","1",0,1,2.08353842710993,"AF-Q14674-F1-model_v4","Q14674-F1",0.619,0.885,1,75.7783475713937
"409","Q14680","MELK","1",625,2,2.807776005861,"AF-Q14680-F1-model_v4","Q14680-F1",0.159,0.993,1,70.6437161388783
"410","Q14691","GINS1","1",0,1,2.10477144160645,"AF-Q14691-F1-model_v4","Q14691-F1",0.241,0.287,0,93.3026906385617
"411","Q14749","GNMT","1",0,1,1.32117142701586,"AF-Q14749-F1-model_v4","Q14749-F1",0.494,0.941,1,88.7568389057751
"412","Q14781","CBX2","1",838,9,2.78179987647637,"AF-Q14781-F1-model_v4","Q14781-F1",0.299,0.165,0,57.1826386768448
"413","Q14807","KIF22","1",4098,11,1.23837696213131,"AF-Q14807-F1-model_v4","Q14807-F1",0.267,0.381,0,74.1158770906262
"414","Q14833","GRM4","23",0,1,2.00490378966986,"AF-Q14833-F1-model_v4","Q14833-F1",0.09,0.891,2,83.5405180840665
"415","Q14847","LASP1","1",0,1,1.51650757552253,"AF-Q14847-F1-model_v4","Q14847-F1",0.111,0.476,1,71.2904652278177
"416","Q15003","NCAPH","1",0,1,2.46038414887311,"AF-Q15003-F1-model_v4","Q15003-F1",0.198,0.683,1,60.7197876747799
"417","Q15004","PCLAF","1",0,1,2.2890879206159,"AF-Q15004-F1-model_v4","Q15004-F1",0.264,0.167,0,66.1263971462545
"418","Q15058","KIF14","1",1933,8,2.76437013945507,"AF-Q15058-F1-model_v4","Q15058-F1",0.148,0.506,1,66.0463600917431
"419","Q15102","PAFAH1B3","29",0,1,1.84181302953076,"AF-Q15102-F1-model_v4","Q15102-F1",0.234,0.21,0,95.1374683544304
"420","Q15116","PDCD1","1",3237,4,1.00802315754743,"AF-Q15116-F1-model_v4","Q15116-F1",0.384,0.399,0,74.1841890681004
"421","Q15398","DLGAP5","1",1289,4,2.45491644719521,"AF-Q15398-F1-model_v4","Q15398-F1",0.071,0.621,1,56.3710199490026
"422","Q15468","STIL","1",0,1,1.87093741430006,"AF-Q15468-F1-model_v4","Q15468-F1",0.274,0.421,1,53.6494972568579
"423","Q15645","TRIP13","1",625,2,2.14451194238619,"AF-Q15645-F1-model_v4","Q15645-F1",0.249,0.677,2,86.9794004094765
"424","Q15646","OASL","1",1248,2,1.56568879769568,"AF-Q15646-F1-model_v4","Q15646-F1",0.34,0.392,0,92.2869968892079
"425","Q15648","MED1","1",3945,7,2.12796195448843,"AF-Q15648-F1-model_v4","Q15648-F1",0.204,0.559,2,51.2956233579117
"426","Q15910","EZH2","1",3733,10,1.78287561423338,"AF-Q15910-F1-model_v4","Q15910-F1",0.054,0.711,4,76.5958989797625
"427","Q16610","ECM1","1",0,1,1.52806257065142,"AF-Q16610-F1-model_v4","Q16610-F1",0.196,0.839,2,68.8825199624237
"428","Q16623","STX1A","1",6189,5,1.63740520730968,"AF-Q16623-F1-model_v4","Q16623-F1",0.413,0.587,1,84.9999696444059
"429","Q16667","CDKN3","1",0,1,2.34758513151728,"AF-Q16667-F1-model_v4","Q16667-F1",0.472,0.413,1,91.0594891826923
"430","Q16763","UBE2S","1",40457,9,1.79138254173206,"AF-Q16763-F1-model_v4","Q16763-F1",0.168,0.552,1,81.850285884455
"431","Q16777","H2AC20","1",38128,16,1.60990146540525,"AF-Q16777-F1-model_v4","Q16777-F1",0.404,0.539,1,91.3596443089431
"432","Q16778","H2BC21","1",13929,10,1.61229090971785,"AF-Q16778-F1-model_v4","Q16778-F1",0.458,0.645,2,88.0431390593047
"433","Q16790","CA9","1",625,2,3.61268742488247,"AF-Q16790-F1-model_v4","Q16790-F1",0.253,0.58,2,76.9837717546362
"434","Q17RS7","GEN1","1",0,1,1.01265636560086,"AF-Q17RS7-F1-model_v4","Q17RS7-F1",0.148,0.822,1,61.6134776575076
"435","Q2M2I5","KRT24","1",0,2,5.32821709392442,"AF-Q2M2I5-F1-model_v4","Q2M2I5-F1",0.381,0.31,0,72.0151465629053
"436","Q2NKX8","ERCC6L","1",625,2,2.58434991626043,"AF-Q2NKX8-F1-model_v4","Q2NKX8-F1",0.047,0.546,1,62.794578920827
"437","Q2WGJ6","KLHL38","1",0,1,1.22647151165598,"AF-Q2WGJ6-F1-model_v4","Q2WGJ6-F1",0.167,0.295,0,90.5139037666013
"438","Q32MK0","MYLK3","1",0,1,1.55824538449272,"AF-Q32MK0-F1-model_v4","Q32MK0-F1",0.091,0.75,2,63.3820686321895
"439","Q330K2","NDUFAF6","22",0,1,1.089879644816,"AF-Q330K2-F1-model_v4","Q330K2-F1",0.166,0.473,1,87.6258215613383
"440","Q495A1","TIGIT","1",729,2,1.156514073692,"AF-Q495A1-F1-model_v4","Q495A1-F1",0.408,0.564,2,74.8874539544962
"441","Q4G0U5","CFAP221","1",0,1,1.29122129582275,"AF-Q4G0U5-F1-model_v4","Q4G0U5-F1",0.069,0.103,0,62.6102169133812
"442","Q4G163","FBXO43","1",0,1,1.45122734637085,"AF-Q4G163-F1-model_v4","Q4G163-F1",0.184,0.499,1,52.7451556526488
"443","Q4KMQ1","TPRN","1",0,1,1.41581339490752,"AF-Q4KMQ1-F1-model_v4","Q4KMQ1-F1",0.104,0.143,0,55.3001764264264
"444","Q53EZ4","CEP55","1",116,2,2.67775535438491,"AF-Q53EZ4-F1-model_v4","Q53EZ4-F1",0.284,0.386,0,82.7930478192328
"445","Q53GD3","SLC44A4","1",0,1,2.05189643040484,"AF-Q53GD3-F1-model_v4","Q53GD3-F1",0.128,0.632,1,83.7654938160961
"446","Q53H96","PYCR3","35",0,2,1.19902262591113,"AF-Q53H96-F1-model_v4","Q53H96-F1",0.416,0.6,1,94.8127209186221
"447","Q53HL2","CDCA8","1",3725,7,2.1972724914198,"AF-Q53HL2-F1-model_v4","Q53HL2-F1",0.388,0.483,1,68.7891859936335
"448","Q56NI9","ESCO2","1",0,1,2.22722531927023,"AF-Q56NI9-F1-model_v4","Q56NI9-F1",0.355,0.543,1,58.41526875
"449","Q587J7","TDRD12","1",0,1,1.34043613175701,"AF-Q587J7-F1-model_v4","Q587J7-F1",0.235,0.565,2,73.4968688929453
"450","Q5EE01","CENPW","1",0,7,1.58623586213662,"AF-Q5EE01-F1-model_v4","Q5EE01-F1",0.31,0.353,0,89.6991914893617
"451","Q5FBB7","SGO1","1",0,1,2.72558246383493,"AF-Q5FBB7-F1-model_v4","Q5FBB7-F1",0.128,0.741,2,55.1732355555556
"452","Q5QNW6","H2BC18","1",0,4,1.49916231519708,"AF-Q5QNW6-F1-model_v4","Q5QNW6-F1",0.422,0.825,2,87.956881390593
"453","Q5T5X7","BEND3","1",0,1,1.20159703167206,"AF-Q5T5X7-F1-model_v4","Q5T5X7-F1",0.189,0.457,1,65.3798239277652
"454","Q5TB30","DEPDC1","1",0,1,2.53359126415346,"AF-Q5TB30-F1-model_v4","Q5TB30-F1",0.098,0.764,1,61.0503570881226
"455","Q5TH69","ARFGEF3","1",0,1,1.43723153278967,"AF-Q5TH69-F1-model_v4","Q5TH69-F1",0.043,0.852,3,65.4815090758097
"456","Q5VV43","KIAA0319","1",0,1,1.75382251446221,"AF-Q5VV43-F1-model_v4","Q5VV43-F1",0.292,0.734,1,70.235726371767
"457","Q68DK7","MSL1","1",0,1,1.59244541135417,"AF-Q68DK7-F1-model_v4","Q68DK7-F1",0.322,0.383,0,58.7872746553552
"458","Q6DKI2","LGALS9C","1",1748,3,1.95810068964423,"AF-Q6DKI2-F1-model_v4","Q6DKI2-F1",0.304,0.332,0,84.7577435530086
"459","Q6P1M3","LLGL2","1",1257,3,1.52760188113444,"AF-Q6P1M3-F1-model_v4","Q6P1M3-F1",0.114,0.412,2,85.392408147963
"460","Q6PGN9","PSRC1","1",0,1,1.20123431416733,"AF-Q6PGN9-F1-model_v4","Q6PGN9-F1",0.284,0.291,0,57.7050183418929
"461","Q6PI25","CNIH2","1",6704,3,2.46749292800673,"AF-Q6PI25-F1-model_v4","Q6PI25-F1",0.314,0.723,2,87.253868065967
"462","Q6PL18","ATAD2","1",1016,6,1.52639276508914,"AF-Q6PL18-F1-model_v4","Q6PL18-F1",0.186,0.57,2,62.5212744745824
"463","Q6UW88","EPGN","1",0,2,1.87542988037042,"AF-Q6UW88-F1-model_v4","Q6UW88-F1",0.038,0.951,1,67.0733806343906
"464","Q6UXB2","CXCL17","1",90,2,3.3992239397248,"AF-Q6UXB2-F1-model_v4","Q6UXB2-F1",0.06,0.292,0,59.5331502590674
"465","Q6W4X9","MUC6","1",4951,3,2.531764754144,"AF-Q6W4X9-F1-model_v4","Q6W4X9-F1",0.151,0.824,1,60.1261368186874
"466","Q6WRX3","ZYG11A","34",0,1,1.52539445350543,"AF-Q6WRX3-F1-model_v4","Q6WRX3-F1",0.186,0.517,1,90.3600149625935
"467","Q6ZMG9","CERS6","1",625,2,1.02471276935851,"AF-Q6ZMG9-F1-model_v4","Q6ZMG9-F1",0.159,0.96,2,87.9754488188976
"468","Q6ZN44","UNC5A","30",0,1,2.0168103769758,"AF-Q6ZN44-F1-model_v4","Q6ZN44-F1",0.108,0.737,1,78.2555968210301
"469","Q71F23","CENPU","1",9192,7,2.0418993090093,"AF-Q71F23-F1-model_v4","Q71F23-F1",0.165,0.994,1,65.518599280144
"470","Q7L2K0","TEDC2","1",625,2,2.09253811187682,"AF-Q7L2K0-F1-model_v4","Q7L2K0-F1",0.194,0.875,1,68.2116558941213
"471","Q7L590","MCM10","1",1786,4,2.68557487297284,"AF-Q7L590-F1-model_v4","Q7L590-F1",0.08,0.549,2,66.8889134545455
"472","Q7Z4S6","KIF21A","1",301,10,1.18135579470663,"AF-Q7Z4S6-F1-model_v4","Q7Z4S6-F1",0.107,0.695,3,71.5951553316541
"473","Q86SG5","S100A7A","1",384,2,4.59140973218755,"AF-Q86SG5-F1-model_v4","Q86SG5-F1",0.401,0.587,2,95.1219595448799
"474","Q86SX3","TEDC1","1",0,1,1.04326807288998,"AF-Q86SX3-F1-model_v4","Q86SX3-F1",0.128,0.622,1,64.7792311729205
"475","Q86TC9","MYPN","1",0,1,2.80832962653355,"AF-Q86TC9-F1-model_v4","Q86TC9-F1",0.1,0.179,0,53.0163366336634
"476","Q86TH1","ADAMTSL2","3",0,1,1.20590992023953,"AF-Q86TH1-F1-model_v4","Q86TH1-F1",0.099,0.578,2,67.0300013681762
"477","Q86UK0","ABCA12","1",0,1,2.79693994671479,"AF-Q86UK0-F1-model_v4","Q86UK0-F1",0.128,0.999,5,68.1765444239899
"478","Q86UR5","RIMS1","1",0,1,1.28812749767662,"AF-Q86UR5-F1-model_v4","Q86UR5-F1",0.068,0.585,2,51.3308148650686
"479","Q86VI3","IQGAP3","1",0,1,2.41842605322248,"AF-Q86VI3-F1-model_v4","Q86VI3-F1",0.181,0.604,2,79.626746793641
"480","Q86VU5","COMTD1","12",0,1,1.61415572032538,"AF-Q86VU5-F1-model_v4","Q86VU5-F1",0.02,0.146,0,89.5140682155215
"481","Q86X29","LSR","1",624,3,1.26415566342896,"AF-Q86X29-F1-model_v4","Q86X29-F1",0.029,0.436,1,57.3279613776628
"482","Q86XI2","NCAPG2","1",36261,13,1.11786490457671,"AF-Q86XI2-F1-model_v4","Q86XI2-F1",0.149,0.83,1,88.2032419793366
"483","Q86XJ1","GAS2L3","1",0,1,1.17191851551574,"AF-Q86XJ1-F1-model_v4","Q86XJ1-F1",0.228,0.808,3,60.8691832480576
"484","Q86Y91","KIF18B","1",8234,10,2.04569108992069,"AF-Q86Y91-F1-model_v4","Q86Y91-F1",0.106,0.599,2,62.7438713629403
"485","Q8IVT2","MISP","1",1972,2,2.00852836791743,"AF-Q8IVT2-F1-model_v4","Q8IVT2-F1",0.317,0.457,1,54.6958236179015
"486","Q8IX90","SKA3","1",582,3,2.6080830937013,"AF-Q8IX90-F1-model_v4","Q8IX90-F1",0.354,0.683,1,64.7586888273315
"487","Q8IXM3","MRPL41","1",2481,3,1.06261821403474,"AF-Q8IXM3-F1-model_v4","Q8IXM3-F1",0.347,0.747,1,91.5587212511499
"488","Q8IYF3","TEX11","1",0,1,1.15218897136931,"AF-Q8IYF3-F1-model_v4","Q8IYF3-F1",0.199,0.297,0,85.9659405155321
"489","Q8IYW4","ENTHD1","1",1,3,1.6084355876258,"AF-Q8IYW4-F1-model_v4","Q8IYW4-F1",0.278,0.574,1,57.6743508549715
"490","Q8IZ40","RCOR2","1",0,1,2.07641232644037,"AF-Q8IZ40-F1-model_v4","Q8IZ40-F1",0.11,0.597,1,68.123295816002
"491","Q8IZJ1","UNC5B","1",1335,3,1.25802957503916,"AF-Q8IZJ1-F1-model_v4","Q8IZJ1-F1",0.216,0.597,1,77.9814525216435
"492","Q8IZT6","ASPM","1",13700,5,2.60573998905696,"AF-Q8IZT6-F6-model_v4","Q8IZT6-F6",0.197,0.67,3,66.2575664052618
"493","Q8IZT6","ASPM","1",13700,5,2.60573998905696,"AF-Q8IZT6-F7-model_v4","Q8IZT6-F7",0.335,0.927,1,64.3894747828991
"494","Q8IZT6","ASPM","1",13700,5,2.60573998905696,"AF-Q8IZT6-F3-model_v4","Q8IZT6-F3",0.121,0.835,1,67.4665928669883
"495","Q8IZT6","ASPM","1",13700,5,2.60573998905696,"AF-Q8IZT6-F12-model_v4","Q8IZT6-F12",0.305,0.756,1,71.8200900482733
"496","Q8IZT6","ASPM","1",13700,5,2.60573998905696,"AF-Q8IZT6-F11-model_v4","Q8IZT6-F11",0.163,0.82,2,68.8386483283961
"497","Q8IZT6","ASPM","1",13700,5,2.60573998905696,"AF-Q8IZT6-F1-model_v4","Q8IZT6-F1",0.185,0.888,2,62.0182791688865
"498","Q8IZT6","ASPM","1",13700,5,2.60573998905696,"AF-Q8IZT6-F8-model_v4","Q8IZT6-F8",0.448,0.675,3,63.9280011713521
"499","Q8IZT6","ASPM","1",13700,5,2.60573998905696,"AF-Q8IZT6-F4-model_v4","Q8IZT6-F4",0.271,0.359,0,70.4000076936228
"500","Q8IZT6","ASPM","1",13700,5,2.60573998905696,"AF-Q8IZT6-F2-model_v4","Q8IZT6-F2",0.21,0.861,2,63.4932934706704
"501","Q8IZT6","ASPM","1",13700,5,2.60573998905696,"AF-Q8IZT6-F5-model_v4","Q8IZT6-F5",0.281,0.507,2,68.9559601294939
"502","Q8IZT6","ASPM","1",13700,5,2.60573998905696,"AF-Q8IZT6-F10-model_v4","Q8IZT6-F10",0.434,0.949,4,62.6404820392025
"503","Q8IZT6","ASPM","1",13700,5,2.60573998905696,"AF-Q8IZT6-F9-model_v4","Q8IZT6-F9",0.161,0.36,0,63.085167830403
"504","Q8N0S6","CENPL","1",15,8,1.34980040237716,"AF-Q8N0S6-F1-model_v4","Q8N0S6-F1",0.229,0.746,2,83.6504654545455
"505","Q8N130","SLC34A3","1",0,1,1.108140396425,"AF-Q8N130-F1-model_v4","Q8N130-F1",0.121,0.934,2,75.5781584247035
"506","Q8N138","ORMDL3","31",0,1,2.37676632483551,"AF-Q8N138-F1-model_v4","Q8N138-F1",0.261,0.731,1,94.6850606305578
"507","Q8N158","GPC2","1",0,1,1.81533718334687,"AF-Q8N158-F1-model_v4","Q8N158-F1",0.213,0.554,1,79.9213408833522
"508","Q8N3Y7","SDR16C5","26",0,1,2.3727682285305,"AF-Q8N3Y7-F1-model_v4","Q8N3Y7-F1",0.297,0.803,1,94.6536481404095
"509","Q8N4F0","BPIFB2","7",0,1,2.47740527279626,"AF-Q8N4F0-F1-model_v4","Q8N4F0-F1",0.224,0.938,2,88.7725757138737
"510","Q8N5I2","ARRDC1","6",0,1,1.18237076611805,"AF-Q8N5I2-F1-model_v4","Q8N5I2-F1",0.034,0.308,0,77.9998461538461
"511","Q8N6L0","KASH5","1",625,2,1.33399287757525,"AF-Q8N6L0-F1-model_v4","Q8N6L0-F1",0.154,0.355,0,68.6099909235307
"512","Q8N8S7","ENAH","1",0,1,1.10399719550693,"AF-Q8N8S7-F1-model_v4","Q8N8S7-F1",0.428,0.431,1,72.6884231921267
"513","Q8N907","DAND5","1",0,1,1.47021012628737,"AF-Q8N907-F1-model_v4","Q8N907-F1",0.099,0.601,1,70.6069929078014
"514","Q8N9E0","FAM133A","1",0,1,2.13419725207189,"AF-Q8N9E0-F1-model_v4","Q8N9E0-F1",0.307,0.144,0,64.5296100691017
"515","Q8N9W5","DNAAF3","16",0,1,1.62504240455549,"AF-Q8N9W5-F1-model_v4","Q8N9W5-F1",0.319,0.724,1,81.1139675727229
"516","Q8NA29","MFSD2A","1",0,1,2.04097003295748,"AF-Q8NA29-F1-model_v4","Q8NA29-F1",0.233,0.953,1,80.9013797169811
"517","Q8NB91","FANCB","1",0,1,1.02488336037782,"AF-Q8NB91-F1-model_v4","Q8NB91-F1",0.127,0.662,3,71.9862835472579
"518","Q8NBT2","SPC24","1",0,1,2.21334095333533,"AF-Q8NBT2-F1-model_v4","Q8NBT2-F1",0.345,0.372,0,91.3933649588868
"519","Q8NCL4","GALNT6","22",0,1,1.50019499673691,"AF-Q8NCL4-F1-model_v4","Q8NCL4-F1",0.234,0.752,1,88.569584913191
"520","Q8NCW0","KREMEN2","1",0,1,2.89146456404875,"AF-Q8NCW0-F1-model_v4","Q8NCW0-F1",0.459,0.87,1,76.8279307334109
"521","Q8NDV3","SMC1B","1",625,11,1.9555261759279,"AF-Q8NDV3-F1-model_v4","Q8NDV3-F1",0.183,0.701,2,83.0657747872551
"522","Q8NEM2","SHCBP1","1",0,1,2.41495626635664,"AF-Q8NEM2-F1-model_v4","Q8NEM2-F1",0.18,0.711,1,73.6964627259036
"523","Q8NEV9","IL27","1",0,1,1.38403591282817,"AF-Q8NEV9-F1-model_v4","Q8NEV9-F1",0.282,0.293,0,76.4224909933093
"524","Q8NF37","LPCAT1","29",1,2,1.28862065984831,"AF-Q8NF37-F1-model_v4","Q8NF37-F1",0.103,0.932,3,83.2445922540293
"525","Q8NFF5","FLAD1","20",1,2,1.21357149143087,"AF-Q8NFF5-F1-model_v4","Q8NFF5-F1",0.254,0.755,2,82.8469245816127
"526","Q8NFR3","SPTSSB","31",0,1,2.22669514827349,"AF-Q8NFR3-F1-model_v4","Q8NFR3-F1",0.421,0.404,1,86.794437596302
"527","Q8NFW1","COL22A1","2",0,1,1.11687421745872,"AF-Q8NFW1-F1-model_v4","Q8NFW1-F1",0.244,0.117,0,54.7452308776877
"528","Q8NI77","KIF18A","1",1,9,2.02366418568019,"AF-Q8NI77-F1-model_v4","Q8NI77-F1",0.17,0.315,0,67.7410391061453
"529","Q8TAT5","NEIL3","1",11160,12,2.78241936048155,"AF-Q8TAT5-F1-model_v4","Q8TAT5-F1",0.015,0.445,1,70.0085488293609
"530","Q8TD07","RAET1E","36",0,1,1.55904087850713,"AF-Q8TD07-F1-model_v4","Q8TD07-F1",0.274,0.487,1,81.9748819641171
"531","Q8TD08","MAPK15","11",0,1,1.0694416736075,"AF-Q8TD08-F1-model_v4","Q8TD08-F1",0.055,1,1,69.3901375711575
"532","Q8TD57","DNAH3","17",0,1,2.39037966729005,"AF-Q8TD57-F9-model_v4","Q8TD57-F9",0.115,0.668,1,84.6808236865539
"533","Q8TD57","DNAH3","17",0,1,2.39037966729005,"AF-Q8TD57-F1-model_v4","Q8TD57-F1",0.199,0.662,1,78.2948199226985
"534","Q8TD57","DNAH3","17",0,1,2.39037966729005,"AF-Q8TD57-F12-model_v4","Q8TD57-F12",0.143,0.459,1,85.2008183116188
"535","Q8TD57","DNAH3","17",0,1,2.39037966729005,"AF-Q8TD57-F15-model_v4","Q8TD57-F15",0.172,0.885,2,86.9610395148299
"536","Q8TD57","DNAH3","17",0,1,2.39037966729005,"AF-Q8TD57-F2-model_v4","Q8TD57-F2",0.407,0.511,1,85.5775200070354
"537","Q8TD57","DNAH3","17",0,1,2.39037966729005,"AF-Q8TD57-F3-model_v4","Q8TD57-F3",0.165,0.733,3,84.8697684117125
"538","Q8TD57","DNAH3","17",0,1,2.39037966729005,"AF-Q8TD57-F5-model_v4","Q8TD57-F5",0.312,0.878,4,88.0664393804522
"539","Q8TD57","DNAH3","17",0,1,2.39037966729005,"AF-Q8TD57-F6-model_v4","Q8TD57-F6",0.199,0.807,4,87.745115370962
"540","Q8TD57","DNAH3","17",0,1,2.39037966729005,"AF-Q8TD57-F13-model_v4","Q8TD57-F13",0.156,0.864,1,85.291079001521
"541","Q8TD57","DNAH3","17",0,1,2.39037966729005,"AF-Q8TD57-F14-model_v4","Q8TD57-F14",0.099,0.941,1,85.2511541897445
"542","Q8TD57","DNAH3","17",0,1,2.39037966729005,"AF-Q8TD57-F10-model_v4","Q8TD57-F10",0.134,0.681,1,85.2285164102108
"543","Q8TD57","DNAH3","17",0,1,2.39037966729005,"AF-Q8TD57-F8-model_v4","Q8TD57-F8",0.127,0.7,3,86.0321524543175
"544","Q8TD57","DNAH3","17",0,1,2.39037966729005,"AF-Q8TD57-F4-model_v4","Q8TD57-F4",0.164,0.96,4,85.6663929332386
"545","Q8TD57","DNAH3","17",0,1,2.39037966729005,"AF-Q8TD57-F11-model_v4","Q8TD57-F11",0.286,0.612,4,84.6699973338073
"546","Q8TD57","DNAH3","17",0,1,2.39037966729005,"AF-Q8TD57-F7-model_v4","Q8TD57-F7",0.093,0.507,1,88.9640359024739
"547","Q8TDL5","BPIFB1","7",0,1,3.96146734880348,"AF-Q8TDL5-F1-model_v4","Q8TDL5-F1",0.322,0.994,1,88.2841393331526
"548","Q8TE96","DQX1","1",0,1,3.73441853036527,"AF-Q8TE96-F1-model_v4","Q8TE96-F1",0.128,0.749,2,87.2945561918397
"549","Q8TEM1","NUP210","1",0,1,1.12565034886241,"AF-Q8TEM1-F1-model_v4","Q8TEM1-F1",0.144,0.485,2,79.5540766622846
"550","Q8TEY5","CREB3L4","14",0,1,1.84051240718519,"AF-Q8TEY5-F1-model_v4","Q8TEY5-F1",0.104,0.53,1,61.7267728168089
"551","Q8WUX1","SLC38A5","1",625,2,1.23285605865845,"AF-Q8WUX1-F1-model_v4","Q8WUX1-F1",0.116,0.765,2,80.0720930232558
"552","Q8WUY8","NAT14","1",0,1,1.01139983097826,"AF-Q8WUY8-F1-model_v4","Q8WUY8-F1",0.062,0.448,1,83.6049409448819
"553","Q8WUY9","DEPDC1B","1",324,2,2.12065736263104,"AF-Q8WUY9-F1-model_v4","Q8WUY9-F1",0.107,0.469,1,77.3635097813579
"554","Q8WVB6","CHTF18","1",625,2,1.10519507975287,"AF-Q8WVB6-F1-model_v4","Q8WVB6-F1",0.162,0.645,1,64.9750959121577
"555","Q8WVK7","SKA2","1",12461,4,1.4462296619817,"AF-Q8WVK7-F1-model_v4","Q8WVK7-F1",0.291,0.775,1,88.1231086519115
"556","Q8WW22","DNAJA4","18",0,1,1.07044836673914,"AF-Q8WW22-F1-model_v4","Q8WW22-F1",0.057,0.771,1,84.536549744898
"557","Q8WWF8","CAPSL","1",0,1,3.36203180111713,"AF-Q8WWF8-F1-model_v4","Q8WWF8-F1",0.092,0.589,1,91.8355640423032
"558","Q8WWK9","CKAP2","1",0,1,1.2782380906165,"AF-Q8WWK9-F1-model_v4","Q8WWK9-F1",0.315,0.615,2,59.5370678783383
"559","Q8WXC3","PYDC1","4",0,1,2.24213644599822,"AF-Q8WXC3-F1-model_v4","Q8WXC3-F1",0.4,0.22,0,89.1076553672316
"560","Q8WXG1","RSAD2","1",625,2,1.22831455914801,"AF-Q8WXG1-F1-model_v4","Q8WXG1-F1",0.193,0.935,1,87.9568383838384
"561","Q92598","HSPH1","1",0,1,1.08490402855244,"AF-Q92598-F1-model_v4","Q92598-F1",0.304,0.565,2,85.2767745732784
"562","Q92674","CENPI","1",3848,8,2.0692366554906,"AF-Q92674-F1-model_v4","Q92674-F1",0.058,0.915,3,72.7981596597415
"563","Q92698","RAD54L","1",0,1,1.91982970004875,"AF-Q92698-F1-model_v4","Q92698-F1",0.171,0.669,1,80.5122278481013
"564","Q92730","RND1","1",247,2,1.10987363311532,"AF-Q92730-F1-model_v4","Q92730-F1",0.142,0.202,0,85.4008186813187
"565","Q92796","DLG3","1",3734,8,1.18552513411284,"AF-Q92796-F1-model_v4","Q92796-F1",0.245,0.471,1,74.4871893677257
"566","Q92887","ABCC2","1",0,1,2.02147475037389,"AF-Q92887-F1-model_v4","Q92887-F1",0.256,0.879,6,81.4368457086967
"567","Q92985","IRF7","1",9028,3,1.02529654394943,"AF-Q92985-F1-model_v4","Q92985-F1",0.066,0.093,0,70.210985620915
"568","Q93079","H2BC9","1",1605,12,2.08184284610344,"AF-Q93079-F1-model_v4","Q93079-F1",0.364,0.94,2,88.1431147540984
"569","Q969L2","MAL2","1",0,1,1.81416536412272,"AF-Q969L2-F1-model_v4","Q969L2-F1",0.336,0.619,1,84.150243902439
"570","Q96AV8","E2F7","1",1105,3,2.22288685490472,"AF-Q96AV8-F1-model_v4","Q96AV8-F1",0.147,0.607,2,51.2724935952178
"571","Q96AY2","EME1","1",1249,5,2.88018400055318,"AF-Q96AY2-F1-model_v4","Q96AY2-F1",0.19,0.444,1,67.9034920993228
"572","Q96B01","RAD51AP1","1",14295,8,1.75073838666079,"AF-Q96B01-F1-model_v4","Q96B01-F1",0.122,0.242,0,58.7984421364985
"573","Q96BA8","CREB3L1","14",0,1,1.94317229843732,"AF-Q96BA8-F1-model_v4","Q96BA8-F1",0.433,0.972,1,55.439218671992
"574","Q96BD8","SKA1","1",0,3,2.27177945726382,"AF-Q96BD8-F1-model_v4","Q96BD8-F1",0.218,0.102,0,85.822417794971
"575","Q96CJ1","EAF2","1",0,1,1.61759114440952,"AF-Q96CJ1-F1-model_v4","Q96CJ1-F1",0.382,0.413,1,70.3904925373134
"576","Q96DC9","OTUB2","32",0,1,1.02466055758034,"AF-Q96DC9-F1-model_v4","Q96DC9-F1",0.314,0.41,1,94.2690260416667
"577","Q96E14","RMI2","1",3997,11,2.13668611135028,"AF-Q96E14-F1-model_v4","Q96E14-F1",0.286,0.624,1,89.8118485121731
"578","Q96EH5","RPL39L","1",0,2,1.08148173750399,"AF-Q96EH5-F1-model_v4","Q96EH5-F1",0.319,0.343,0,94.0994144144144
"579","Q96FE5","LINGO1","1",0,1,1.30328656153927,"AF-Q96FE5-F1-model_v4","Q96FE5-F1",0.222,0.53,2,86.9701849217639
"580","Q96FF9","CDCA5","1",0,1,2.36354106501196,"AF-Q96FF9-F1-model_v4","Q96FF9-F1",0.258,0.376,0,63.5050515995872
"581","Q96FQ6","S100A16","37",0,1,1.34227723315969,"AF-Q96FQ6-F1-model_v4","Q96FQ6-F1",0.35,0.645,1,83.5865018094089
"582","Q96FV0","LRRC46","1",775,2,1.58218949368181,"AF-Q96FV0-F1-model_v4","Q96FV0-F1",0.095,0.8,1,64.78599677159
"583","Q96G23","CERS2","1",1248,2,1.01465165987559,"AF-Q96G23-F1-model_v4","Q96G23-F1",0.16,0.967,1,87.5863139717425
"584","Q96GD4","AURKB","1",12961,5,2.33588095559927,"AF-Q96GD4-F1-model_v4","Q96GD4-F1",0.06,0.789,2,79.8540354046243
"585","Q96H22","CENPN","1",0,4,1.5075941723828,"AF-Q96H22-F1-model_v4","Q96H22-F1",0.3,0.612,1,86.2099712952996
"586","Q96HA7","TONSL","1",0,3,1.63104976172794,"AF-Q96HA7-F1-model_v4","Q96HA7-F1",0.187,0.335,0,76.4887099820568
"587","Q96HY7","DHTKD1","1",0,1,1.40564232943197,"AF-Q96HY7-F1-model_v4","Q96HY7-F1",0.105,0.964,3,95.0743758611188
"588","Q96JB1","DNAH8","17",0,1,2.44879522126724,"AF-Q96JB1-F14-model_v4","Q96JB1-F14",0.236,0.729,3,85.693303324717
"589","Q96JB1","DNAH8","17",0,1,2.44879522126724,"AF-Q96JB1-F13-model_v4","Q96JB1-F13",0.257,0.777,3,84.5558223096174
"590","Q96JB1","DNAH8","17",0,1,2.44879522126724,"AF-Q96JB1-F17-model_v4","Q96JB1-F17",0.102,0.547,3,88.1241033522236
"591","Q96JB1","DNAH8","17",0,1,2.44879522126724,"AF-Q96JB1-F11-model_v4","Q96JB1-F11",0.27,0.855,4,86.4477292693859
"592","Q96JB1","DNAH8","17",0,1,2.44879522126724,"AF-Q96JB1-F9-model_v4","Q96JB1-F9",0.247,0.568,2,89.0585807256842
"593","Q96JB1","DNAH8","17",0,1,2.44879522126724,"AF-Q96JB1-F5-model_v4","Q96JB1-F5",0.275,0.702,2,83.9802753186969
"594","Q96JB1","DNAH8","17",0,1,2.44879522126724,"AF-Q96JB1-F6-model_v4","Q96JB1-F6",0.21,0.546,1,87.6653673866855
"595","Q96JB1","DNAH8","17",0,1,2.44879522126724,"AF-Q96JB1-F16-model_v4","Q96JB1-F16",0.133,0.723,4,85.6324611283874
"596","Q96JB1","DNAH8","17",0,1,2.44879522126724,"AF-Q96JB1-F7-model_v4","Q96JB1-F7",0.3,0.634,1,88.5448178101671
"597","Q96JB1","DNAH8","17",0,1,2.44879522126724,"AF-Q96JB1-F12-model_v4","Q96JB1-F12",0.202,0.501,2,85.9112180060856
"598","Q96JB1","DNAH8","17",0,1,2.44879522126724,"AF-Q96JB1-F1-model_v4","Q96JB1-F1",0.203,0.889,1,81.998362008427
"599","Q96JB1","DNAH8","17",0,1,2.44879522126724,"AF-Q96JB1-F2-model_v4","Q96JB1-F2",0.207,0.386,0,81.8686608238387
"600","Q96JB1","DNAH8","17",0,1,2.44879522126724,"AF-Q96JB1-F3-model_v4","Q96JB1-F3",0.131,0.717,2,81.7711059585266
"601","Q96JB1","DNAH8","17",0,1,2.44879522126724,"AF-Q96JB1-F4-model_v4","Q96JB1-F4",0.221,0.723,1,83.9724258474576
"602","Q96JB1","DNAH8","17",0,1,2.44879522126724,"AF-Q96JB1-F15-model_v4","Q96JB1-F15",0.174,0.969,3,85.8871525363288
"603","Q96JB1","DNAH8","17",0,1,2.44879522126724,"AF-Q96JB1-F10-model_v4","Q96JB1-F10",0.166,0.906,2,87.2695032726621
"604","Q96JB1","DNAH8","17",0,1,2.44879522126724,"AF-Q96JB1-F8-model_v4","Q96JB1-F8",0.219,0.949,1,89.0411242656222
"605","Q96KB5","PBK","1",0,2,2.36810538554466,"AF-Q96KB5-F1-model_v4","Q96KB5-F1",0.152,0.901,1,84.9070023696682
"606","Q96KC8","DNAJC1","12",0,1,1.2130900024022,"AF-Q96KC8-F1-model_v4","Q96KC8-F1",0.152,0.157,0,71.2690017785683
"607","Q96N16","JAKMIP1","1",0,1,1.90679754558305,"AF-Q96N16-F1-model_v4","Q96N16-F1",0.247,0.532,1,81.5832995319813
"608","Q96NN9","AIFM3","1",0,1,1.18084820768205,"AF-Q96NN9-F1-model_v4","Q96NN9-F1",0.379,0.207,0,88.3035527156549
"609","Q96PC3","AP1S3","1",1119,5,1.01367530941767,"AF-Q96PC3-F1-model_v4","Q96PC3-F1",0.308,0.385,0,93.2561723602484
"610","Q96R06","SPAG5","1",1951,5,2.8347331963467,"AF-Q96R06-F1-model_v4","Q96R06-F1",0.227,0.887,2,63.8131142310147
"611","Q96RE7","NACC1","1",0,1,1.15305565317557,"AF-Q96RE7-F1-model_v4","Q96RE7-F1",0.315,0.255,0,64.2152070858283
"612","Q96RU7","TRIB3","1",0,1,1.67260056080842,"AF-Q96RU7-F1-model_v4","Q96RU7-F1",0.175,0.461,2,78.0208758076095
"613","Q96SB3","PPP1R9B","1",255,3,1.02648634842808,"AF-Q96SB3-F1-model_v4","Q96SB3-F1",0.065,0.827,1,63.3971635610766
"614","Q96T88","UHRF1","1",3618,5,2.31920813157299,"AF-Q96T88-F1-model_v4","Q96T88-F1",0.21,0.221,0,81.267136731777
"615","Q99595","TIMM17A","1",0,1,1.02942093797281,"AF-Q99595-F1-model_v4","Q99595-F1",0.489,0.399,0,80.3877646129542
"616","Q99624","SLC38A3","1",0,1,1.07755583752757,"AF-Q99624-F1-model_v4","Q99624-F1",0.118,0.469,1,78.6118461930227
"617","Q99640","PKMYT1","1",3935,4,2.60433995180976,"AF-Q99640-F1-model_v4","Q99640-F1",0.142,0.674,1,75.590281030445
"618","Q99661","KIF2C","1",2208,6,2.35520910310198,"AF-Q99661-F1-model_v4","Q99661-F1",0.07,0.558,2,74.6576222300387
"619","Q99715","COL12A1","2",9,2,1.24880096809717,"AF-Q99715-F4-model_v4","Q99715-F4",0.347,0.298,0,84.1561807019151
"620","Q99715","COL12A1","2",9,2,1.24880096809717,"AF-Q99715-F10-model_v4","Q99715-F10",0.138,0.921,1,77.894004839049
"621","Q99715","COL12A1","2",9,2,1.24880096809717,"AF-Q99715-F2-model_v4","Q99715-F2",0.17,0.698,1,82.0567347878118
"622","Q99715","COL12A1","2",9,2,1.24880096809717,"AF-Q99715-F5-model_v4","Q99715-F5",0.279,0.651,2,85.1323825719276
"623","Q99715","COL12A1","2",9,2,1.24880096809717,"AF-Q99715-F9-model_v4","Q99715-F9",0.058,0.173,0,79.4908817446888
"624","Q99715","COL12A1","2",9,2,1.24880096809717,"AF-Q99715-F6-model_v4","Q99715-F6",0.125,0.415,1,85.1398717713867
"625","Q99715","COL12A1","2",9,2,1.24880096809717,"AF-Q99715-F3-model_v4","Q99715-F3",0.155,0.532,2,83.8141281628163
"626","Q99715","COL12A1","2",9,2,1.24880096809717,"AF-Q99715-F1-model_v4","Q99715-F1",0.115,0.567,1,82.573383917831
"627","Q99715","COL12A1","2",9,2,1.24880096809717,"AF-Q99715-F7-model_v4","Q99715-F7",0.059,0.086,0,83.1910622543194
"628","Q99715","COL12A1","2",9,2,1.24880096809717,"AF-Q99715-F8-model_v4","Q99715-F8",0.197,0.524,1,85.053887049301
"629","Q99728","BARD1","1",13743,8,1.02081213314369,"AF-Q99728-F1-model_v4","Q99728-F1",0.038,0.447,1,65.8022694334651
"630","Q99741","CDC6","1",1249,3,3.66817723740774,"AF-Q99741-F1-model_v4","Q99741-F1",0.244,0.922,2,69.8394804010939
"631","Q99877","H2BC15","1",2653,15,1.39096336025931,"AF-Q99877-F1-model_v4","Q99877-F1",0.313,0.935,1,87.691308793456
"632","Q99962","SH3GL2","1",1563,6,1.05197258262902,"AF-Q99962-F1-model_v4","Q99962-F1",0.255,0.624,2,86.358298251873
"633","Q9BPX3","NCAPG","1",0,2,2.52604332757695,"AF-Q9BPX3-F1-model_v4","Q9BPX3-F1",0.163,0.655,1,82.5022967581047
"634","Q9BPX5","ARPC5L","1",0,1,1.04254025510938,"AF-Q9BPX5-F1-model_v4","Q9BPX5-F1",0.17,0.337,0,89.1819211409396
"635","Q9BQ50","TREX2","1",851,2,1.11872852848924,"AF-Q9BQ50-F1-model_v4","Q9BQ50-F1",0.281,0.705,1,93.2808054794521
"636","Q9BQE3","TUBA1C","1",625,2,1.33250919045241,"AF-Q9BQE3-F1-model_v4","Q9BQE3-F1",0.219,0.883,1,91.6524379811805
"637","Q9BRT2","UQCC2","1",0,1,1.05249813191163,"AF-Q9BRT2-F1-model_v4","Q9BRT2-F1",0.205,0.368,0,89.0031327602674
"638","Q9BRT9","GINS4","1",0,2,1.40689876403433,"AF-Q9BRT9-F1-model_v4","Q9BRT9-F1",0.324,0.635,1,90.748319649699
"639","Q9BS16","CENPK","1",0,7,1.48391351223359,"AF-Q9BS16-F1-model_v4","Q9BS16-F1",0.253,0.599,1,81.7073108108108
"640","Q9BTV7","CABLES2","8",0,1,1.18740643804324,"AF-Q9BTV7-F1-model_v4","Q9BTV7-F1",0.03,0.819,1,63.3955114254625
"641","Q9BU64","CENPO","1",0,7,1.32861971199996,"AF-Q9BU64-F1-model_v4","Q9BU64-F1",0.18,0.639,1,85.2889945309213
"642","Q9BUA3","SPINDOC","1",0,4,1.02001390151672,"AF-Q9BUA3-F1-model_v4","Q9BUA3-F1",0.062,0.118,0,51.1917800138793
"643","Q9BUF7","CRB3","1",0,1,1.01561730149133,"AF-Q9BUF7-F1-model_v4","Q9BUF7-F1",0.297,0.7,1,70.3484105960265
"644","Q9BUR5","APOO","1",0,3,1.12974047837899,"AF-Q9BUR5-F1-model_v4","Q9BUR5-F1",0.261,0.478,1,72.0614340101523
"645","Q9BUZ4","TRAF4","1",0,1,1.26891734951922,"AF-Q9BUZ4-F1-model_v4","Q9BUZ4-F1",0.278,0.347,0,91.7730656350053
"646","Q9BVC3","DSCC1","1",0,1,1.31656614463275,"AF-Q9BVC3-F1-model_v4","Q9BVC3-F1",0.206,0.558,1,92.165723830735
"647","Q9BW11","MXD3","1",0,1,1.08550831449132,"AF-Q9BW11-F1-model_v4","Q9BW11-F1",0.514,0.342,0,74.5729065533981
"648","Q9BW19","KIFC1","1",243,6,2.26298733573197,"AF-Q9BW19-F1-model_v4","Q9BW19-F1",0.202,0.353,0,77.8832572975063
"649","Q9BWF2","TRAIP","1",0,1,1.03351767126375,"AF-Q9BWF2-F1-model_v4","Q9BWF2-F1",0.303,0.77,1,74.9543435155413
"650","Q9BWX5","GATA5","1",0,1,1.84934175832681,"AF-Q9BWX5-F1-model_v4","Q9BWX5-F1",0.263,0.409,1,59.9917022742936
"651","Q9BX26","SYCP2","1",625,11,1.04526302743125,"AF-Q9BX26-F1-model_v4","Q9BX26-F1",0.133,0.652,1,54.6307512385284
"652","Q9BX63","BRIP1","1",657,10,1.75824922605781,"AF-Q9BX63-F1-model_v4","Q9BX63-F1",0.065,0.807,1,64.8641492265696
"653","Q9BXS9","SLC26A6","1",0,1,1.11157420147906,"AF-Q9BXS9-F1-model_v4","Q9BXS9-F1",0.091,0.851,3,82.0833162217659
"654","Q9BXT4","TDRD1","1",1249,3,2.5156378017653,"AF-Q9BXT4-F1-model_v4","Q9BXT4-F1",0.127,0.717,3,71.5959169998919
"655","Q9BXU1","STK31","1",0,1,1.52377481112514,"AF-Q9BXU1-F1-model_v4","Q9BXU1-F1",0.104,0.104,0,76.6652999876802
"656","Q9BXW9","FANCD2","1",3117,8,1.47170423216067,"AF-Q9BXW9-F1-model_v4","Q9BXW9-F1",0.146,0.685,1,77.5114241110147
"657","Q9BYD1","MRPL13","1",49,3,1.21324592589114,"AF-Q9BYD1-F1-model_v4","Q9BYD1-F1",0.371,0.481,1,93.4965616438356
"658","Q9BYV2","TRIM54","32",0,1,1.50012735010823,"AF-Q9BYV2-F1-model_v4","Q9BYV2-F1",0.451,0.817,2,83.920579658606
"659","Q9BZD4","NUF2","1",0,1,2.54826891174157,"AF-Q9BZD4-F1-model_v4","Q9BZD4-F1",0.317,0.622,2,89.4283280839895
"660","Q9BZM5","ULBP2","36",1,2,1.83522400698559,"AF-Q9BZM5-F1-model_v4","Q9BZM5-F1",0.475,0.24,0,83.118721961398
"661","Q9BZM6","ULBP1","36",0,1,1.54454914777079,"AF-Q9BZM6-F1-model_v4","Q9BZM6-F1",0.149,0.329,0,81.7673248730964
"662","Q9BZR6","RTN4R","1",625,2,1.06371287015646,"AF-Q9BZR6-F1-model_v4","Q9BZR6-F1",0.24,0.303,0,77.0629635854342
"663","Q9BZS1","FOXP3","1",0,1,1.41243582082406,"AF-Q9BZS1-F1-model_v4","Q9BZS1-F1",0.048,0.368,0,58.0664491882141
"664","Q9H0H5","RACGAP1","1",1234,5,1.84191852709055,"AF-Q9H0H5-F1-model_v4","Q9H0H5-F1",0.133,0.584,2,69.8631812700965
"665","Q9H171","ZBP1","1",0,1,1.22965784329215,"AF-Q9H171-F1-model_v4","Q9H171-F1",0.155,0.556,1,55.8427557603687
"666","Q9H1R3","MYLK2","1",0,1,1.62500079457582,"AF-Q9H1R3-F1-model_v4","Q9H1R3-F1",0.096,0.545,2,68.790013233348
"667","Q9H201","EPN3","1",25,4,2.77219856743766,"AF-Q9H201-F1-model_v4","Q9H201-F1",0.267,0.182,0,60.7978476269775
"668","Q9H211","CDT1","1",0,2,1.93409277039805,"AF-Q9H211-F1-model_v4","Q9H211-F1",0.393,0.234,0,74.9077927289896
"669","Q9H410","DSN1","1",0,3,1.07478617023662,"AF-Q9H410-F1-model_v4","Q9H410-F1",0.383,0.526,1,68.5805238774056
"670","Q9H4H8","FAM83D","1",0,2,2.78139129925855,"AF-Q9H4H8-F1-model_v4","Q9H4H8-F1",0.14,0.459,1,64.4271687279152
"671","Q9H4K1","RIBC2","1",1249,3,1.75263756313864,"AF-Q9H4K1-F1-model_v4","Q9H4K1-F1",0.365,0.625,1,86.7487370730179
"672","Q9H611","PIF1","1",0,1,1.44081967056953,"AF-Q9H611-F1-model_v4","Q9H611-F1",0.062,0.368,0,77.9793572740257
"673","Q9H788","SH2D4A","1",0,1,1.0252868463945,"AF-Q9H788-F1-model_v4","Q9H788-F1",0.127,0.826,1,73.5234859913793
"674","Q9H7T0","CATSPERB","1",625,2,1.49508939657352,"AF-Q9H7T0-F1-model_v4","Q9H7T0-F1",0.158,0.623,2,85.1011217662801
"675","Q9H7T9","AUNIP","1",0,1,1.83264162528245,"AF-Q9H7T9-F1-model_v4","Q9H7T9-F1",0.074,0.078,0,52.5727057576828
"676","Q9H8S5","CCNP","1",0,2,1.05398082970918,"AF-Q9H8S5-F1-model_v4","Q9H8S5-F1",0.137,0.063,0,71.2770618120237
"677","Q9H8V3","ECT2","1",0,3,1.98109734371644,"AF-Q9H8V3-F1-model_v4","Q9H8V3-F1",0.116,0.537,1,71.662188876652
"678","Q9H910","JPT2","1",0,1,1.24201065552089,"AF-Q9H910-F1-model_v4","Q9H910-F1",0.227,0.224,0,61.095648476258
"679","Q9H967","WDR76","1",6189,8,1.08103643978069,"AF-Q9H967-F1-model_v4","Q9H967-F1",0.272,0.861,1,75.3804394032291
"680","Q9H9A7","RMI1","1",921,10,1.15671751038058,"AF-Q9H9A7-F1-model_v4","Q9H9A7-F1",0.134,0.928,1,67.9475899207478
"681","Q9HAW4","CLSPN","1",2166,5,2.45218489997688,"AF-Q9HAW4-F1-model_v4","Q9HAW4-F1",0.285,0.182,0,51.8103624351109
"682","Q9HB65","ELL3","1",0,1,1.07644929700927,"AF-Q9HB65-F1-model_v4","Q9HB65-F1",0.029,0.047,0,63.0370918207459
"683","Q9HBE5","IL21R","1",0,1,1.54396441945618,"AF-Q9HBE5-F1-model_v4","Q9HBE5-F1",0.415,0.584,1,65.5127416646678
"684","Q9HBG4","ATP6V0A4","1",0,1,1.29347365717161,"AF-Q9HBG4-F1-model_v4","Q9HBG4-F1",0.147,0.977,1,82.9373032714412
"685","Q9HBM1","SPC25","1",0,1,2.03252245218738,"AF-Q9HBM1-F1-model_v4","Q9HBM1-F1",0.39,0.708,1,90.2554752851711
"686","Q9HC52","CBX8","1",0,8,1.08658092575048,"AF-Q9HC52-F1-model_v4","Q9HC52-F1",0.111,0.127,0,63.8136259416967
"687","Q9HC84","MUC5B","1",7397,4,3.54435918340687,"AF-Q9HC84-F4-model_v4","Q9HC84-F4",0.107,0.287,0,72.6600767680645
"688","Q9HC84","MUC5B","1",7397,4,3.54435918340687,"AF-Q9HC84-F22-model_v4","Q9HC84-F22",0.185,0.114,0,56.9629171632896
"689","Q9HC84","MUC5B","1",7397,4,3.54435918340687,"AF-Q9HC84-F5-model_v4","Q9HC84-F5",0.085,0.753,1,65.9286524822695
"690","Q9HC84","MUC5B","1",7397,4,3.54435918340687,"AF-Q9HC84-F7-model_v4","Q9HC84-F7",0.158,0.552,1,54.5440509579301
"691","Q9HC84","MUC5B","1",7397,4,3.54435918340687,"AF-Q9HC84-F1-model_v4","Q9HC84-F1",0.112,0.93,1,82.3506823372668
"692","Q9HC84","MUC5B","1",7397,4,3.54435918340687,"AF-Q9HC84-F2-model_v4","Q9HC84-F2",1.024,0.544,1,81.8296381297019
"693","Q9HC84","MUC5B","1",7397,4,3.54435918340687,"AF-Q9HC84-F6-model_v4","Q9HC84-F6",0.064,0.27,0,61.0455455875183
"694","Q9HC84","MUC5B","1",7397,4,3.54435918340687,"AF-Q9HC84-F23-model_v4","Q9HC84-F23",0.108,0.318,0,60.9324181615486
"695","Q9HC84","MUC5B","1",7397,4,3.54435918340687,"AF-Q9HC84-F3-model_v4","Q9HC84-F3",0.067,0.207,0,75.11553673938
"696","Q9HC84","MUC5B","1",7397,4,3.54435918340687,"AF-Q9HC84-F21-model_v4","Q9HC84-F21",0.274,0.249,0,54.6158542663477
"697","Q9HCD6","TANC2","1",0,1,1.09969770368795,"AF-Q9HCD6-F1-model_v4","Q9HCD6-F1",0.089,0.554,2,60.2789312779325
"698","Q9HCY8","S100A14","37",0,1,2.21188639292668,"AF-Q9HCY8-F1-model_v4","Q9HCY8-F1",0.245,0.697,1,76.0779804161567
"699","Q9NPC2","KCNK9","28",0,1,1.06850834873485,"AF-Q9NPC2-F1-model_v4","Q9NPC2-F1",0.032,0.923,1,76.3875101078167
"700","Q9NPD8","UBE2T","1",0,1,2.65970223716729,"AF-Q9NPD8-F1-model_v4","Q9NPD8-F1",0.273,0.383,0,86.0270896464646
"701","Q9NPE6","SPAG4","1",1248,2,1.60840185716225,"AF-Q9NPE6-F1-model_v4","Q9NPE6-F1",0.378,0.975,1,71.5642399294325
"702","Q9NQ86","TRIM36","1",1872,4,1.07981847237918,"AF-Q9NQ86-F1-model_v4","Q9NQ86-F1",0.186,0.822,2,78.8339442916094
"703","Q9NQW6","ANLN","1",1872,5,2.76438651737123,"AF-Q9NQW6-F1-model_v4","Q9NQW6-F1",0.125,0.865,1,59.8741904323827
"704","Q9NRZ9","HELLS","1",0,1,1.58121818319807,"AF-Q9NRZ9-F1-model_v4","Q9NRZ9-F1",0.138,0.664,2,69.8982640622705
"705","Q9NS87","KIF15","1",44,7,2.04104231661887,"AF-Q9NS87-F1-model_v4","Q9NS87-F1",0.241,0.869,1,72.0212966758756
"706","Q9NSP4","CENPM","1",1860,8,1.88975401910655,"AF-Q9NSP4-F1-model_v4","Q9NSP4-F1",0.181,0.514,1,89.7646820809249
"707","Q9NSV4","DIAPH3","1",120,2,1.99306475843694,"AF-Q9NSV4-F1-model_v4","Q9NSV4-F1",0.164,0.866,2,71.818128125
"708","Q9NTJ3","SMC4","1",11984,4,1.43919618749853,"AF-Q9NTJ3-F1-model_v4","Q9NTJ3-F1",0.294,0.533,3,81.8996961192297
"709","Q9NVE4","CCDC87","1",0,1,1.77088208652792,"AF-Q9NVE4-F1-model_v4","Q9NVE4-F1",0.142,0.92,5,62.7032200647249
"710","Q9NVI1","FANCI","1",126,3,1.54645771075615,"AF-Q9NVI1-F1-model_v4","Q9NVI1-F1",0.132,0.901,3,83.4713298329356
"711","Q9NVP2","ASF1B","1",0,1,2.3221808339647,"AF-Q9NVP2-F1-model_v4","Q9NVP2-F1",0.391,0.346,0,85.6471954314721
"712","Q9NWC5","TMEM45A","6",0,1,1.17236118460013,"AF-Q9NWC5-F1-model_v4","Q9NWC5-F1",0.214,0.633,1,91.8591059454627
"713","Q9NWS1","PARPBP","1",0,1,1.38637346976273,"AF-Q9NWS1-F1-model_v4","Q9NWS1-F1",0.091,0.612,2,70.6408720420684
"714","Q9NXV2","KCTD5","6",1,2,1.03582112587976,"AF-Q9NXV2-F1-model_v4","Q9NXV2-F1",0.155,0.25,0,78.2771803278688
"715","Q9NY33","DPP3","1",0,1,1.43651289971043,"AF-Q9NY33-F1-model_v4","Q9NY33-F1",0.349,0.956,2,95.5503187114462
"716","Q9NYP3","DONSON","1",0,1,1.53680717361368,"AF-Q9NYP3-F1-model_v4","Q9NYP3-F1",0.154,0.977,1,72.3494840461643
"717","Q9NYP9","MIS18A","1",0,10,1.19972949252657,"AF-Q9NYP9-F1-model_v4","Q9NYP9-F1",0.239,0.347,0,79.2392693809258
"718","Q9NYV4","CDK12","1",1249,3,1.94681765991911,"AF-Q9NYV4-F1-model_v4","Q9NYV4-F1",0.199,0.631,3,51.3076063415057
"719","Q9NZ20","PLA2G3","33",0,1,1.86194942451383,"AF-Q9NZ20-F1-model_v4","Q9NZ20-F1",0.049,0.07,0,71.4198979845733
"720","Q9NZI8","IGF2BP1","1",625,2,2.90297271478954,"AF-Q9NZI8-F1-model_v4","Q9NZI8-F1",0.275,0.261,0,78.2643129343197
"721","Q9NZJ0","DTL","1",610,5,2.44702127070419,"AF-Q9NZJ0-F1-model_v4","Q9NZJ0-F1",0.181,0.511,2,63.439316223977
"722","Q9NZT1","CALML5","1",12525,12,2.2075502508798,"AF-Q9NZT1-F1-model_v4","Q9NZT1-F1",0.334,0.796,1,82.5713901345292
"723","Q9P0M9","MRPL27","1",0,2,1.45006273093245,"AF-Q9P0M9-F1-model_v4","Q9P0M9-F1",0.358,0.178,0,87.7800617828773
"724","Q9P0Z9","PIPOX","1",1249,3,2.1619326398893,"AF-Q9P0Z9-F1-model_v4","Q9P0Z9-F1",0.845,0.789,3,94.4158505154639
"725","Q9P1W3","TMEM63C","1",4944,2,1.74979557390716,"AF-Q9P1W3-F1-model_v4","Q9P1W3-F1",0.125,0.649,1,74.5734985555725
"726","Q9P2E7","PCDH10","1",0,1,3.39308291712899,"AF-Q9P2E7-F1-model_v4","Q9P2E7-F1",0.092,0.243,0,74.0610170132325
"727","Q9UBC3","DNMT3B","1",3109,3,1.80019927679899,"AF-Q9UBC3-F1-model_v4","Q9UBC3-F1",0.077,0.203,0,73.5754261490406
"728","Q9UBN1","CACNG4","1",256,3,1.07513780349095,"AF-Q9UBN1-F1-model_v4","Q9UBN1-F1",0.125,0.946,2,65.7244111931597
"729","Q9UBU7","DBF4","1",0,2,1.27451974950709,"AF-Q9UBU7-F1-model_v4","Q9UBU7-F1",0.199,0.518,1,54.9596502590674
"730","Q9UD71","PPP1R1B","1",0,1,2.96554688756759,"AF-Q9UD71-F1-model_v4","Q9UD71-F1",0.401,0.285,0,66.0413842333954
"731","Q9UF47","DNAJC5B","1",625,2,1.46981961350965,"AF-Q9UF47-F1-model_v4","Q9UF47-F1",0.16,0.286,0,75.6524633991089
"732","Q9UGL1","KDM5B","1",625,2,1.06506041909567,"AF-Q9UGL1-F1-model_v4","Q9UGL1-F1",0.143,0.517,1,73.5613205555104
"733","Q9UH17","APOBEC3B","5",0,1,1.80874122664022,"AF-Q9UH17-F1-model_v4","Q9UH17-F1",0.283,0.593,1,88.3310271437384
"734","Q9UJ98","STAG3","1",625,10,1.33531090668273,"AF-Q9UJ98-F1-model_v4","Q9UJ98-F1",0.198,0.498,1,78.4609134615385
"735","Q9UJQ4","SALL4","1",0,1,1.77685172575844,"AF-Q9UJQ4-F1-model_v4","Q9UJQ4-F1",0.163,0.61,1,51.4478101169293
"736","Q9UK76","JPT1","1",0,1,2.10517773305302,"AF-Q9UK76-F1-model_v4","Q9UK76-F1",0.318,0.144,0,62.1725044404973
"737","Q9UKT4","FBXO5","1",1202,2,1.15605004012217,"AF-Q9UKT4-F1-model_v4","Q9UKT4-F1",0.335,0.511,1,60.2745187089403
"738","Q9UKV0","HDAC9","1",11339,12,1.08003986682331,"AF-Q9UKV0-F1-model_v4","Q9UKV0-F1",0.123,0.923,1,64.4192630501535
"739","Q9UL16","CFAP45","1",0,1,2.4572836223976,"AF-Q9UL16-F1-model_v4","Q9UL16-F1",0.131,0.728,3,74.8098890580814
"740","Q9UL46","PSME2","1",0,3,1.03982247920431,"AF-Q9UL46-F1-model_v4","Q9UL46-F1",0.249,0.472,1,91.7518818040435
"741","Q9UL51","HCN2","24",0,1,2.35195220846584,"AF-Q9UL51-F1-model_v4","Q9UL51-F1",0.244,0.918,3,72.1557182644386
"742","Q9ULB5","CDH7","1",0,3,1.29377762946874,"AF-Q9ULB5-F1-model_v4","Q9ULB5-F1",0.228,0.412,1,77.49988091354
"743","Q9ULH4","LRFN2","1",0,1,2.65284713202886,"AF-Q9ULH4-F1-model_v4","Q9ULH4-F1",0.213,0.664,2,70.4874500251974
"744","Q9ULW0","TPX2","1",3,2,2.6385181742574,"AF-Q9ULW0-F1-model_v4","Q9ULW0-F1",0.341,0.656,1,64.2385140295534
"745","Q9ULW5","RAB26","1",0,1,2.56256089362815,"AF-Q9ULW5-F1-model_v4","Q9ULW5-F1",0.148,0.533,1,79.4405960264901
"746","Q9UMW8","USP18","1",0,1,1.06278956332583,"AF-Q9UMW8-F1-model_v4","Q9UMW8-F1",0.065,0.678,1,84.0559308510638
"747","Q9UN88","GABRQ","1",625,2,2.42939486961309,"AF-Q9UN88-F1-model_v4","Q9UN88-F1",0.306,0.665,3,67.6604743160795
"748","Q9UNK4","PLA2G2D","33",0,1,1.32677191187114,"AF-Q9UNK4-F1-model_v4","Q9UNK4-F1",0.034,0.968,1,92.6282536924414
"749","Q9UNS1","TIMELESS","1",424,2,1.32109458433135,"AF-Q9UNS1-F1-model_v4","Q9UNS1-F1",0.482,0.784,2,75.0644755459859
"750","Q9UP52","TFR2","1",0,1,1.62703319841911,"AF-Q9UP52-F1-model_v4","Q9UP52-F1",0.069,0.843,1,83.9593323773104
"751","Q9UPR5","SLC8A2","3",0,1,1.3123870608791,"AF-Q9UPR5-F1-model_v4","Q9UPR5-F1",0.08,0.901,2,76.9922349448685
"752","Q9UPW8","UNC13A","1",3105,2,1.68756792840274,"AF-Q9UPW8-F1-model_v4","Q9UPW8-F1",0.183,0.335,0,73.2932404129793
"753","Q9UPY5","SLC7A11","1",0,1,1.35689363956727,"AF-Q9UPY5-F1-model_v4","Q9UPY5-F1",0.376,0.758,3,86.6098338020966
"754","Q9UQ84","EXO1","1",0,4,2.83686399649415,"AF-Q9UQ84-F1-model_v4","Q9UQ84-F1",0.224,0.546,2,63.6393491751173
"755","Q9Y248","GINS2","1",965,2,1.69030090859875,"AF-Q9Y248-F1-model_v4","Q9Y248-F1",0.258,0.318,0,93.4044784053156
"756","Q9Y2T4","PPP2R2C","1",1682,5,2.28863118649368,"AF-Q9Y2T4-F1-model_v4","Q9Y2T4-F1",0.025,0.091,0,89.6425807341982
"757","Q9Y365","STARD10","29",0,1,1.13076452326526,"AF-Q9Y365-F1-model_v4","Q9Y365-F1",0.06,0.681,2,88.151533161068
"758","Q9Y3L5","RAP2C","1",0,1,1.23055148195435,"AF-Q9Y3L5-F1-model_v4","Q9Y3L5-F1",0.187,0.857,1,91.2023553719008
"759","Q9Y3Q4","HCN4","24",0,1,1.95232855767748,"AF-Q9Y3Q4-F1-model_v4","Q9Y3Q4-F1",0.236,0.971,3,61.5475354980737
"760","Q9Y448","KNSTRN","1",0,1,1.15834103090692,"AF-Q9Y448-F1-model_v4","Q9Y448-F1",0.402,0.417,1,68.648542591845
"761","Q9Y5J1","UTP18","1",0,1,1.20633253683365,"AF-Q9Y5J1-F1-model_v4","Q9Y5J1-F1",0.173,0.557,1,78.056350885261
"762","Q9Y5N6","ORC6","1",0,2,2.31207333077806,"AF-Q9Y5N6-F1-model_v4","Q9Y5N6-F1",0.216,0.425,1,81.544630290668
"763","Q9Y5V3","MAGED1","30",0,1,1.08873470266484,"AF-Q9Y5V3-F1-model_v4","Q9Y5V3-F1",0.1,0.911,1,51.7151074651354
"764","Q9Y5Y0","FLVCR1","13",0,1,1.04696855927117,"AF-Q9Y5Y0-F1-model_v4","Q9Y5Y0-F1",0.308,0.63,2,78.9497157745144
"765","Q9Y620","RAD54B","1",0,1,1.54378294786092,"AF-Q9Y620-F1-model_v4","Q9Y620-F1",0.092,0.573,1,71.8059425096739
"766","Q9Y624","F11R","1",177,2,1.00067445100259,"AF-Q9Y624-F1-model_v4","Q9Y624-F1",0.471,0.72,1,86.9979292267366
"767","Q9Y6A5","TACC3","1",1920,4,1.71607297785534,"AF-Q9Y6A5-F1-model_v4","Q9Y6A5-F1",0.264,0.4,1,58.3400047378395
"768","Q9Y6K5","OAS3","1",0,2,1.06964710052457,"AF-Q9Y6K5-F1-model_v4","Q9Y6K5-F1",0.107,0.413,2,86.8156041251611
"769","Q9Y6N8","CDH10","1",0,3,4.23726169238461,"AF-Q9Y6N8-F1-model_v4","Q9Y6N8-F1",0.467,0.76,1,77.8611038023424
"770","Q9Y6Q5","AP1M2","1",190,5,1.03781161596328,"AF-Q9Y6Q5-F1-model_v4","Q9Y6Q5-F1",0.188,0.268,0,93.091293078056
"771","Q9Y6U3","SCIN","1",0,1,1.03729736667121,"AF-Q9Y6U3-F1-model_v4","Q9Y6U3-F1",0.209,0.626,1,82.0766502202643
"772","Q9Y6W8","ICOS","1",625,2,1.22342987706783,"AF-Q9Y6W8-F1-model_v4","Q9Y6W8-F1",0.208,0.946,2,74.8344493392071
