A4GALT	2.739004496162718
AADAC	3.110207754013095
AAMDC	1.4029317639497922
ABCA12	3.185363255835119
ABCA2	1.7969782971950603
ABCB1	2.182350512859792
ABCC2	1.7604431223326742
ABCC4	1.5176406628453554
ABCD1	1.5169489825159042
ABHD11	1.0707605488292107
ABHD6	1.0215445126935234
ABHD8	1.094909708286224
ABTB2	2.2981384200824824
ACER2	2.0137302574608595
ACHE	1.2796680804653344
ACKR4	1.3975464121890768
ACOT7	1.4095856187677462
ACTN4	2.565781604696623
ADAMTS14	1.4861125617603141
ADAMTS15	1.6328814893154624
ADAMTS4	1.6446041440125836
ADAMTS6	1.5025155699063266
ADAMTSL2	2.061832948645101
ADCK5	1.109899268760119
ADCYAP1R1	1.5804603375696582
ADGRB2	1.7273850997486444
ADGRF5	1.0908491872828774
ADGRG2	2.017439741557503
ADGRG7	3.568280941518387
ADGRL3	1.1885301611230648
ADH6	2.293631292110257
ADISSP	1.017789926053223
ADM	1.4841822561040647
ADRB2	1.466779129633155
AGMAT	1.6338852078081683
AGPAT2	1.377274589396674
AGPAT4	1.5279978017275793
AGRN	1.6791834260711085
AHDC1	1.1078788924742682
ALDH16A1	1.2472397709140777
ALDH1A2	3.81878162177152
ALDH1L1	4.01050953983442
ALDH2	1.1702878070868528
ALDH3A1	3.4651261230613724
ALOX5	1.374270102326507
ALPK3	2.2848751022583507
AMDHD2	1.093635370423886
ANG	1.4537025768055656
ANKDD1B	1.5930248253971748
ANKRD13B	1.2446655275227692
ANKRD22	1.6068342033999936
ANKRD29	1.6947146816743122
ANKRD35	5.555903126823276
ANKRD36C	2.514425917412495
ANLN	5.155844144925044
ANO5	1.253568354768728
ANO7	1.68110495097158
ANPEP	3.252616994703566
ANXA13	3.0694967810289
ANXA2R	2.1584991483228273
ANXA2R-OT1	1.9046416539017792
ANXA3	1.0754586490149918
ANXA9	2.2228992080750434
AP1S2	2.88614527283929
AP5Z1	1.974797935198835
APCDD1	1.9134237472286777
APOB	1.5931999817231612
ARHGAP11A	1.0059243969580995
ARHGAP23	1.3764509253623138
ARHGAP24	2.7278768312009465
ARHGAP33	1.3177405564871336
ARHGAP39	2.5997501494365474
ARHGAP4	1.8854792837093712
ARHGAP45	1.3210593827058887
ARHGEF19	1.049368542774462
ARHGEF28	1.1089403031897382
ARID5A	1.4556153187423653
ARID5B	1.9739969967168207
ARL2	1.0549632246335974
ARL4D	1.6620010866722492
ARPC1B	1.167531853834612
ARVCF	1.1962345308435656
ASF1B	1.8230948176942212
ASPA	2.077396575469699
ASPHD1	1.382514509618881
ASPHD2	1.1728540691768616
ASPM	1.325744774793088
ASRGL1	3.4504818986348553
ATAD2	1.8896686729804693
ATAD3A	1.3147485480763654
ATAD5	1.5372833157398014
ATP10A	1.4238521453544155
ATP13A4	2.083053864347803
ATP1A1	1.2349151074524385
ATP1B3	1.1761365389532004
ATP5F1D	1.720902788020441
ATP6V0E2	1.778675464853765
AURKA	1.1856331727216725
AURKB	1.1033912948769897
AUTS2	1.1466186674378915
AVPI1	1.1632855565847646
B3GNT6	3.2076808582228082
B4GALNT3	1.1022552742651894
B4GALNT4	1.7174983829377293
BAIAP3	2.092838461859543
BAMBI	1.823849231438543
BBLN	1.330615731495285
BCAM	1.8819502270503679
BCAS1	2.0793520726830503
BCL2L12	1.391461200504434
BCL3	1.4698645262760996
BCL6	1.4920566897805891
BCL9	1.593735316897821
BEST1	1.055363209303187
BICD1	1.1881341799485339
BIRC5	3.2059716937186122
BLM	1.596549197111996
BNIP3	1.5917283908919189
BOC	1.8052978126457104
BOP1	4.530025884265345
BPIFB1	4.272116540164513
BRAT1	1.498439878117099
BRCA1	1.6212366405926464
BRSK1	1.1319619035547823
BTBD16	1.9522120383354435
BUB1	2.7342936848242236
BUB1B	2.0563853742409637
C19orf47	1.0806777699088792
C19orf48P	1.2325575062343141
C1orf159	1.0090324648561746
C2	1.0679109861957259
C21orf58	1.550687944497929
C2CD4B	1.5312197924114659
C4B	1.196278449087771
C7orf50	1.3163669444844994
CA2	2.690194663800441
CABYR	1.3878163287170684
CACNA1C	1.8539904795924116
CADM4	1.6721535605524234
CALHM2	1.172993198967463
CAMK1	1.1762311601285138
CAP2	5.557784228785606
CAP2P1	1.0914408641547038
CAPN15	1.2166133132599317
CAPN8	1.848721498425343
CAPN9	2.5027981325787794
CARD6	1.0549808022397293
CASC3	1.2158146863264445
CBX2	1.5374600929747297
CCDC102A	1.590444447405381
CCDC150	1.4593628443311666
CCDC152	1.731590756713809
CCDC157	1.027526579546544
CCDC178	2.0060825959520643
CCDC40	1.934173053872158
CCDC68	1.2677470156810313
CCDC85B	2.294479835769771
CCDC89	1.6486356075179875
CCL28	1.649431189255804
CCN3	1.2669169421524435
CCNA2	1.3826913830383738
CCNB1	1.6002468895472317
CCNB2	1.8918217024693524
CCNE1	1.4823135533897691
CCNE2	1.6706762309927852
CCNF	1.089680958913334
CCNJL	1.3910031356853942
CD200	1.3006879689794182
CD320	1.568535021970258
CD44	1.1806052831824327
CD81	1.1375082156657277
CD9	1.3013185568306223
CD99	1.1051123294425824
CDC14B	1.5638800298627837
CDC20	1.231136324325261
CDC25A	1.245148498273899
CDC25C	1.5518345118100556
CDC42EP2	1.352996537569905
CDC45	1.594620176565718
CDC6	1.1993651098016147
CDC7	1.5909750007558314
CDCA2	1.3086314212166659
CDCA3	1.8912466000718446
CDCA4	1.3122447886418582
CDCA5	1.8609744125427699
CDCA8	1.7344790301442468
CDH24	1.1973494606065955
CDH3	2.340451377794617
CDK1	1.257893519094401
CDK12	1.00077611051078
CDK5R1	2.0554322697556544
CDKN1C	3.0623739916826067
CDKN3	1.5777983629041068
CDT1	1.4732210679121098
CDYL2	1.4921473793390692
CEACAM7	3.088311538153391
CEBPA	1.9441699961809316
CEBPB	1.2691247823064793
CEBPD	2.02482114612413
CELSR3	1.7981141561668565
CEMIP	3.4052725586299477
CENPA	1.117185744884118
CENPE	1.7405110070661411
CENPF	1.8007525592892737
CENPH	2.177287351131541
CENPI	1.900781866750375
CENPK	1.2956648991478033
CENPM	3.920741018336819
CENPV	3.0860307384380223
CENPW	1.077743132721252
CEP131	1.0684356152774381
CEP55	1.6054376310340992
CEP85L	1.4655293903928948
CERKL	2.4323665993743857
CERS4	2.4329673188239123
CFAP119	1.0556367056228975
CFAP221	2.3377927728220724
CFAP43	2.413628452569536
CFAP54	3.575159195604692
CFD	1.6744060581328297
CGAS	1.6033952980285961
CHAF1B	1.4752649054882963
CHEK1	1.38270072659735
CHPF	1.3598279867428713
CHST11	1.0084558695261163
CHST15	1.1140972299549907
CHST6	4.261371673101137
CHTF18	1.6858599388293067
CIB2	1.7148135831458498
CIMAP1B	1.7958609899752147
CIMIP2C	1.4414485071530827
CIT	1.0230485515350967
CITED4	2.487348049145989
CKAP2L	1.4049410822982795
CKB	7.17247117335217
CLCA1	3.2429755291832207
CLDN15	1.8976698063000847
CLDN3	1.3559949305009902
CLDN4	1.1118501790243156
CLDN7	1.0348421221793684
CLEC5A	1.6029684855645143
CLIC5	1.041105542124626
CLSPN	1.2418076891075809
CMTM1	1.2526896947468942
CMTM7	1.4550453987987562
CMYA5	1.8635994717244801
COL18A1	1.462824561783888
COL27A1	1.8383685765505613
COL4A5	1.0396489398533182
COL5A3	1.7356073436734276
COL7A1	2.0982274882028245
COL8A2	1.7557767807030118
COLCA1	1.2810874702896122
CP	4.076431807902533
CPAMD8	2.4005765684953673
CPM	1.8828191599639486
CPNE2	1.9030274212818516
CPTP	1.129392680161043
CPVL	1.6521862677865016
CRACR2A	1.4035663278081698
CREB5	2.8250451207234555
CROCC	1.2464221397391286
CRPPA	1.6938243249678433
CRYM	1.4285792193122684
CSF1	1.0095589972361305
CSF3R	1.4351854021224961
CSRP2	2.719307815718747
CTHRC1	1.530378223696079
CTSC	1.369758923185796
CTSD	1.066216528948838
CTTNBP2	1.925405740839367
CTU1	1.721697120795484
CX3CL1	2.0737546406205913
CYBA	1.3453710375513848
CYC1	1.3560739660155583
CYFIP2	1.932080784160275
CYP11A1	1.9342203942899223
CYP2C18	1.8757574402987338
CYP2C19	1.9113751239043497
CYP2C9	1.93709988675096
CYP4X1	3.682914233716919
CYSLTR2	2.112368791380849
CYTIP	1.8174980999933008
DACH1	2.229462254611441
DBN1	3.192454407840886
DBNDD1	1.3097965427168385
DCDC2	2.7750965830323153
DCHS2	2.002103799395526
DDAH2	1.7979054418553828
DDIAS	2.233397574497573
DDIT4	2.1547862126372506
DDX60	1.781101231108532
DDX60L	1.1163790263856255
DENND5A	1.0343941460053185
DEPDC1	1.5237469525519363
DEPDC1B	1.9091574396317543
DEPDC7	2.274992431030475
DGKD	1.0593979375299443
DHRS11	1.2465779731472613
DIAPH3	6.65098817110018
DIPK1B	2.4137420382360966
DISP1	1.233152409216866
DLGAP1-AS2	1.3396019366603835
DLGAP5	1.8771203322576007
DMRTA1	2.0135099837433343
DNA2	5.915919327778827
DNAH11	5.286260511208954
DNAH3	2.4553523359615204
DNAH7	1.7481545436335095
DNAH9	1.18674608349018
DNAI4	1.1204082805568945
DNM1	2.5147031673455698
DNMT1	1.0522063025047992
DOHH	1.310889548097777
DOK3	1.1626857094036704
DOP1B	1.2304877222411157
DPP4	1.3503626946368232
DPP7	1.0001460505787128
DSCC1	1.4505672338386497
DTL	1.1841287835417087
DTNA	1.488749734469435
DTYMK	1.1918312573180234
DUOX1	1.746446222832566
DUSP14	1.6191274903892385
DUSP5	2.551593726774168
DUSP6	1.067744758577357
DVL1	1.3684614490460278
DYNC2I2	1.0385065013632082
DYRK1B	1.1595262670653708
E2F1	1.7882196573649631
E2F2	1.2370759258327855
E2F7	1.9926928835212125
E2F8	1.56358216123102
EDEM3	1.1525047613658757
EFEMP1	1.065206169663163
EFHC2	1.4895911828023114
EFS	1.339602349312672
EGFL7	1.1360863353737674
ELOVL7	2.1231077529179117
EME1	1.780717254519697
EMILIN2	1.1392133645138254
EMP3	1.0522060055002591
ENO1	1.6499755215590146
ENO2	1.4122691922518895
ENPP5	1.7135436572276226
ENTPD5	1.3768254005219827
EPB41L3	1.5731979943305658
EPHB2	1.6371919042713439
ERBB2	1.3817290811550968
ERCC6L	1.523346694649253
ERF	1.4547709695550755
ESCO2	1.4002097284228088
ESPL1	2.5164379719005594
ESPN	1.8736909419623036
ESYT3	1.4723502825337
ETV4	1.4236379603355338
EVA1B	2.0942777825660723
EVPL	1.2564141489539815
EXO1	2.2080492882921297
EXOSC4	1.400138482897288
EZH2	1.8562083673387295
FABP1	2.1232382543090704
FADS3	1.0626486817771277
FAHD2B	1.3707065931006035
FAM107B	1.2289327536000936
FAM110A	1.242654641833189
FAM111B	1.3551971012104
FAM174B	1.274323221668229
FAM174C	1.0631108941479603
FAM177B	2.6559543879145986
FAM241A	1.4682834199992074
FAM3B	1.7118551380768212
FAM83D	3.216533907561221
FAM83H	1.9392180133879762
FANCA	1.8618782725423595
FANCB	1.1724156992880654
FANCD2	1.2323957369312744
FANCI	1.2133312237028029
FAP	1.8846811810976498
FASN	1.8448280108544874
FBLN1	2.2158920257312666
FBLN2	2.5990397118131376
FBRSL1	1.1429551596705365
FBXL13	1.0890201313806092
FBXL15	1.0764593428213374
FBXL18	1.303778058958041
FBXL19	2.258852157197133
FBXL2	1.3588795042288602
FBXL6	1.283064983573256
FBXO46	1.0388303205885474
FBXW5	2.0112400526309364
FEN1	1.5285950660786727
FGFR1	1.2975274221029687
FGFR3	1.045620722440401
FGFR4	3.1870562744574378
FGFRL1	1.1482738202858964
FHOD3	1.9037334769667549
FJX1	1.2722829575305912
FKBP10	1.377655744652877
FKBP9P1	1.243634801053122
FLNA	2.2005729947502584
FLNC	2.0196396065296245
FLT1	2.1086690571323072
FLVCR2	1.8050716370457078
FMN1	1.300948095502124
FNDC10	1.2224965957911558
FOLH1	1.1042819323359063
FOXC1	1.4933029891177008
FOXJ1	3.0956596301828814
FOXM1	1.8773538540339971
FOXRED2	2.256280794474697
FRAS1	1.3774240144948293
FREM2	2.2525190396703687
FRG1JP	1.019866462181293
FRZB	1.3894551503869614
FSCN1	2.264374095710339
FSD1L	2.168538607089553
FSIP2	2.8762608575500996
FTL	1.1147136931726662
FUOM	2.1035882931312506
FUT8	1.197625793236829
FZD2	1.4746811249362355
FZD7	1.64040319415246
G0S2	1.6359360798647997
GABRE	2.299981488477422
GADD45B	1.287107209861626
GADD45G	1.0273055182734911
GALK1	1.7807572764065
GALNT12	1.1941278564939317
GALNT14	2.942817100775621
GALNT5	1.722037858870969
GALNT6	1.4258735394045017
GAPDH	1.3635076904325956
GAS2L1	1.917121950635389
GATA6-AS1	1.4527461121938625
GBA3	4.13308081841934
GCNT1	1.6030926195407207
GCNT4	1.4094896320299448
GDF11	1.656900959353492
GDPD1	1.0490947252012757
GDPD3	1.0023050725914928
GDPD5	1.5571423645281657
GGH	1.8990492275643442
GGT1	2.0780009373631554
GGT5	3.7467307567243564
GINS1	2.267255945554102
GINS2	1.246458233325193
GINS3	1.802422198917443
GINS4	1.1562147822996236
GJA4	1.4259441614026274
GJA5	1.809954947850726
GKN1	8.795415388756835
GKN2	7.565506488879448
GLA	1.2190430582559262
GLIS2	1.4329266440657122
GLIS3	1.891978315361262
GLRX	1.0865182149270303
GLUL	1.2883363907293257
GNAL	1.1581246496385162
GNB2	1.5325252244619052
GOLGA6L9	1.1807908295412695
GOLGA7B	1.513153208633027
GPAA1	1.6034743084274983
GPC1	1.453999038299647
GPI	1.989449894464657
GPR137C	1.1428028117554727
GPRC5B	1.0934050750442554
GPRIN1	2.0562808062692928
GPSM1	1.3461502477479665
GPSM2	1.1899807678882612
GRAMD1A	1.946692219992809
GRAMD2A	1.4533342593211833
GRB7	1.8466558800248476
GRHL3	1.5850238653980173
GRINA	1.5034568247960676
GTSE1	1.1089708539720229
GUCY1A1	2.0931247827074944
GUCY1B1	1.5210136571594812
GUCY2C	3.9359637459028054
H1-10	1.3767535236540394
H1-3	1.3698497342789946
H1-4	1.0351728075807298
H1-5	1.0010024428815452
H2AC11	1.5509315942715365
H2AC12	1.4645188772098694
H2AC13	1.8599902227399574
H2AC14	1.1083920779087288
H2AC15	1.7993616733350177
H2AC16	2.807805024621504
H2AC21	1.44018488482756
H2AC25	2.0291024147629297
H2AC4	1.0557494637328486
H2AC8	1.8454579563262932
H2AX	1.5054842011693643
H2BC10	1.3272659321723048
H2BC11	1.021623393884734
H2BC12	1.6697224358898126
H2BC13	2.554387918853359
H2BC14	1.2627417437078114
H2BC15	1.686994516771223
H2BC17	2.038950764015285
H2BC18	1.9221939786115598
H2BC21	1.329617170126046
H2BC26	2.417820700856875
H2BC3	1.260282209535623
H2BC4	1.2503586656264891
H2BC5	1.644202905053212
H2BC6	1.1833382536971488
H2BC7	2.0148029909261282
H2BC8	1.6539266492669928
H3C1	1.0612311456047048
H3C10	1.6050214695527578
H3C11	1.1204756070740938
H3C12	2.331472474685783
H3C13	1.0647131232091376
H4C1	1.5374389764277825
H4C13	1.2155925399699352
H4C4	6.95231102969418
HAAO	1.8987926270966016
HAPLN3	2.750778313102501
HASPIN	1.6054228261422325
HAUS5	2.6020650978199416
HBB	1.3436696000648924
HBEGF	1.7243418820303056
HHEX	2.0648541703566834
HILPDA	1.445788223464254
HJURP	1.2580574948458085
HKDC1	1.3548856133687408
HLX	1.1375283202965665
HMGA1	1.028677793487709
HMGB3	1.2871694891758132
HMMR	1.8726454973813367
HMOX1	1.1651232050553195
HOMER1	4.103180331977485
HOMER3	2.0301317969931545
HOOK1	1.0419528212273623
HOXA10	2.522564544478506
HOXD9	1.8244043813576587
HROB	1.842467553996021
HS6ST1	1.2934303981731736
HSPA1L	1.0693540920515376
HSPA2	1.0795790969877779
HSPB1	1.5061910883434493
HSPBP1	1.1318723786687366
HSPD1P11	1.2386076603522178
HSPG2	2.069059157418755
HTR1D	2.3809183095118227
ICAM1	1.8919368597155055
ID1	1.8284075276712597
ID2	1.315403016735516
ID3	1.2280993819449078
IDH2	1.782755417362736
IER5L	2.9448563950404214
IFFO2	1.0311430044654644
IGFBP3	1.045040913852359
IGSF8	1.2558675825767782
IL17RB	1.8287926064859692
IL1B	2.1291585287130337
IL1R1	1.464251231812525
IL1R2	2.0295353971596106
IL32	1.8684636510270598
IL33	1.6030002133539767
ILDR1	2.0392832747466976
INCENP	1.5834955325481515
INTS1	1.5019839947940554
IQCD	1.56896635772706
IQGAP3	1.5301545316705132
IQUB	2.0654532197312263
IRAK3	1.0843513151384978
IRF2BP1	1.2486744523262494
IRF5	1.2330357369803622
ISYNA1	1.7473028650978253
ITGA7	4.3364023036844594
ITGAX	1.6986158426709879
ITGB8	1.3418543130998004
ITPRID2-DT	1.1233200660279343
JAG1	1.0345033607405993
JAG2	1.1946227678829564
JOSD2	1.0706834434383925
JUP	1.7110864027990331
KCNAB2	1.6591218389389912
KCNE4	1.1213698631433762
KCNH2	1.7363881713584197
KCNK10	1.8236833120579137
KCTD14	1.1925560414823615
KHDRBS3	2.0560270464550663
KHK	2.722446079032916
KIAA0040	1.1873024147065137
KIAA0513	1.0928099140078977
KIAA1614	1.2984998889681818
KIF11	1.6578993673493843
KIF14	2.0013210899146374
KIF15	1.9490560207125758
KIF18A	1.145053360405704
KIF18B	1.209466970245868
KIF1A	1.6514647941125065
KIF20A	1.6722012504646933
KIF23	2.0043116227480717
KIF24	1.2353329455803852
KIF2C	1.5993668571049144
KIF4A	1.6388939107621585
KIFC1	1.5425819196673007
KIFC2	2.212421598031702
KLF16	1.0940246118238024
KLF4	1.0717255908482615
KLHL11	1.3543433952704194
KLHL23	1.1206706979528205
KLK10	3.4353060152895636
KNL1	1.991695044268976
KNTC1	1.2956380231545401
KPNA2	1.646487670625908
KPTN	1.1004734169049417
KRBA1	1.075538069815796
KRT15	2.5835034436108497
KRT19	1.2528430134598985
KRT23	1.2548525621644715
KRT80	2.7481067884427497
LAMA5	2.0319326646861566
LARGE2	2.1105054468361297
LDHA	1.0012513068575706
LDHB	1.0721446660455327
LEAP2	1.3414847074478404
LEF1	1.1944100659053463
LEMD1	3.1881059999885193
LGR5	1.2212923916124063
LHFPL3-AS2	3.1531246941404474
LIMCH1	1.3643188649773204
LIMD2	1.702714480412413
LINC00342	3.12395065994689
LINC00365	2.5914858544194193
LINC00665	2.412541121350915
LINC01133	1.6708905854635083
LINC01426	1.3300789490163363
LINC01504	1.4076495256007737
LINC01572	1.2306030027369943
LINC02481	1.318720106678972
LINC02535	2.2200357561665176
LINC02615	1.0154360315250497
LINC02967	1.0307123435772942
LINC03040	3.053330259976592
LIPG	1.986452973659198
LMNB1	1.589181205936109
LMNB2	2.4883552960694857
LMNTD2-AS1	1.8726800608100072
LMTK3	2.3762282903333065
LONRF2	2.058217370259066
LRATD1	2.5397444710154904
LRFN4	2.034761857514631
LRP3	1.8708752828626105
LRP4	2.5422325553404144
LRP8	1.4554588067646053
LRRC19	2.9724419337466768
LRRC31	2.1765437454688246
LRRC45	1.0752750441887164
LRRC61	1.495447976194299
LRRC66	1.5278973920308694
LRRN2	3.081023740180486
LRWD1	1.2856966076866159
LTBP2	1.0459170584831112
LTBP3	1.017238908624396
LYPD6B	1.6202716996633262
LYST	1.0829316935502349
MAD2L1	1.0884822348122176
MAD2L2	1.1218595169634404
MAFK	1.0255834807532629
MALL	2.7891951296704605
MAP1LC3A	1.67556338570026
MAP1S	1.0113416944811668
MAP3K10	1.1331336403939636
MAP3K6	1.003040294834715
MAP3K8	1.0293121321049143
MAPK11	1.0935856260207955
MARK1	2.2150796955277174
MBD3	1.0197245420266614
MBOAT7	1.452707619872873
MCM10	2.1746423138022046
MCM2	1.8697119673868032
MCM4	1.0726300283114258
MCM6	1.8359499227928124
MCRIP1	1.0410936548355054
MCRIP2	1.0177600902483706
MDFI	1.3275263994620445
MDK	1.7679982850420688
ME1	1.1269488530316767
MECOM	1.1647296103578075
MED1	2.0839413097469803
MED12L	2.3839493912829814
MED24	1.4441171687136056
MEGF10	2.3309993513571605
MEGF6	1.2320352089804125
MELK	1.7512398797378517
MELTF	1.9734231245985778
MEST	1.1414258763792393
MEX3A	1.9524577601177604
MEX3D	1.508157261047839
MFAP3L	3.045572451328977
MFGE8	1.4849982326031808
MFNG	1.070286241768753
MFSD10	1.5186525867459049
MFSD12	1.0506788309690382
MFSD3	1.5615013817247665
MFSD4A	1.7100512212543635
MGP	1.1309818893869625
MIA3	2.737431295538265
MIB2	1.0180847374736066
MICB	1.228338513840224
MIEN1	3.859140187945594
MIF	1.327042356514323
MIIP	1.03136415405859
MIR22HG	1.5147175124748962
MIR29B2CHG	1.6715745688317123
MKI67	1.2532637052292979
MLXIPL	3.0911842965959235
MMD	1.2636085018460224
MME	1.4742415203178436
MMP11	2.0625322740100396
MMP13	2.0709137858028233
MMP7	1.4426838126125707
MNS1	1.6656802171079037
MOCS1	1.5806775894174472
MOSPD3	1.0091176659975927
MRO	1.1989875011348716
MROH3P	2.078408660878835
MRPL12	1.8379372322678242
MRPL41	1.3372838877929052
MRPS12	1.9674262574137553
MSL1	1.364310014230197
MSMB	2.024698090506414
MTCL2	1.1766363458698323
MTCO3P12	2.4693403058359373
MTFR2	1.3959423088653422
MTLN	5.535503840691381
MTSS2	1.2079306870310638
MTTP	1.6234768858198936
MUC16	1.8934249739147353
MUC5AC	1.0537964135105355
MUCL3	3.6830100567328867
MXD3	1.3368387782602702
MYB	1.1204919766386197
MYBL2	1.9000772515466413
MYO7A	1.3419252577248657
MZT2A	7.031647265512152
MZT2B	1.9231081053458383
NAB2	1.1718464332041842
NACC1	1.043998574467444
NAGS	1.9671424116611222
NAT14	2.0184510313053226
NCAPG	1.5890474981672038
NCAPH	1.3924509568983194
NCS1	1.0100504177130418
NDC80	1.468310569110953
NDUFA4L2	1.6672640362457405
NDUFAF3	1.1174506067550742
NEB	1.441462212792174
NECTIN1	3.5102278856610023
NEIL3	1.9478655869082881
NEK10	2.4567040407984813
NEK2	1.1555902819534818
NEK5	1.5024001832391016
NFKBID	1.0618168957244956
NHERF1	1.3373192569395664
NKD1	1.8752415858154907
NMB	1.430200187437318
NME3	1.271384704624826
NOC4L	1.8222730768530027
NOCT	1.0768328578621464
NOS3	2.188561986577867
NOTCH1	2.8875507915403986
NOTCH3	2.273698548921233
NPHP1	2.1501095931263206
NPM3	1.3995495443380732
NPNT	2.336284643519223
NPTXR	2.229254574738578
NR2F1	1.6412110656712868
NR5A2	1.3654177554523697
NRARP	1.3823796875795724
NRCAM	4.180148589368003
NRG4	1.4624309748148117
NRM	1.4420297099997998
NRSN2	1.2450514129861152
NT5C3B	1.5623504087940747
NT5DC2	1.1602108140906786
NTRK2	1.4894935603012869
NUAK2	2.3171299683289384
NUBP2	1.1522305937974204
NUDT1	1.4555995604999794
NUF2	2.257711912401466
NUP210	1.8858848371465573
NUSAP1	1.1636880809822256
NXN	1.223401061639849
OBSCN	2.629268087845073
OGDHL	2.2633566783009145
OIP5	1.1909314299544278
OPLAH	1.6619188978877617
OR2A1-AS1	1.0943212680029726
ORAI2	1.3666824061481269
ORC1	4.01699000068996
ORC6	1.7957233846422302
ORMDL3	1.9224572755399438
OSR2	1.7008830970993876
OXTR	1.2997857679112674
P2RY2	1.4392905603393638
P3H2	2.469034837749663
P3H4	2.037037474322276
P4HA1	1.0367108097769122
PACSIN3	1.71660983821424
PADI2	3.8594396134596862
PAFAH1B3	1.4049970800584115
PAK3	1.7730092121181844
PAK4	1.0475913456122914
PALM	1.6250422448733823
PAPLN	1.9809040509377989
PAQR4	1.7318246852660437
PAQR5	1.9802794682555924
PARP10	1.0068346801159302
PARPBP	1.0682241585881354
PARVB	2.2893528193810413
PBK	1.1877432634009082
PCAT7	1.2604646105136723
PCDH17	1.472144269881242
PCDH7	3.0736369767899836
PCDHB16	1.535466235153699
PCDHGA4	2.703837390468004
PCDHGA5	2.0052615961678177
PCDHGB1	3.2886995485363504
PCDHGB2	1.7702143729331417
PCK1	4.376200535955179
PCLAF	1.0235698118850738
PDE3A	1.807966515275722
PDE4D	1.784516038170252
PDE9A	1.2146762904753379
PDLIM4	1.603381676223702
PDLIM7	1.37910838888168
PDSS1	1.2428886052745136
PDZK1	3.1632806075903575
PDZRN3	2.223206726535533
PECR	1.145248809514478
PEPD	1.2134046081219207
PER3	1.1331266391987398
PFKFB3	1.212967263531714
PFKFB4	1.3131285127938355
PFKP	1.152432092280594
PFN2	1.2427895017359762
PGAP3	3.527428254964783
PGC	3.6600845739915555
PGGHG	3.08147971256808
PHF19	1.0360834388424074
PHGDH	1.183235668407688
PHLDA1	1.0314715135107109
PHLDA2	1.7825598466091919
PI3	3.1289153062547745
PIDD1	1.3031919328769659
PIEZO1	1.293806021994054
PIEZO2	1.2226403762277536
PIF1	1.820398513879342
PIGZ	1.250327538153349
PIK3R3	1.4996953407938525
PIMREG	1.039644264157705
PIP5K1B	1.4114697586717262
PIPOX	3.0331696364716785
PITPNM1	1.5975971804953928
PITPNM2	1.9326905060220683
PITX1	3.7587963967653257
PKD1	1.111344107954272
PKMYT1	1.3806615574776195
PLA2G10	1.793492555367667
PLA2R1	1.4973695144237849
PLAAT3	1.5292232932868013
PLAC8	1.5426625983748092
PLAU	1.7518950300610678
PLCXD1	1.2486797711416877
PLD3	1.192563756985979
PLEC	1.0173585408495698
PLEKHA4	1.300189487786801
PLEKHF1	2.5003875226484076
PLEKHG2	1.0667675246527362
PLEKHG5	1.5622354499875029
PLK1	1.1742109410658927
PLK4	1.330629472485766
PLOD2	1.4173906337112063
PLOD3	1.2334500484370297
PLTP	1.0120750278768895
PLXNA1	2.0906655443499345
PLXNA4	1.0394994465094773
PMAIP1	2.222588247082843
POC1A	1.169944203774485
PODXL	1.8205918987070449
POLD1	1.9304500109548086
POLQ	1.088542669715564
POLR3G	1.7380969436821063
PON2	1.0390452710352982
POT1-AS1	1.2342439510727041
POU2AF1	2.636726118666244
PPFIA3	3.1987782080884655
PPFIA4	1.0148739722041613
PPP1R16A	1.3121529568308115
PPP1R18	1.0143666452514972
PPP1R1B	2.411572691074686
PPP1R36	1.0520985476207907
PPP1R3F	1.5167627941712885
PRAME	1.4751744907485418
PRAP1	4.320185367736523
PRC1	1.244181906018146
PRKG2	1.685039402390971
PROCR	1.0052651784501272
PRR11	1.7240368382987137
PRRT3	1.4026035281978841
PRRX1	2.762035751822854
PRSS1	4.404193797081956
PRSS2	5.138894806719005
PRXL2A	1.2598710203329613
PRXL2B	1.0622081775547425
PSAT1	1.1582142929596708
PSMB3	1.838967078339158
PSMC3IP	1.0377675495143646
PSMD3	1.026429701475039
PSPH	1.2967834427926799
PSRC1	1.1970651432891557
PTGS2	1.2114208694108297
PTK7	1.9647852413957319
PTMS	1.1164303717512716
PTP4A3	2.781791505414859
PTTG1	1.0977640009371756
PUSL1	1.1415933294983116
PYCARD	1.2767805552690021
PYCR3	1.0008972229076547
PYGL	1.2333755380257994
QPRT	2.670327879907939
RAB11FIP3	1.7395293113661625
RAB27A	2.0271604004034836
RAB27B	2.6376529966788436
RAB3C	1.900489760656026
RABEP1	1.1572249948837054
RAC3	1.0812405696735345
RACGAP1	1.0250145036332956
RAD17P1	1.034834400648555
RAD51	1.5663567047478437
RAD51AP1	1.8016443978550751
RAD54L	1.2481294748987037
RALGAPA1P1	1.31577088855694
RALGPS1	1.0228952489719465
RAMP1	1.5585372012227479
RARA	1.0593535545826258
RARRES1	2.7364014134752015
RASGEF1B	1.5084024135226566
RASGRF2	1.3638540390500373
RASGRP3	1.0200428778923367
RASIP1	1.107473733752658
RASL11A	1.7601747469208868
RASSF4	1.0573568853108994
RASSF6	1.6055831847248792
RAVER1	1.0136441079449687
RBBP8NL	1.5673146343258122
RBM38	1.5340944441216082
RBM42	1.2981584675754068
RCOR2	1.8670854958850123
RECQL4	1.9591092734252062
REEP6	1.6166039110908694
RELT	1.2630351008580207
REP15	3.4224773704513267
REPIN1	2.4062735764599035
REX1BD	1.8473431291708824
RFC3	1.5403450477404004
RFLNA	1.3674625372714313
RGS10	1.0978600619694905
RGS14	1.4310781881523302
RGS16	1.544280082197861
RHBDD3	1.2978406101295372
RHBDF2	1.7051920023796434
RHEX	6.661520196126773
RHPN1	2.441276991694939
RIMS1	1.072068587038986
RIN3	2.2668584590334686
RN7SL144P	1.5609188771166516
RN7SL263P	1.25521639499795
RN7SL3	1.4865159803700096
RN7SL521P	1.4787719617127488
RN7SL660P	1.2155247937221227
RN7SL665P	1.1937310913147254
RN7SL752P	1.1208814591375817
RN7SL834P	1.0677839059192347
RNASE1	1.8945815859959119
RNF126	1.2605203304636627
RNF157	1.7989577006067823
RNU1-4	1.642265776197636
RNU5E-1	1.64944731279067
RNU6ATAC	2.395799824618787
RNVU1-2A	1.8816920948507931
RPL19	1.513537920333929
RPL39L	1.6331548587306401
RPL7AP52	2.0345273618786686
RPS2P5	1.4116873528863763
RPUSD1	1.1767744300972374
RRM2	1.049689912369772
RSU1P3	1.1308793628107816
RTKN	1.541508302351545
RTKN2	1.7261467961405963
RTN4R	1.9485554338563986
RUNX3	2.755624752166644
RUVBL2	1.8899343028177231
RYR2	2.023468821276739
S100A2	1.9336030724263373
S100A4	1.6070290687801334
S100A9	1.9113162756958075
SAMD9	1.178091965921567
SAPCD2	2.8104585149147887
SBNO2	1.3597266408772997
SCAF1	1.2471617450078516
SCAND1	1.6689561465038714
SCARF2	1.542705315699584
SCARNA1	1.4046305736202913
SCARNA5	1.3211387155527268
SCARNA6	1.0227895206535593
SCGB2A1	3.7237760025930404
SCIN	3.2703201644793136
SCPEP1	1.10379621699675
SCRIB	1.476741049959971
SEC14L5	1.570214534619152
SELENOH	1.176929767279369
SELENOM	1.3718456391505751
SEMA3F	3.417961743122007
SEMA4C	1.066308784029636
SEMA6A	3.461540279284546
SEMA6B	1.1103853621153736
SEMA6C	1.411792264794182
SERPINB9	1.644715258412287
SFN	1.1757394917501653
SGCD	2.9897564050769154
SGO1	2.7095133004155496
SGO2	2.1243744165195
SGSM1	1.2563796905631035
SH3BGRL2	1.2219093513094086
SH3D21	1.602588730122171
SH3TC2	2.7104846724888225
SHANK3	1.490233321138816
SHARPIN	2.3054469906379125
SHCBP1	1.7863788994005265
SI	5.473992783408196
SIDT2	1.0708474525535179
SIMC1P1	1.3623470390746257
SIPA1	1.1602680141734523
SIRPA	1.5132484028482114
SKA1	1.2763130930463684
SKA3	1.8194886371099699
SKI	1.373002170516325
SLAMF6	1.3727106338400348
SLC10A5	1.0307729149610252
SLC11A1	1.1441187188167465
SLC14A1	3.0919558028848377
SLC15A1	2.3530279697149994
SLC16A3	1.9817922591816894
SLC19A1	1.7043668654269137
SLC19A3	3.5533783376110772
SLC1A5	2.5907306318315118
SLC22A17	1.5482756264567763
SLC22A18	1.2863406750288666
SLC25A22	1.381784522579728
SLC25A25-AS1	1.506341997776366
SLC26A2	1.7187376022739105
SLC26A5	2.503251037758286
SLC27A2	1.5867168057989247
SLC2A1	1.7052103085064552
SLC2A4RG	1.0265145085351777
SLC2A5	1.9052825212921933
SLC2A6	1.6729600351671625
SLC35E4	1.1167155157973705
SLC35F2	1.2191028596462363
SLC38A1	1.382212260639801
SLC39A10	1.0168768960314567
SLC39A11	1.1202704387232423
SLC39A4	1.9014211744558753
SLC3A1	1.2563690296297039
SLC43A3	1.3883012494199896
SLC46A3	1.4180787470605192
SLC4A2	3.510652406506947
SLC52A2	1.2316428975939457
SLC6A14	1.8182711318047484
SLC6A8	2.1886949487038976
SLC6A9	2.0268382463043544
SLC7A5	2.8464829046488744
SLC7A8	1.435577542040398
SLC9A2	1.2702642908032855
SLC9A3-OT1	1.3757379291675471
SLC9A4	2.8853858704743667
SLFNL1-AS1	1.2859672767171495
SLIT2	1.8483730886020442
SLX9	1.0663917334792687
SMIM14	1.1767038130775131
SMIM6	1.3576726108109232
SNHG4	1.0381628984604818
SNORA14B	1.222146237100629
SNORA23	1.43074540863283
SNORA38B	1.2317708712096067
SNORA53	1.8927048741676489
SNORA72	1.2806120471261146
SNORA73B	1.2435422705197516
SNORA74B	1.808519714958154
SNORA79B	1.289751654645745
SNORC	2.030450585842335
SNORD15B	1.506946608991075
SNORD3B-2	3.714938213581687
SNTB1	1.3550389008697639
SNX10	1.9490925774296575
SOCS3	1.7126355202355827
SORBS1	1.0071548880536676
SOSTDC1	4.314145587345865
SOX12	1.456894511991434
SOX5	2.3527057933111752
SP6	1.553382981436543
SPACA6	1.50744860885283
SPAG4	1.8065208093915708
SPAG5	2.858733475032157
SPATA2L	1.1670311234810509
SPC24	3.9553713247562325
SPC25	1.2405290731990906
SPEG	1.7424316661977843
SPI1	2.6967036437530245
SPINDOC	1.3091938918176103
SPINK4	3.449047038829546
SPINK5	1.7261571914661042
SPMIP4	1.0162569695126775
SPOCK1	2.1736566824042325
SPOCK2	2.40093059623982
SPON1	3.8088842967399974
SPRY1	2.5367304066139402
SPSB1	1.484820787583878
SPSB2	1.653956600029668
SPTBN2	1.5705063316546104
SPTBN5	1.8679317651356502
SRM	1.1796316024515638
SSBP4	1.2282204129138816
ST3GAL1	1.2819640099613827
ST3GAL2	1.1445372730672387
ST6GAL1	1.6964649722247498
ST6GALNAC4	1.2109060223549488
STARD3	3.8638548468109026
STBD1	1.233553384052923
STC1	1.8416000782611195
STC2	1.4552786439698426
STEAP4	2.7333570091222845
STIL	1.2265687400117309
STK32C	1.638619749795891
STMN1	1.2097932868900563
STRA6	2.991008006978683
STRIP2	1.3386459742573318
STS	1.0284155534316521
SULF1	2.103929153944938
SULT1C2	2.104669791154737
SULT1C5P	2.4577064136206226
SUSD2	3.707604103376137
SV2C	1.863272643776162
SYNM	2.764200270048137
SYT1	1.4232936468424129
SYT16	2.609131783953474
SYT7	2.157234337869543
SYTL2	2.2054980722008852
TACC3	1.2263166095181062
TAF1A-AS1	1.0191373794402783
TAX1BP3	1.2101840382175544
TBKBP1	1.287343624988358
TBX3	1.58732789549125
TEAD2	1.0374523736533388
TEAD4	1.0051776077755228
TELO2	1.9288799514114598
TESMIN	1.2223457559165811
TFCP2L1	1.3733069182500393
TFF2	2.7818430390158277
TGFB1	7.971770150079968
TGFB1I1	1.4890261602348864
TGFBI	1.2206701470073884
TGM2	1.6815167956108783
THEM6	2.51988687069085
THRA	5.125411088791359
TICRR	1.5380357564478486
TIGD5	1.1384634904611557
TIMELESS	1.4513791386097818
TIMM50	1.0122255016903796
TK1	2.0634741023399488
TKT	1.052350578811879
TLN2	1.2135492645322106
TMC6	3.0733028432297544
TMEM106C	1.0388356794766962
TMEM132A	1.7667507468027857
TMEM163	1.2606776796015202
TMEM198	1.029762082200694
TMEM200A	1.2713801097291038
TMEM201	1.6913016353650847
TMEM220	1.8252865857930982
TMEM220-AS1	2.1592284737942236
TMEM238	1.6907503352208268
TMEM238L	2.031751708282728
TMEM38A	1.2870541780252138
TMEM74B	2.083394960644271
TMOD1	1.623908373502811
TMPRSS13	2.133792703329586
TMTC1	1.2185487516221323
TMUB1	1.394436731961382
TNFAIP2	2.2664960233535068
TNFAIP8L1	1.4280189248993624
TNFRSF12A	1.1891686667649572
TNFRSF19	1.346088048954721
TNFRSF25	1.2033701715712342
TNFSF13	1.147928240176613
TNRC18	1.0629375882135323
TNS2	1.03267766708803
TOMM40	1.2901430563164569
TONSL	1.711066688492526
TOP2A	1.4965489132812488
TP53I13	1.0715830532282176
TPD52L1	2.9949686872153123
TPM1-AS	1.354179355999818
TPPP3	3.501151800660832
TPTEP2	1.2805279441551265
TPX2	2.2821554360020824
TRAIP	1.0591744085694972
TRHDE	2.8342416144585054
TRIB3	1.800900388687083
TRIP13	2.1209574478130544
TRMT61A	1.1405696050480632
TROAP	2.113388644060265
TRPM2	1.1884134192869433
TRPV3	1.2921666856750158
TSPAN4	1.0100793988808834
TTC13	1.1555515791421098
TTK	1.6615864971117051
TTLL6	2.5696696742661254
TTYH3	1.635246193966434
TUBA5P	1.6629139967160365
TYMP	1.665242733501057
TYMS	1.2264890472076133
UAP1L1	1.8174524723704086
UBE2C	1.0260955085081236
UBE2S	1.3011176643214912
UBE2T	1.5164938666901648
UBL3	1.0063647018810065
UBTD1	1.7460130655296695
UBXN11	1.0255144029575216
UCHL1	1.5558075863213048
UGT2B15	3.864796545757137
UHRF1	1.4661910868969008
UNC119	1.0286661959602568
UPP1	1.61205034999122
USP44	1.998892509819202
VASN	1.3354365304559288
VAV3	1.0406621489746624
VPS51	1.0770478533326007
VSIG1	2.803483660942761
VWA1	2.1719386333273123
WDR18	1.40676562921328
WDR62	1.2276009616422987
WDR76	1.0632366743584631
WDR90	1.3396941470237922
WEE1	1.5838661800843339
WHRN	2.315844696097465
WNK4	2.2141483687299437
XAF1	1.3143936509547245
XPR1	2.504633837566558
XRCC2	1.1687325392295882
XRCC3	1.0054515523324188
YDJC	1.2597396809254624
YIF1B	1.2933719401268031
ZBTB45	1.048971584391051
ZBTB7C	1.0740553935083985
ZDHHC8BP	2.2681202308022335
ZFHX2	1.0104637561382142
ZFTA	1.385434112389117
ZG16	5.973720114371593
ZNF219	1.7916996279957618
ZNF316	1.3827477692915333
ZNF358	1.1596579758931853
ZNF367	1.2069113131170417
ZNF385A	1.2038954792454541
ZNF428	1.0392214924095404
ZNF598	1.5021673804458617
ZNF662	1.1060640531574848
ZNF668	1.3526929390664661
ZNF69	1.0672496676698124
ZNF703	1.940807243537086
ZNF775	1.068750597121267
ZNF787	1.3468380397789856
ZNF865	1.661446420458455
ZNHIT2	1.3728844361612398
ZNRF3	1.6629738962700342
ZSWIM4	1.323722099311748
ZWINT	1.5100010269122865
ZYX	1.0780992872341455