SEMA3F	1.0394994465094773
CD99	1.0647131232091376
DBNDD1	1.3097965427168385
ARHGAP33	1.3177405564871336
REX1BD	1.1806052831824327
TMEM132A	1.7667507468027857
CX3CL1	2.0737546406205913
TNFRSF12A	1.1891686667649572
SCIN	-1.1636880809822256
DNAH9	3.510652406506947
CEACAM7	3.088311538153391
RPUSD1	1.1767744300972374
BAIAP3	2.092838461859543
E2F2	1.9591092734252062
CELSR3	1.7981141561668565
ST3GAL1	1.2819640099613827
IL32	1.7126355202355827
PKD1	1.111344107954272
MED24	1.593735316897821
MLXIPL	3.0911842965959235
CD9	1.3817290811550968
SYT7	2.157234337869543
ANLN	1.656900959353492
BRCA1	1.3419252577248657
ALOX5	1.374270102326507
TACC3	1.4890261602348864
CLCA1	-3.2429755291832207
SLC11A1	1.1441187188167465
RUNX3	2.331472474685783
ABCC2	1.7604431223326742
DEPDC1	1.9304500109548086
TYMP	1.665242733501057
CD44	1.1651232050553195
AGPAT4	1.5279978017275793
RABEP1	-1.1572249948837054
HMGB3	1.2871694891758132
FUT8	-1.197625793236829
DEPDC1B	2.5147031673455698
RTN4R	2.504633837566558
RAB27B	-1.5909750007558314
CP	4.076431807902533
ADAMTS6	1.5025155699063266
PER3	-1.1331266391987398
PPP1R3F	1.5167627941712885
HOMER3	1.3503626946368232
RAD51	1.2212923916124063
POLQ	1.917121950635389
CYBA	1.4554588067646053
FOXC1	1.4933029891177008
RELT	1.8222730768530027
KCNH2	2.3839493912829814
CYFIP2	1.1060640531574848
IL17RB	1.589181205936109
CROCC	1.2464221397391286
SPAG4	1.7356073436734276
GUCY1B1	1.5210136571594812
CDH3	1.8539904795924116
POLD1	1.6388939107621585
GPC1	2.411572691074686
LIMCH1	1.3643188649773204
BCAS1	-2.0793520726830503
SBNO2	1.3597266408772997
WDR18	1.3560739660155583
MCM10	2.2054980722008852
FAM107B	-1.2289327536000936
ME1	-1.1269488530316767
ASPM	1.5917283908919189
SPI1	1.1466186674378915
PFKP	1.152432092280594
SYT1	2.273698548921233
FGFR3	1.6629738962700342
PRR11	1.7240368382987137
PITX1	2.2080492882921297
ADGRF5	-1.0908491872828774
BCL3	1.2323957369312744
KCNAB2	1.1525047613658757
PLA2G10	-1.793492555367667
ATP1B3	1.800900388687083
RAB27A	-2.0554322697556544
GUCY2C	3.9359637459028054
PFN2	1.1687325392295882
RNF126	1.183235668407688
TRIP13	2.0982274882028245
MBD3	1.0197245420266614
SPEG	1.8736909419623036
HMMR	1.6371919042713439
TRHDE	2.8342416144585054
TMEM38A	-1.2870541780252138
MCM2	1.989449894464657
PTGS2	2.6020650978199416
ST6GAL1	1.6964649722247498
NOTCH3	1.3559949305009902
TEAD2	1.623908373502811
ENO1	1.4285792193122684
GTSE1	1.9288799514114598
FSCN1	1.5301545316705132
WDR62	1.998892509819202
MCM6	1.1318723786687366
SPAG5	1.7863788994005265
DGKD	-1.0593979375299443
CTTNBP2	1.925405740839367
UBE2T	1.2605203304636627
PAK3	-1.3131285127938355
FGFR1	1.9485554338563986
FBLN1	5.915919327778827
FAP	1.8846811810976498
ADCYAP1R1	6.95231102969418
PAFAH1B3	1.4049970800584115
RIMS1	-2.0906655443499345
COL5A3	1.2135492645322106
NDC80	1.8752415858154907
CDC14B	-1.0235698118850738
EPB41L3	1.8609744125427699
APOB	4.103180331977485
MECOM	-1.0260955085081236
ABCB1	2.182350512859792
ORC1	2.024698090506414
RAD54L	1.8016443978550751
FOLH1	3.2059716937186122
SNX10	1.9490925774296575
ACHE	2.737431295538265
FTL	1.1147136931726662
AURKA	1.3550389008697639
AAMDC	-1.4029317639497922
TPX2	1.8466558800248476
SLC15A1	2.3530279697149994
GRAMD1A	1.946692219992809
CMTM1	1.2526896947468942
BIRC5	1.8726454973813367
ARHGAP4	1.8854792837093712
ICAM1	2.1291585287130337
IRAK3	-1.0843513151384978
SI	5.473992783408196
P3H2	-1.209466970245868
RAB11FIP3	1.7395293113661625
CERS4	2.4329673188239123
KIF4A	1.6913016353650847
PLEKHG2	1.4920566897805891
NAT14	2.0184510313053226
PITPNM2	1.9326905060220683
NRCAM	3.920741018336819
ORC6	1.3086314212166659
CD200	1.3006879689794182
SLC7A8	-1.2558675825767782
SLC22A17	1.5482756264567763
SEMA6A	2.764200270048137
WDR76	1.2334500484370297
PHGDH	1.5372833157398014
CLSPN	1.4392905603393638
CDC45	1.6212366405926464
CDC6	3.8088842967399974
WHRN	1.4513791386097818
SORBS1	-1.1204756070740938
BAMBI	1.8065208093915708
NUBP2	1.1522305937974204
PGC	-3.6600845739915555
ACOT7	1.4095856187677462
CDC7	1.1042819323359063
FBXL19	1.5285950660786727
ATP5F1D	1.0557494637328486
GADD45B	1.1833382536971488
PALM	1.6250422448733823
ARVCF	1.1962345308435656
MMP11	2.0625322740100396
SUSD2	3.707604103376137
GGT5	1.0812405696735345
GGT1	1.9817922591816894
SLC35E4	1.1167155157973705
MFNG	1.070286241768753
CENPM	1.823849231438543
RHBDD3	1.2978406101295372
HMOX1	1.3924509568983194
FOXRED2	1.0684356152774381
KCNK10	-1.8236833120579137
PYGL	1.8473431291708824
CDKN3	1.5638800298627837
RIN3	1.2580574948458085
TELO2	1.38270072659735
PAPLN	1.9809040509377989
EFS	1.339602349312672
PLTP	1.4173906337112063
PROCR	1.0052651784501272
GINS1	1.8679317651356502
MYBL2	2.6376529966788436
ADISSP	1.017789926053223
TRIB3	2.1243744165195
JAG1	-1.0012513068575706
E2F1	1.5931999817231612
FAM83D	1.3588795042288602
MAP1LC3A	1.026429701475039
LIPG	1.986452973659198
VSIG1	-2.803483660942761
STS	-1.0284155534316521
ABCD1	1.5169489825159042
GABRE	2.299981488477422
CENPI	1.3147485480763654
GLA	1.2190430582559262
FLT1	1.0612311456047048
GDPD3	-1.0023050725914928
NME3	1.271384704624826
SEC14L5	-1.570214534619152
SLC7A5	3.0860307384380223
CRYM	2.0563853742409637
CAPN15	1.2166133132599317
PIEZO1	1.40676562921328
QPRT	2.670327879907939
PYCARD	1.2767805552690021
CEMIP	3.4052725586299477
OIP5	1.7243418820303056
CA2	-2.690194663800441
PYCR3	1.0008972229076547
ANXA13	3.0694967810289
MCM4	1.257893519094401
ASF1B	1.746446222832566
CCNE1	2.02482114612413
TIMM50	1.0122255016903796
DYRK1B	1.1595262670653708
GPI	1.8194886371099699
PLD3	1.192563756985979
SLC1A5	1.3823796875795724
TGFB1	1.1083920779087288
RASIP1	1.107473733752658
PLEKHA4	1.300189487786801
ISYNA1	1.7473028650978253
ERF	1.4547709695550755
CADM4	1.6721535605524234
PON2	1.0390452710352982
ITGB8	1.9490560207125758
DNAH11	5.286260511208954
BRAT1	1.3674625372714313
CPVL	1.6521862677865016
ABHD11	1.0707605488292107
HSPB1	1.6070290687801334
NUDT1	1.4555995604999794
MOSPD3	1.0091176659975927
PLOD3	1.0348421221793684
CLDN15	2.1547862126372506
EZH2	1.0360834388424074
MEST	1.1414258763792393
FSD1L	2.168538607089553
DNM1	1.9231081053458383
NCS1	1.0100504177130418
PIP5K1B	-1.1213698631433762
GLIS3	1.891978315361262
ABCA2	1.4984398781170989
DVL1	1.196278449087771
RASSF4	1.0573568853108994
SPOCK2	2.40093059623982
NPM3	1.0795790969877779
FBXL15	1.0764593428213374
MAP3K8	1.0293121321049143
UBE2S	2.5997501494365474
CYP2C18	-1.8757574402987338
KRT23	6.65098817110018
RPL19	1.4698645262760996
PSMD3	3.0623739916826067
CASC3	1.2158146863264445
ASPA	-2.077396575469699
GALK1	1.7807572764065
ALDH3A1	-3.4651261230613724
MMD	1.2636085018460224
NHERF1	1.3373192569395664
UNC119	1.0286661959602568
NEIL3	1.5374600929747297
MFSD10	1.5186525867459049
NCAPG	1.7405110070661411
CTSC	1.088542669715564
NECTIN1	1.245148498273899
MDK	1.7679982850420688
SLC22A18	1.2863406750288666
CD81	1.1899807678882612
SLC35F2	1.2191028596462363
PITPNM1	1.5975971804953928
POU2AF1	-2.636726118666244
TNS2	1.03267766708803
FOXM1	1.9000772515466413
RAD51AP1	1.5054842011693643
ALDH2	-1.1702878070868528
MGP	1.1309818893869625
SLC38A1	1.382212260639801
TIMELESS	1.0726300283114258
GAPDH	1.2563690296297039
CDCA3	1.8912466000718446
SPSB2	1.0250145036332956
ENO2	1.802422198917443
LDHB	1.0721446660455327
CEP85L	-1.4655293903928948
TPD52L1	1.9113162756958075
CAP2	1.5777983629041068
MDFI	1.2956380231545401
PTK7	1.2669169421524435
TTK	1.4645188772098694
CLIC5	1.7969782971950603
FBRSL1	1.1429551596705365
ENPP5	1.7135436572276226
KIF20A	1.6030002133539767
HBEGF	-1.0780992872341455
RASGRF2	1.3638540390500373
POLR3G	1.7380969436821063
LMNB1	1.3698497342789946
PDE4D	-1.1761365389532004
STC2	1.6591218389389912
DBN1	2.0301317969931545
BCL6	1.3272659321723048
LRRC31	-2.1765437454688246
PFKFB4	1.4280189248993624
COL7A1	1.6706762309927852
PLXNA1	1.2265687400117309
AADAC	-3.110207754013095
RTKN	1.523346694649253
TFCP2L1	-1.3733069182500393
CENPA	1.932080784160275
CYTIP	-1.8174980999933008
REEP6	1.6166039110908694
EFEMP1	2.258852157197133
PECR	1.145248809514478
IL1R2	-2.264374095710339
IL1R1	1.369758923185796
SLC9A2	-1.2702642908032855
ID2	1.315403016735516
BCL9	1.1051123294425824
PRRX1	1.4122691922518895
MARK1	2.2150796955277174
EDEM3	-1.3372838877929052
SRM	1.1796316024515638
MAD2L2	1.231136324325261
MIIP	1.03136415405859
AGMAT	1.6338852078081683
NR5A2	2.0271604004034836
PADI2	3.8594396134596862
ID3	1.2280993819449078
SLC2A1	1.7052103085064552
CDC20	2.4062735764599035
PIK3R3	1.0406621489746624
STMN1	1.2097932868900563
NEK2	2.0319326646861566
CENPF	1.64040319415246
CTSD	1.066216528948838
KPTN	1.1004734169049417
KIF14	1.6858599388293067
MYB	1.7424316661977843
STBD1	1.1405696050480632
RARRES1	2.7364014134752015
PCDH17	1.472144269881242
DNAH7	1.7481545436335095
PIGZ	1.250327538153349
DYNC2I2	1.0385065013632082
PHF19	1.3827477692915333
GALNT12	-1.1941278564939317
CSF3R	3.1987782080884655
ZBTB45	1.048971584391051
LTBP2	1.3354365304559288
FLVCR2	1.5021673804458617
AVPI1	-1.1632855565847646
TGFBI	1.2206701470073884
SCPEP1	1.10379621699675
NCAPH	1.8934249739147353
PDZRN3	2.223206726535533
KIF18A	1.9674262574137553
DEPDC7	2.274992431030475
ADGRB2	1.7273850997486444
GPSM2	1.1204919766386197
SV2C	-1.863272643776162
RASL11A	1.7601747469208868
UBL3	-1.0063647018810065
PRXL2A	1.2598710203329613
SPINK4	-3.449047038829546
PLAU	1.7518950300610678
P4HA1	1.0367108097769122
ZWINT	1.0591744085694972
CIT	1.2763130930463684
CENPK	1.3013185568306223
STIL	1.1562147822996236
HJURP	1.820398513879342
G0S2	1.6359360798647997
CHPF	1.3598279867428713
PI3	3.1289153062547745
PCK1	4.376200535955179
PEPD	1.2134046081219207
H1-3	1.3091938918176103
MOCS1	1.5806775894174472
H2BC11	1.5403450477404004
SCGB2A1	3.7237760025930404
ABCC4	1.5176406628453554
HROB	1.842467553996021
MBOAT7	1.452707619872873
SLC2A4RG	1.0265145085351777
IL1B	-1.8050716370457078
MED1	1.653956600029668
NRSN2	1.2450514129861152
TMEM74B	2.083394960644271
FAM110A	1.242654641833189
ID1	1.8284075276712597
BPIFB1	-4.272116540164513
XRCC3	1.0314715135107109
RBM42	1.2981584675754068
THRA	1.2627417437078114
BCL2L12	1.391461200504434
SCAF1	1.2471617450078516
WNK4	2.2141483687299437
GLIS2	1.4329266440657122
AHDC1	1.1078788924742682
DLGAP5	1.5425819196673007
HSPA2	1.2370759258327855
ABHD8	1.094909708286224
ATP13A4	-2.083053864347803
LRRC61	1.495447976194299
FGFRL1	1.1482738202858964
PKMYT1	2.7481067884427497
CHTF18	1.9221939786115598
TNFRSF19	2.8464829046488744
STEAP4	2.7333570091222845
ASPHD2	-1.1728540691768616
A4GALT	2.739004496162718
PODXL	1.8205918987070449
STRIP2	1.3386459742573318
FLNC	1.5518345118100556
IRF5	1.2330357369803622
MRPS12	1.145053360405704
HOXD9	1.8244043813576587
ALDH1A2	3.81878162177152
ACKR4	-1.3975464121890768
E2F8	1.5731979943305658
PIMREG	1.039644264157705
KLK10	3.4353060152895636
RNASE1	-1.8945815859959119
FOXJ1	3.0956596301828814
RHBDF2	1.7051920023796434
CDKN1C	1.441462212792174
SGO1	1.5509315942715365
KLF16	1.0940246118238024
DOHH	1.310889548097777
CRACR2A	-1.4035663278081698
THEM6	1.4661910868969008
TOMM40	1.2901430563164569
GADD45G	1.3684614490460278
KIF1A	3.252616994703566
ACTN4	1.049368542774462
ARPC1B	1.2956648991478033
MAP1S	1.1670311234810509
SSBP4	1.2282204129138816
PAK4	1.364310014230197
RBBP8NL	1.5673146343258122
LAMA5	2.5907306318315118
MAP3K10	1.1331336403939636
DNMT1	1.0100793988808834
SLC6A8	2.1886949487038976
LRP3	1.8708752828626105
ZNF428	1.0392214924095404
GINS2	1.6050214695527578
PDLIM4	2.5164379719005594
PSMC3IP	1.0377675495143646
C1orf159	1.0090324648561746
TOP2A	2.257711912401466
STARD3	3.8638548468109026
RARA	1.8599902227399574
PPP1R1B	4.01699000068996
KHDRBS3	2.0560270464550663
ZSWIM4	1.1118501790243156
NUP210	1.8858848371465573
EMILIN2	1.1392133645138254
RAMP1	1.5585372012227479
CARD6	-1.0549808022397293
XAF1	-1.3143936509547245
MTSS2	1.2079306870310638
TESMIN	1.2223457559165811
RBM38	1.5340944441216082
RFC3	1.089680958913334
SLC39A11	-1.1202704387232423
EPHB2	2.0709137858028233
HSPBP1	1.490233321138816
ZDHHC8BP	2.2681202308022335
KRBA1	1.075538069815796
TMTC1	1.2185487516221323
SPINK5	-1.7261571914661042
MRO	-1.1989875011348716
CCNB1	1.8819502270503679
CAMK1	1.1762311601285138
VAV3	3.5102278856610023
PSRC1	1.1970651432891557
TMEM106C	1.0388356794766962
LDHA	1.167531853834612
SOX5	2.3527057933111752
LRP4	1.5100010269122865
CDCA8	1.2405290731990906
HOOK1	1.0419528212273623
DTNA	1.7957233846422302
FHOD3	1.9037334769667549
SLC43A3	1.3883012494199896
PSAT1	1.6815167956108783
CCNJL	1.3910031356853942
TBX3	1.58732789549125
HILPDA	1.445788223464254
GDF11	1.468310569110953
ITGA7	1.6722012504646933
TROAP	2.113388644060265
ESPL1	2.177287351131541
CPM	1.8828191599639486
KIAA0513	-1.0928099140078977
CCDC102A	1.590444447405381
CAPN9	-2.5027981325787794
GLUL	-1.2883363907293257
KIAA1614	1.2984998889681818
SLC19A3	3.5533783376110772
USP44	2.5990397118131376
TTYH3	1.635246193966434
ZFHX2	1.0104637561382142
ALPK3	2.2848751022583507
CIB2	1.7148135831458498
LIMD2	1.702714480412413
GALNT5	-1.722037858870969
HLX	1.1375283202965665
HS6ST1	1.2934303981731736
KLF4	-1.0717255908482615
RALGPS1	-1.0228952489719465
ST6GALNAC4	1.2109060223549488
TMOD1	2.5835034436108497
DSCC1	1.3826913830383738
CCN3	1.7363881713584197
IL33	-2.565781604696623
HMGA1	1.5834955325481515
NRM	1.4420297099997998
MYO7A	1.0374523736533388
SYTL2	-1.934173053872158
GGH	1.8990492275643442
SULF1	2.103929153944938
DDX60	-1.781101231108532
MMP7	4.530025884265345
MMP13	7.17247117335217
TMPRSS13	2.133792703329586
NUSAP1	1.287107209861626
KIF23	1.711066688492526
KNL1	1.2101840382175544
PAQR5	1.9802794682555924
DUOX1	2.267255945554102
STRA6	2.991008006978683
SPTBN5	2.2005729947502584
KHK	2.722446079032916
SLC3A1	2.554387918853359
CYP2C9	-1.93709988675096
BTBD16	-1.9522120383354435
KIF11	1.1946227678829564
DUSP5	2.551593726774168
CALHM2	1.172993198967463
CEP55	1.7557767807030118
ADAMTS14	1.4861125617603141
DNA2	1.260282209535623
MNS1	1.6656802171079037
ARHGAP24	-2.1086690571323072
PRKG2	-1.685039402390971
RASGEF1B	-1.4232936468424129
FRAS1	1.3774240144948293
ANXA3	-1.0754586490149918
CENPE	1.246458233325193
LEF1	1.4996953407938525
MTTP	3.7467307567243564
B4GALNT3	-1.1022552742651894
PHLDA1	1.1877432634009082
LGR5	3.9553713247562325
DUSP6	1.067744758577357
SLC46A3	1.4180787470605192
GALNT6	-1.4258735394045017
DIAPH3	1.2304877222411157
CDH24	1.5663567047478437
SYT16	-2.609131783953474
SLC27A2	1.5867168057989247
PIF1	1.8454579563262932
CYP11A1	-1.9342203942899223
HAPLN3	2.750778313102501
FANCI	1.0693540920515376
TICRR	1.991695044268976
MFGE8	1.411792264794182
ITGAX	1.2155925399699352
TGFB1I1	1.0475913456122914
NKD1	2.0043116227480717
CPNE2	1.9030274212818516
GNAL	1.2427895017359762
SLC14A1	3.0919558028848377
CCDC40	1.646487670625908
TMC6	1.1944100659053463
SLC16A3	1.4351854021224961
RNF157	1.7989577006067823
CEP131	1.6499755215590146
PMAIP1	2.222588247082843
P3H4	2.037037474322276
NT5C3B	1.5623504087940747
ERBB2	3.2703201644793136
GRB7	4.180148589368003
MIEN1	3.859140187945594
FKBP10	1.377655744652877
PGGHG	3.08147971256808
TRPM2	1.1884134192869433
DOP1B	-1.0593535545826258
EMP3	1.0522060055002591
LMTK3	2.3762282903333065
ZNF787	1.3468380397789856
CTU1	1.721697120795484
SLC2A5	1.9052825212921933
ARHGEF19	1.8230948176942212
EVA1B	2.0942777825660723
PLK4	1.2226403762277536
MAP3K6	1.003040294834715
HSPG2	1.0351728075807298
KIF2C	2.069059157418755
NUF2	1.325744774793088
XPR1	1.541508302351545
RGS16	1.544280082197861
ANXA9	2.2228992080750434
SEMA6C	1.1089708539720229
DTL	1.5164938666901648
TTC13	-1.1555515791421098
LYST	-1.0829316935502349
PPFIA4	2.9897564050769154
NPHP1	2.1501095931263206
MALL	2.7891951296704605
FAHD2B	-1.3707065931006035
CCDC150	1.4593628443311666
ABCA12	3.185363255835119
FANCD2	1.0230485515350967
ADGRG7	3.568280941518387
BOC	1.8052978126457104
MED12L	2.2158920257312666
ALDH1L1	4.01050953983442
ILDR1	2.0392832747466976
SLIT2	1.2503586656264891
PLAC8	-1.5426625983748092
CCNA2	1.4752649054882963
MEGF10	2.3309993513571605
DCDC2	2.7750965830323153
DOK3	1.1626857094036704
PPP1R18	1.0143666452514972
ANO7	-1.68110495097158
MTFR2	1.3959423088653422
C7orf50	1.3163669444844994
CREB5	2.8250451207234555
CDCA5	2.0112400526309364
IGFBP3	2.469034837749663
PSPH	1.2967834427926799
GINS4	1.513537920333929
ARHGAP39	2.340451377794617
SLC39A4	1.9014211744558753
NTRK2	1.8771203322576007
NOTCH1	1.9441699961809316
PDSS1	1.2428886052745136
MKI67	1.67556338570026
FUOM	2.1035882931312506
RGS10	1.0978600619694905
ADM	1.4841822561040647
INCENP	1.0537964135105355
CHEK1	1.2114208694108297
SIDT2	-1.0708474525535179
MTCL2	1.1766363458698323
CDC42EP2	1.352996537569905
VPS51	1.0770478533326007
ARID5B	1.1885301611230648
ADGRL3	2.7278768312009465
LYPD6B	-1.6202716996633262
FREM2	2.2525190396703687
NOCT	1.0768328578621464
CACNA1C	-1.649431189255804
KCTD14	-1.1925560414823615
BICD1	1.1881341799485339
CCL28	-1.1218595169634404
KCNE4	-1.3995495443380732
MZT2B	1.71660983821424
TMEM163	-1.2606776796015202
CYSLTR2	-2.112368791380849
SPC25	1.3806615574776195
SPOCK1	2.1736566824042325
HOMER1	1.028677793487709
RASGRP3	-1.0200428778923367
DNAI4	1.1204082805568945
ANKRD22	-1.6068342033999936
HHEX	2.0648541703566834
RAB3C	-1.900489760656026
PLOD2	1.8918217024693524
CENPH	1.462824561783888
PLA2R1	1.4973695144237849
CMTM7	1.4550453987987562
FBXL2	1.0051776077755228
SPMIP4	-1.0162569695126775
GDPD1	-1.0490947252012757
CABYR	1.3878163287170684
ANKRD29	-1.6947146816743122
UCHL1	2.0013210899146374
MIA3	-1.3275263994620445
DISP1	-1.233152409216866
OBSCN	2.629268087845073
SKA1	1.838967078339158
APCDD1	1.9134237472286777
PIEZO2	-1.4732210679121098
EME1	1.5061910883434493
FBXL18	1.303778058958041
GOLGA7B	1.513153208633027
FZD7	1.8287926064859692
SLC26A2	1.7187376022739105
HKDC1	1.3548856133687408
ATAD2	1.464251231812525
BUB1B	1.6331548587306401
LRP8	1.5890474981672038
ST3GAL2	1.1445372730672387
CCNB2	1.7979054418553828
PRXL2B	1.0622081775547425
SKI	1.0173585408495698
GRHL3	1.5850238653980173
UBXN11	1.0255144029575216
GALNT14	2.942817100775621
RHPN1	2.441276991694939
ESYT3	-1.4723502825337
AUTS2	1.37910838888168
H2BC5	1.0120750278768895
CDC25C	1.6002468895472317
DNAH3	2.4553523359615204
GDPD5	1.5571423645281657
SPATA2L	1.2349151074524385
ADAMTS4	1.6446041440125836
FBXW5	1.077743132721252
STC1	1.8416000782611195
CHAF1B	1.1841287835417087
PTMS	1.1164303717512716
TPPP3	3.501151800660832
ZYX	1.0071548880536676
CPAMD8	2.4005765684953673
TFF2	-2.7818430390158277
PDE9A	1.2146762904753379
SLX9	1.0663917334792687
C21orf58	1.550687944497929
SLC2A6	1.6729600351671625
GPSM1	1.3461502477479665
C19orf47	1.0806777699088792
BRSK1	1.1319619035547823
FGFR4	2.1209574478130544
NACC1	1.043998574467444
TONSL	1.9739969967168207
RECQL4	2.7342936848242236
PPP1R16A	1.3121529568308115
ORAI2	1.3666824061481269
LRWD1	1.0148739722041613
FBXL13	-1.0890201313806092
MFSD12	1.0506788309690382
YDJC	1.2597396809254624
PGAP3	3.527428254964783
ALDH16A1	1.2472397709140777
ZNF385A	1.2038954792454541
NAGS	1.9671424116611222
JOSD2	1.0706834434383925
RACGAP1	1.072068587038986
RAVER1	1.5993668571049144
SPC24	1.3418543130998004
TNFSF13	-1.147928240176613
WDR90	1.3396941470237922
CCNF	1.603381676223702
AMDHD2	1.093635370423886
PAQR4	1.7318246852660437
ASRGL1	3.4504818986348553
MEGF6	1.2320352089804125
IGSF8	1.1993651098016147
SLAMF6	-1.3727106338400348
HAAO	1.8987926270966016
LRATD1	2.5397444710154904
FRZB	-1.3894551503869614
CFAP221	2.3377927728220724
S100A9	5.557784228785606
ATP1A1	1.2548525621644715
NEK10	2.4567040407984813
FBLN2	2.807805024621504
SGO2	1.1582142929596708
NUAK2	2.3171299683289384
FABP1	7.971770150079968
SMIM14	-1.1767038130775131
ABHD6	-1.0215445126935234
PRRT3	1.4026035281978841
KIF15	1.466779129633155
RPL39L	1.6412110656712868
TKT	1.052350578811879
MELTF	1.9734231245985778
CDC25A	1.4751744907485418
SPRY1	1.4426838126125707
POC1A	1.169944203774485
MAD2L1	1.4849982326031808
GUCY1A1	2.0931247827074944
ELOVL7	2.1231077529179117
CMYA5	1.8635994717244801
LEAP2	1.3414847074478404
CGAS	1.1856331727216725
TMEM200A	1.2713801097291038
PTTG1	1.7993616733350177
IQUB	2.0654532197312263
NOS3	2.188561986577867
INTS1	1.5019839947940554
SLC4A2	1.212967263531714
TMUB1	1.394436731961382
OSR2	1.7008830970993876
CTHRC1	1.530378223696079
CLDN3	5.125411088791359
ZNF367	1.2069113131170417
MELK	1.780717254519697
SKA3	1.5374389764277825
DDIAS	2.233397574497573
DIPK1B	2.4137420382360966
STK32C	1.638619749795891
ZNF219	1.7916996279957618
PPP1R36	-1.0520985476207907
PRAP1	4.320185367736523
CYP2C19	-1.9113751239043497
UBTD1	1.7460130655296695
E2F7	1.9392180133879762
LARGE2	2.1105054468361297
PACSIN3	1.2264890472076133
ABTB2	2.2981384200824824
ADAMTS15	-1.6328814893154624
CKB	2.5422325553404144
TRMT61A	1.065206169663163
C2	1.8919368597155055
PLEKHF1	2.5003875226484076
CDYL2	1.1555902819534818
WEE1	1.0010024428815452
CCDC68	-1.2677470156810313
IQCD	1.56896635772706
CENPV	-1.1375082156657277
PCLAF	1.3635076904325956
ANPEP	7.031647265512152
PLK1	1.8483730886020442
NAB2	1.1718464332041842
CCDC178	-2.0060825959520643
SGSM1	-1.2563796905631035
GPRC5B	-1.0934050750442554
CDK12	1.8379372322678242
ZNF668	1.3526929390664661
CDT1	2.6967036437530245
TP53I13	1.0715830532282176
NFKBID	1.0618168957244956
YIF1B	1.2933719401268031
SEMA6B	1.323722099311748
NXN	1.223401061639849
MFSD3	1.5615013817247665
KIFC2	1.1033912948769897
TRPV3	-1.2921666856750158
C19orf48P	1.2325575062343141
KRT80	1.644202905053212
RCOR2	1.8670854958850123
CD320	1.568535021970258
EVPL	1.2564141489539815
TK1	1.7512398797378517
ZNF598	1.0679109861957259
BEST1	1.055363209303187
SPINDOC	1.2997857679112674
LTBP3	1.1647296103578075
PBK	1.5325252244619052
VASN	1.596549197111996
DDIT4	1.6054376310340992
NT5DC2	1.1602108140906786
H1-4	1.117185744884118
DTYMK	1.1918312573180234
FEN1	1.021623393884734
MUCL3	-3.6830100567328867
NPNT	2.336284643519223
SEMA4C	1.066308784029636
RGS14	1.4310781881523302
SH3TC2	2.7104846724888225
ADRB2	-1.1973494606065955
GPRIN1	2.0562808062692928
RASSF6	-1.6055831847248792
GKN1	-8.795415388756835
CKAP2L	1.4049410822982795
BUB1	1.9926928835212125
LRRC45	1.0752750441887164
AGPAT2	1.377274589396674
FASN	1.8448280108544874
RAC3	1.4441171687136056
NRG4	-3.192454407840886
PCDH7	3.0736369767899836
PUSL1	1.1415933294983116
IFFO2	1.0311430044654644
CDK1	1.5804603375696582
LRRN2	3.081023740180486
LONRF2	2.058217370259066
PFKFB3	1.8359499227928124
SERPINB9	1.644715258412287
IRF2BP1	1.2486744523262494
SLC26A5	-2.503251037758286
SGCD	1.8697119673868032
TTLL6	2.5696696742661254
CDCA4	1.3122447886418582
ATP6V0E2	1.778675464853765
BBLN	1.330615731495285
SCAND1	1.6689561465038714
SHCBP1	1.2856966076866159
SOSTDC1	-4.314145587345865
CHST11	1.0084558695261163
ESCO2	1.4002097284228088
KRT19	1.6615864971117051
KRT15	2.5367304066139402
SPSB1	1.484820787583878
PLEKHG5	1.5622354499875029
ANO5	-1.253568354768728
COL8A2	1.4114697586717262
RRM2	1.594620176565718
TLN2	-1.1757394917501653
ORMDL3	1.9224572755399438
SNTB1	1.8007525592892737
CEBPB	1.0977640009371756
GNB2	1.0667675246527362
MCRIP2	1.0177600902483706
PDE3A	2.1746423138022046
EGFL7	1.1360863353737674
ADH6	2.293631292110257
ADCK5	1.109899268760119
GLRX	1.0865182149270303
MZT2A	1.327042356514323
CIMIP2C	-1.4414485071530827
LRFN4	2.034761857514631
SLC19A1	1.7043668654269137
ADGRG2	-2.017439741557503
JUP	2.762035751822854
CBX2	2.858733475032157
SPTBN2	2.51988687069085
REP15	-3.4224773704513267
ZNHIT2	1.3728844361612398
EXO1	1.8896686729804693
ANKRD36C	-2.514425917412495
MFSD4A	-1.7100512212543635
FAM241A	-1.4682834199992074
PDZK1	3.1632806075903575
ASPHD1	1.382514509618881
ZG16	-5.973720114371593
UBE2C	2.061832948645101
CSRP2	2.719307815718747
CCNE2	1.4552786439698426
GRAMD2A	1.4533342593211833
P2RY2	2.023468821276739
CCDC85B	2.294479835769771
MTLN	5.535503840691381
NR2F1	1.6234768858198936
SFN	1.18674608349018
ETV4	1.4236379603355338
ARL4D	1.6620010866722492
BNIP3	1.4746811249362355
ATAD5	1.435577542040398
DMRTA1	-2.0135099837433343
PLAAT3	1.5292232932868013
LMNB2	1.244181906018146
CDK5R1	1.2353329455803852
FKBP9P1	-1.243634801053122
TYMS	1.3011176643214912
GCNT4	-1.4094896320299448
DPP7	1.0001460505787128
FBXO46	1.0388303205885474
ACER2	-2.0137302574608595
PPFIA3	2.2821554360020824
SLC25A22	1.381784522579728
PIDD1	1.3031919328769659
HASPIN	1.6054228261422325
ANXA2R	2.1584991483228273
SOX12	1.456894511991434
ANXA2R-OT1	1.9046416539017792
CIMAP1B	1.7958609899752147
NDUFAF3	1.0522063025047992
PLEC	1.2630351008580207
KLHL11	1.3543433952704194
PARP10	1.0068346801159302
GRINA	1.5034568247960676
OPLAH	1.6619188978877617
RFLNA	-1.720902788020441
EXOSC4	1.400138482897288
AURKB	1.5084024135226566
CCDC89	-1.6486356075179875
CYC1	1.1909314299544278
VWA1	2.1719386333273123
FJX1	1.2722829575305912
SHARPIN	1.045620722440401
HTR1D	2.3809183095118227
PIPOX	3.0331696364716785
CITED4	2.487348049145989
TIGD5	1.1384634904611557
SLC9A4	-2.8853858704743667
FZD2	1.974797935198835
ARHGAP45	1.3210593827058887
H2BC4	1.1742109410658927
SCRIB	1.476741049959971
OXTR	2.3054469906379125
FAM83H	1.2691247823064793
GPR137C	1.1428028117554727
MUC16	5.155844144925044
H2AC25	2.0291024147629297
DDX60L	-1.1163790263856255
FANCB	1.4505672338386497
LINC03040	3.053330259976592
MEX3D	1.508157261047839
PHLDA2	1.7825598466091919
CLDN7	1.2975274221029687
GINS3	1.0345033607405993
RTKN2	1.7261467961405963
CHST15	1.1140972299549907
IDH2	1.782755417362736
TNRC18	1.0629375882135323
MRPL41	1.0059243969580995
SYNM	1.3767535236540394
B4GALNT4	1.7174983829377293
AP1S2	1.0632366743584631
SPACA6	1.50744860885283
FBXL6	1.283064983573256
PLCXD1	-1.2486797711416877
KPNA2	1.3654177554523697
SNORC	2.030450585842335
COL18A1	1.3453710375513848
ZNF662	-1.045040913852359
NEB	3.7587963967653257
CHST6	4.261371673101137
RUVBL2	1.0136441079449687
ZNRF3	1.784516038170252
H3C13	2.755624752166644
GKN2	-7.565506488879448
EFHC2	1.4895911828023114
UPP1	1.61205034999122
TRAIP	1.2796680804653344
ZNF703	1.940807243537086
FAM3B	-1.7118551380768212
IQGAP3	1.2276009616422987
DENND5A	1.0343941460053185
H2AC21	1.8899343028177231
H1-5	1.6672640362457405
CSF1	1.0095589972361305
LRRC19	2.9724419337466768
KNTC1	1.0273055182734911
PTP4A3	2.781791505414859
SOCS3	1.5237469525519363
CDCA2	1.9336030724263373
H2BC21	1.4823135533897691
ZBTB7C	-1.0740553935083985
H1-10	1.6578993673493843
JAG2	2.4883552960694857
NOC4L	1.0459170584831112
H2BC13	1.8618782725423595
TNFAIP2	2.2664960233535068
GAS2L1	2.0148029909261282
TNFAIP8L1	1.1724156992880654
MAPK11	1.0935856260207955
FAM174B	-1.274323221668229
PARPBP	1.0682241585881354
NDUFA4L2	1.8383685765505613
PRAME	3.1870562744574378
SLC52A2	1.2316428975939457
LEMD1	3.1881059999885193
KIF18B	2.256280794474697
SAPCD2	2.8104585149147887
CYP4X1	3.682914233716919
MIR22HG	-1.5147175124748962
KIF24	1.5705063316546104
ERCC6L	1.56358216123102
ESPN	3.0733028432297544
ENTPD5	-1.3768254005219827
GCNT1	-1.6030926195407207
BCAM	3.216533907561221
GJA4	1.4259441614026274
FANCA	1.2418076891075809
TMEM220	-1.8252865857930982
CCDC157	1.027526579546544
ZFTA	1.385434112389117
COL4A5	2.0295353971596106
AGRN	1.6986158426709879
SLC9A3-OT1	1.3757379291675471
CERKL	2.4323665993743857
IER5L	2.9448563950404214
H2AX	2.0839413097469803
CFAP54	3.575159195604692
PARVB	1.5380357564478486
FSIP2	-2.8762608575500996
TMEM198	1.029762082200694
TMEM201	1.453999038299647
MSL1	1.2528430134598985
LRRC66	-1.5278973920308694
ANKDD1B	-1.5930248253971748
FAM111B	1.3551971012104
SP6	1.553382981436543
CLDN4	1.6514647941125065
CFAP119	1.0556367056228975
S100A4	2.7095133004155496
COLCA1	-1.2810874702896122
ZNF775	1.068750597121267
SLC6A9	2.0268382463043544
MME	2.9949686872153123
XRCC2	1.7344790301442468
UGT2B15	-3.864796545757137
COL27A1	-1.049689912369772
H2AC13	1.7110864027990331
S100A2	1.5558075863213048
H2AC11	1.8773538540339971
ARID5A	1.4556153187423653
H2BC26	2.417820700856875
PDLIM7	1.8684636510270598
FLNA	1.041105542124626
SLC39A10	1.0168768960314567
H3C12	2.1232382543090704
NEK5	1.5024001832391016
BLM	1.0396489398533182
UAP1L1	1.8174524723704086
DCHS2	2.002103799395526
OGDHL	2.2633566783009145
FAM177B	-2.6559543879145986
MIB2	1.0180847374736066
DPP4	3.461540279284546
NMB	1.430200187437318
CFAP43	2.413628452569536
CFD	1.6744060581328297
ATAD3A	1.4624309748148117
GPAA1	1.6034743084274983
ADAMTSL2	1.4965489132812488
H2BC12	1.233553384052923
TEAD4	1.8976698063000847
GOLGA6L9	-1.1807908295412695
SIRPA	1.5132484028482114
SULT1C2	-2.104669791154737
ZNF69	-1.0672496676698124
NRARP	1.9478655869082881
SH3BGRL2	-1.2219093513094086
ANKRD35	5.555903126823276
B3GNT6	-3.2076808582228082
MAFK	1.0255834807532629
RYR2	1.900781866750375
ANKRD13B	1.2446655275227692
MTCO3P12	-2.4693403058359373
ZNF358	1.1596579758931853
ARHGAP11A	1.2133312237028029
SELENOM	1.3718456391505751
CCDC152	1.731590756713809
PRC1	1.5838661800843339
TBKBP1	1.287343624988358
MFAP3L	3.045572451328977
TGM2	2.212421598031702
RNU5E-1	1.64944731279067
SNORA73B	-1.2435422705197516
SNORA38B	-1.2317708712096067
SNORA23	-1.43074540863283
CAPN8	-1.848721498425343
MIR29B2CHG	-1.6715745688317123
CENPW	1.330629472485766
H2BC18	1.4894935603012869
HSPA1L	1.0113416944811668
MICB	1.228338513840224
PRSS1	-4.404193797081956
SAMD9	-1.178091965921567
C2CD4B	1.5312197924114659
ZNF316	1.017238908624396
ATP10A	1.4238521453544155
SNORA72	-1.2806120471261146
SNORA14B	-1.222146237100629
RNU1-4	-1.642265776197636
SNORD15B	-1.506946608991075
SELENOH	1.176929767279369
SNORA74B	-1.808519714958154
SNORA53	-1.8927048741676489
KLHL23	1.1206706979528205
MXD3	1.3368387782602702
SIPA1	1.1602680141734523
ARL2	1.0549632246335974
RSU1P3	-1.1308793628107816
DDAH2	1.00077611051078
TAX1BP3	-1.329617170126046
REPIN1	1.0054515523324188
TSPAN4	1.1103853621153736
SH3D21	1.602588730122171
ANG	-1.4537025768055656
TUBA5P	1.6629139967160365
ARHGEF28	-1.1089403031897382
CRPPA	-1.6938243249678433
MUC5AC	-3.417961743122007
FRG1JP	-1.019866462181293
TNFRSF25	1.2033701715712342
RNU6ATAC	2.395799824618787
PLXNA4	2.88614527283929
CEBPD	1.9647852413957319
NPTXR	2.229254574738578
FADS3	1.0626486817771277
SNORA79B	-1.289751654645745
CPTP	1.129392680161043
LINC01133	-1.6708905854635083
C4B	2.2893528193810413
LINC00365	-2.5914858544194193
POT1-AS1	-1.2342439510727041
TAF1A-AS1	-1.0191373794402783
LHFPL3-AS2	3.1531246941404474
RPL7AP52	-2.0345273618786686
LINC01504	-1.4076495256007737
MCRIP1	1.0410936548355054
FAM174C	1.0631108941479603
FNDC10	1.2224965957911558
RALGAPA1P1	1.31577088855694
PCAT7	-1.2604646105136723
RAD17P1	-1.034834400648555
LINC00665	2.412541121350915
LINC00342	-3.12395065994689
MROH3P	-2.078408660878835
TMEM238	1.6907503352208268
H2BC15	1.2532637052292979
LINC02535	2.2200357561665176
LINC01426	-1.3300789490163363
SLC25A25-AS1	-1.506341997776366
KIAA0040	1.1873024147065137
SULT1C5P	-2.4577064136206226
KIFC1	1.8562083673387295
RN7SL752P	-1.1208814591375817
RN7SL263P	-1.25521639499795
RPS2P5	1.4116873528863763
RN7SL521P	-1.4787719617127488
MIF	2.0780009373631554
RN7SL144P	-1.5609188771166516
AP5Z1	1.0884822348122176
RN7SL834P	-1.0677839059192347
OR2A1-AS1	-1.0943212680029726
SCARF2	1.542705315699584
TPTEP2	1.2805279441551265
HBB	-1.3436696000648924
CEBPA	1.4742415203178436
LINC02481	-1.318720106678972
SIMC1P1	-1.3623470390746257
FMN1	-1.300948095502124
HAUS5	1.1581246496385162
GBA3	4.13308081841934
SHANK3	1.346088048954721
HSPD1P11	1.2386076603522178
LINC02615	-1.0154360315250497
SCARNA6	-1.0227895206535593
SCARNA5	-1.3211387155527268
SCARNA1	-1.4046305736202913
HOXA10	2.522564544478506
PCDHGA5	2.0052615961678177
SLC10A5	-1.0307729149610252
PCDHGB2	1.7702143729331417
PCDHGB1	3.2886995485363504
MEX3A	1.9524577601177604
LMNTD2-AS1	1.8726800608100072
CLEC5A	1.6029684855645143
SMIM6	-1.3576726108109232
CAP2P1	-1.0914408641547038
TPM1-AS	-1.354179355999818
ITPRID2-DT	-1.1233200660279343
LINC01572	1.2306030027369943
ZNF865	1.661446420458455
BOP1	1.6791834260711085
DLGAP1-AS2	1.3396019366603835
SNORD3B-2	3.714938213581687
PCDHGA4	2.703837390468004
SPON1	2.8875507915403986
MRPL12	2.0634741023399488
TMEM220-AS1	-2.1592284737942236
TMEM238L	-2.031751708282728
MSMB	-4.3364023036844594
RHEX	6.661520196126773
RN7SL665P	-1.1937310913147254
GJA5	1.809954947850726
GATA6-AS1	-1.4527461121938625
SLC6A14	-1.8182711318047484
PCDHB16	1.535466235153699
H2BC14	1.6697224358898126
H2BC8	1.373002170516325
LINC02967	-1.0307123435772942
H2BC6	1.686994516771223
H2BC17	2.038950764015285
H2AC12	1.807966515275722
H4C13	1.7882196573649631
H2AC15	1.44018488482756
H3C11	1.6539266492669928
H3C1	1.2333755380257994
ARHGAP23	1.3764509253623138
PRSS2	-5.138894806719005
DUSP14	1.6191274903892385
UHRF1	1.9091574396317543
H2AC14	1.6033952980285961
H2BC3	1.488749734469435
DACH1	2.229462254611441
H2AC16	2.315844696097465
H2AC8	1.293806021994054
H4C4	1.1174506067550742
H2BC7	1.7730092121181844
PSMB3	1.2263166095181062
RNVU1-2A	-1.8816920948507931
H2AC4	2.2668584590334686
DHRS11	1.2465779731472613
H2BC10	1.2481294748987037
H4C1	1.4921473793390692
RN7SL660P	-1.2155247937221227
RN7SL3	-1.4865159803700096
H3C10	2.0196396065296245
SLFNL1-AS1	1.2859672767171495
SNHG4	1.0381628984604818
