ENSP00000365395	0.08326
ENSP00000477848	0.175136280301062
ENSP00000363868	0.0143999384770287
ENSP00000272895	0.08475
ENSP00000344155	0.04401
ENSP00000301732	0.13468
ENSP00000263094	0.21507
ENSP00000384881	0.111282259648068
ENSP00000378230	0.08025
ENSP00000311030	0.08025
ENSP00000303960	0.14325
ENSP00000218104	0.03266
ENSP00000354995	0.0276
ENSP00000481728	0.05098
ENSP00000365063	0.0755467698981902
ENSP00000302657	0.22201
ENSP00000250974	0.23821
ENSP00000366240	0.07788
ENSP00000258884	0.02486
ENSP00000381937	0.05811
ENSP00000289119	0.02715
ENSP00000414558	8.19999999999998e-4
ENSP00000390849	0.08604
ENSP00000420315	0.06192
ENSP00000363753	0.00497
ENSP00000425394	0.03378
ENSP00000285093	0.19761
ENSP00000341044	0.0542194915172969
ENSP00000389813	0.0498888815291679
ENSP00000281182	0.18906
ENSP00000233710	0.08439
ENSP00000242592	0.01915
ENSP00000357873	0.0012613596304577
ENSP00000438689	0.20573
ENSP00000356015	0.13075
ENSP00000263776	0.01491
ENSP00000368109	0.01491
ENSP00000301452	0.14141
ENSP00000342609	0.01989
ENSP00000416996	0.07679
ENSP00000216254	0.10754
ENSP00000366682	0.03133
ENSP00000311224	0.22466
ENSP00000303246	0.22961
ENSP00000367086	0.0858538467756626
ENSP00000307697	0.06192
ENSP00000256997	0.04237
ENSP00000270593	0.07075
ENSP00000479130	0.11464
ENSP00000339787	0.01965
ENSP00000301956	0.0057
ENSP00000327453	0.0057
ENSP00000289416	0.0057
ENSP00000327916	0.0057
ENSP00000416706	0.16005
ENSP00000364555	0.09281
ENSP00000377941	0.0115146747996764
ENSP00000254286	0.14326
ENSP00000336842	0.04172
ENSP00000360165	0.01569
ENSP00000340361	0.09171
ENSP00000268624	0.15021
ENSP00000398744	0.08742
ENSP00000200557	0.15947
ENSP00000256412	0.05203
ENSP00000270328	0.03539
ENSP00000282849	0.254269780032365
ENSP00000370443	0.23073
ENSP00000369921	0.0717008179359395
ENSP00000286744	0.0244668718315343
ENSP00000329468	0.21141
ENSP00000310015	0.25547
ENSP00000312126	0.04966
ENSP00000378187	0.0836
ENSP00000294016	0.03295
ENSP00000381036	0.10058
ENSP00000406367	0.03179
ENSP00000334952	0.07831
ENSP00000362759	0.02844
ENSP00000261654	0.119675331904871
ENSP00000319883	0.00648
ENSP00000369198	0.0447794722271834
ENSP00000332900	0.19095
ENSP00000377699	0.01849
ENSP00000377699	0.01849
ENSP00000342981	0.19095
ENSP00000356581	0.10333
ENSP00000322270	0.06935
ENSP00000359778	0.0832956110630636
ENSP00000384582	0.188000497168786
ENSP00000384582	0.188000497168786
ENSP00000384582	0.188000497168786
ENSP00000384582	0.188000497168786
ENSP00000384582	0.188000497168786
ENSP00000384582	0.188000497168786
ENSP00000384582	0.188000497168786
ENSP00000306606	0.09216
ENSP00000426083	0.09216
ENSP00000304501	0.22414
ENSP00000312250	0.06604
ENSP00000369960	0.04188
ENSP00000305372	0.03378
ENSP00000343782	0.03179
ENSP00000223357	0.00192
ENSP00000375960	0.11822437220007
ENSP00000392513	0.09501
ENSP00000316109	0.23037
ENSP00000364986	0.08251
ENSP00000341662	0.0910441159647202
ENSP00000362287	0.03576
ENSP00000360761	0.08834
ENSP00000381140	0.0102017065548197
ENSP00000314036	0.18078
ENSP00000285518	0.12741
ENSP00000391490	0.07674
ENSP00000308606	0.07674
ENSP00000360973	0.01924
ENSP00000319713	0.08749
ENSP00000302620	0.00901
ENSP00000356774	0.06544
ENSP00000287295	0.01569
ENSP00000350509	0.103715112906765
ENSP00000291582	0.03299
ENSP00000346921	0.03062
ENSP00000346577	0.0024741339926243
ENSP00000399075	0.11547
ENSP00000392678	0.0288075557521858
ENSP00000375711	0.0495285719917176
ENSP00000375892	0.0235613058858063
ENSP00000386284	0.040691382685257
ENSP00000378416	0.05831
ENSP00000293350	0.06591
ENSP00000249750	0.0773709176955023
ENSP00000411821	0.199
ENSP00000345774	0.199
ENSP00000364490	0.02752
ENSP00000387123	0.10926
ENSP00000417764	0.0227
ENSP00000382091	0.21278
ENSP00000251535	0.20573
ENSP00000458832	0.166545095078172
ENSP00000369530	0.21021
ENSP00000314879	0.180792241744567
ENSP00000363973	0.10229
ENSP00000265132	0.05926
ENSP00000391596	0.13468
ENSP00000290649	0.21754
ENSP00000379802	0.13723
ENSP00000426654	0.06919
ENSP00000261819	0.03094
ENSP00000314897	0.105507133787418
ENSP00000301455	0.03539
ENSP00000349588	0.0844296879836918
ENSP00000349588	0.0844296879836918
ENSP00000349588	0.0844296879836918
ENSP00000325895	0.08421
ENSP00000471417	0.23522
ENSP00000385887	6.56578571164484e-4
ENSP00000296785	0.23522
ENSP00000215941	0.13461
ENSP00000304586	0.02905
ENSP00000308772	0.0057
ENSP00000297837	0.0153067562407337
ENSP00000265748	0.06659
ENSP00000292246	0.0788563067205114
ENSP00000256737	0.152500191808554
ENSP00000274979	0.00901
ENSP00000366109	0.07788
ENSP00000352248	0.19941
ENSP00000346032	0.0972
ENSP00000346550	0.03267
ENSP00000253799	0.18334
ENSP00000312326	0.165124264771159
ENSP00000312442	0.0582
ENSP00000351926	0.06859
ENSP00000327694	0.13245
ENSP00000263270	0.064
ENSP00000255194	0.23029
ENSP00000440984	0.01987
ENSP00000261558	0.14326
ENSP00000265381	0.0157025014355992
ENSP00000453293	0.0261634589639807
ENSP00000477213	0.12488
ENSP00000427211	0.0274631001180596
ENSP00000257430	0.1864
ENSP00000216714	0.0523
ENSP00000385741	0.14168
ENSP00000465356	0.11683
ENSP00000468236	0.11683
ENSP00000317674	0.20771
ENSP00000249066	0.20771
ENSP00000344577	0.12079
ENSP00000288266	0.06192
ENSP00000311165	0.14637
ENSP00000219660	0.01625
ENSP00000219919	0.09885
ENSP00000156471	0.08694
ENSP00000363822	0.00531
ENSP00000302895	0.0503823590090333
ENSP00000264028	0.00984
ENSP00000251691	0.0933163781306866
ENSP00000261783	0.09406
ENSP00000310491	0.04237
ENSP00000357131	0.01513
ENSP00000392660	0.0954538110661269
ENSP00000276211	0.01569
ENSP00000368994	0.24355
ENSP00000374424	0.112382028755989
ENSP00000340297	0.11894
ENSP00000355060	0.09281
ENSP00000352995	0.08233
ENSP00000341071	0.0383735113166848
ENSP00000328083	0.03378
ENSP00000364893	0.04401
ENSP00000369217	0.0642
ENSP00000433427	0.07716
ENSP00000219204	0.21754
ENSP00000269586	0.20337
ENSP00000273258	0.07428
ENSP00000361917	0.01879
ENSP00000265138	0.20708
ENSP00000333395	0.03267
ENSP00000228936	0.02744
ENSP00000371152	0.04726
ENSP00000264607	0.00929
ENSP00000355195	0.00938
ENSP00000277458	0.06078
ENSP00000369855	0.02205
ENSP00000340896	0.03179
ENSP00000225823	0.148979097007628
ENSP00000442477	0.03471
ENSP00000263080	0.17407
ENSP00000373860	0.0666
ENSP00000361471	0.06078
ENSP00000390941	0.23034
ENSP00000336790	0.08844
ENSP00000432412	0.04237
ENSP00000247178	0.09816
ENSP00000361306	0.02034
ENSP00000351155	0.06686
ENSP00000349325	0.0471444029397092
ENSP00000420387	0.0370617828989953
ENSP00000332756	0.01721
ENSP00000218548	0.0784080026302132
ENSP00000327214	0.0688934478946041
ENSP00000444688	0.10848
ENSP00000250111	0.179037200921289
ENSP00000440045	0.05164
ENSP00000353072	0.16431
ENSP00000353414	0.0307514591989603
ENSP00000397925	0.1811
ENSP00000262623	7.49999999999999e-4
ENSP00000377033	0.11096
ENSP00000421076	0.11574
ENSP00000358777	0.02576
ENSP00000264649	0.1981
ENSP00000332247	0.0146812607742274
ENSP00000290949	0.25621
ENSP00000253413	0.01309
ENSP00000363162	0.05819
ENSP00000345728	0.016
ENSP00000242839	0.08064
ENSP00000371084	0.0212719924064825
ENSP00000371070	0.0704613311662011
ENSP00000311336	0.08835
ENSP00000284509	0.09205
ENSP00000362441	0.016
ENSP00000252934	0.119231025069891
ENSP00000369996	0.05467
ENSP00000364883	0.0179295930014296
ENSP00000313950	0.19909
ENSP00000315568	0.05955
ENSP00000363645	0.00531
ENSP00000421172	0.00531
ENSP00000343002	0.0183635585923368
ENSP00000319636	0.023
ENSP00000312700	0.10848
ENSP00000300404	0.0747304357786556
ENSP00000261499	0.19843
ENSP00000259407	0.01025
ENSP00000371085	0.113016021164432
ENSP00000324510	0.1456
ENSP00000376902	0.223262546762491
ENSP00000293288	0.06591
ENSP00000362085	0.01605
ENSP00000263182	0.14883404872574
ENSP00000270233	0.17974
ENSP00000392330	0.03266
ENSP00000391669	0.238016472141419
ENSP00000322991	0.06545
ENSP00000260442	0.09205
ENSP00000309132	0.01308
ENSP00000250405	0.0582
ENSP00000452479	0.0582
ENSP00000293805	0.20573
ENSP00000258168	0.25684661342869
ENSP00000414303	0.14777
ENSP00000442793	0.25621
ENSP00000369372	0.04706
ENSP00000421169	0.03765
ENSP00000446054	0.01879
ENSP00000367104	0.02741
ENSP00000327336	0.02807
ENSP00000274353	0.22961
ENSP00000255192	0.22961
ENSP00000216115	0.110934742294034
ENSP00000257336	0.0749
ENSP00000259089	0.108354393766617
ENSP00000220531	0.08469
ENSP00000264501	0.06049
ENSP00000264501	0.06049
ENSP00000264501	0.06049
ENSP00000264501	0.06049
ENSP00000264501	0.06049
ENSP00000264501	0.06049
ENSP00000264501	0.06049
ENSP00000264501	0.06049
ENSP00000264501	0.06049
ENSP00000264501	0.06049
ENSP00000264501	0.06049
ENSP00000436773	0.20855
ENSP00000305714	0.04639
ENSP00000245451	0.06803
ENSP00000297145	0.06104
ENSP00000307041	0.01987
ENSP00000467843	0.19444
ENSP00000321546	0.0152361207188527
ENSP00000380594	0.171892273028018
ENSP00000369497	0.04079
ENSP00000369497	0.04079
ENSP00000369497	0.04079
ENSP00000369497	0.04079
ENSP00000305918	0.0715440475341177
ENSP00000340761	0.0225308060589821
ENSP00000343742	0.0147
ENSP00000359682	0.01849
ENSP00000310649	0.06632
ENSP00000371614	0.13245
ENSP00000362372	0.016
ENSP00000344816	0.02969
ENSP00000265016	0.06773
ENSP00000255608	0.23821
ENSP00000289361	0.00213
ENSP00000244519	0.00213
ENSP00000287598	0.03236
ENSP00000331691	0.02744
ENSP00000415027	0.02905
ENSP00000479396	0.20337
ENSP00000321519	0.06664
ENSP00000294889	0.001
ENSP00000363770	0.09791
ENSP00000302274	0.04237
ENSP00000371529	0.20013
ENSP00000338885	0.05098
ENSP00000347712	0.08318
ENSP00000369755	0.08318
ENSP00000245907	0.14141
ENSP00000322582	0.08847
ENSP00000347197	0.064
ENSP00000231512	0.10994
ENSP00000230301	0.17146
ENSP00000386604	0.14709
ENSP00000297324	0.05019
ENSP00000383456	0.00497
ENSP00000344865	0.01698
ENSP00000365522	0.01698
ENSP00000381364	0.0544382887631327
ENSP00000216144	0.20283
ENSP00000360423	0.0405377967094379
ENSP00000288139	0.0253677983983553
ENSP00000385019	0.120262996396634
ENSP00000419101	0.0689
ENSP00000005284	0.01882
ENSP00000252729	0.05396
ENSP00000375647	0.05396
ENSP00000270458	0.05396
ENSP00000415078	0.23034
ENSP00000373215	0.0327441656220758
ENSP00000385836	0.0406291521997853
ENSP00000357588	0.03838
ENSP00000381412	0.03267
ENSP00000379098	0.00192
ENSP00000339740	0.0548888152302721
ENSP00000282356	0.1864
ENSP00000158166	0.16431
ENSP00000312741	0.03094
ENSP00000419195	0.084
ENSP00000297156	0.10994
ENSP00000412886	0.20412
ENSP00000387641	0.01818
ENSP00000380349	0.1049
ENSP00000400882	0.22739
ENSP00000326238	0.00719999999999999
ENSP00000384006	0.06523
ENSP00000331983	0.00503254172738798
ENSP00000334958	0.25621
ENSP00000340467	0.04966
ENSP00000369897	0.13668
ENSP00000384183	0.20283
ENSP00000366221	0.08749
ENSP00000241052	0.04934
ENSP00000371180	0.03161
ENSP00000371037	0.14279
ENSP00000349541	0.1981
ENSP00000268679	0.11464
ENSP00000264033	0.05098
ENSP00000269503	0.199252139129573
ENSP00000267406	0.04966
ENSP00000309189	0.11079
ENSP00000310670	0.05264
ENSP00000353377	0.171886530513097
ENSP00000306776	0.09324
ENSP00000219299	0.25615
ENSP00000379754	0.22617
ENSP00000304355	0.08055
ENSP00000309836	0.07679
ENSP00000425715	0.08101
ENSP00000341684	0.08633
ENSP00000385357	0.20283
ENSP00000426174	0.06838
ENSP00000239374	0.06892
ENSP00000370077	0.115344922249885
ENSP00000373304	0.03877
ENSP00000453940	0.14326
ENSP00000392368	0.14326
ENSP00000294600	0.08856
ENSP00000413017	0.04717
ENSP00000293845	0.21034
ENSP00000333374	0.0362208700473815
ENSP00000312399	0.05164
ENSP00000242819	0.09972
ENSP00000293889	0.16495
ENSP00000295589	0.07129
ENSP00000335544	0.12488
ENSP00000302234	0.23062
ENSP00000398736	0.03101
ENSP00000256442	0.22617
ENSP00000409896	0.0523
ENSP00000256897	0.20969
ENSP00000282572	0.1564
ENSP00000296140	0.02858
ENSP00000441600	0.02858
ENSP00000332659	0.05286
ENSP00000292303	8.20000000000001e-4
ENSP00000246657	0.181327920737457
ENSP00000350256	0.00633
ENSP00000349967	8.20000000000001e-4
ENSP00000325681	0.03729
ENSP00000314544	0.03299
ENSP00000380565	0.13245
ENSP00000363139	0.10366
ENSP00000256447	0.23758
ENSP00000370989	0.212475698935957
ENSP00000262262	0.04104
ENSP00000325708	0.06591
ENSP00000300692	0.06478
ENSP00000354566	0.06478
ENSP00000379191	0.04934
ENSP00000245903	0.14141
ENSP00000009530	0.03267
ENSP00000263645	0.13051
ENSP00000251108	0.10599
ENSP00000378350	0.02915
ENSP00000321656	0.02915
ENSP00000434614	0.16319
ENSP00000371278	0.209876934628069
ENSP00000357928	4.16502087506576e-4
ENSP00000383118	0.0852919880972305
ENSP00000301200	0.05941
ENSP00000209728	0.20112
ENSP00000296129	0.01137
ENSP00000262717	0.1648
ENSP00000398880	0.20337
ENSP00000181839	0.06289
ENSP00000322343	0.00954
ENSP00000261692	0.023
ENSP00000343818	0.02177
ENSP00000362361	0.05603
ENSP00000379176	0.06686
ENSP00000265334	0.10994
ENSP00000376458	0.17833
ENSP00000295887	0.084
ENSP00000362613	0.00531
ENSP00000349971	0.10848
ENSP00000206513	0.0582
ENSP00000361151	0.06462
ENSP00000365075	0.08251
ENSP00000290122	0.03537
ENSP00000338369	0.03537
ENSP00000435926	0.04237
ENSP00000262738	0.13201
ENSP00000262738	0.13201
ENSP00000262738	0.13201
ENSP00000262738	0.13201
ENSP00000262738	0.13201
ENSP00000378177	0.02486
ENSP00000366243	0.07788
ENSP00000265148	0.09036
ENSP00000265148	0.09036
ENSP00000265148	0.09036
ENSP00000265148	0.09036
ENSP00000265148	0.09036
ENSP00000265148	0.09036
ENSP00000283006	0.22617
ENSP00000362018	0.01879
ENSP00000377007	0.24286
ENSP00000308583	0.08769
ENSP00000457810	0.25621
ENSP00000281453	0.105364769004222
ENSP00000367476	0.08856
ENSP00000303058	0.1131
ENSP00000370337	0.09205
ENSP00000357474	0.0405208175821447
ENSP00000370297	0.10291
ENSP00000361929	0.01605
ENSP00000251363	0.08526
ENSP00000369862	0.23522
ENSP00000353720	0.21754
ENSP00000317842	0.25621
ENSP00000304782	0.25621
ENSP00000444052	0.25621
ENSP00000428864	0.21754
ENSP00000200676	0.21754
ENSP00000245957	0.01846
ENSP00000378130	0.04669
ENSP00000352295	0.06591
ENSP00000349954	0.06591
ENSP00000301408	0.06591
ENSP00000301280	0.187771942054015
ENSP00000369716	0.21021
ENSP00000262450	0.0846
ENSP00000457466	0.14214
ENSP00000457466	0.14214
ENSP00000457466	0.14214
ENSP00000319851	0.0378774416457998
ENSP00000388648	0.17833
ENSP00000372023	0.20633
ENSP00000299847	0.06584
ENSP00000409378	0.04237
ENSP00000372750	0.04705
ENSP00000250699	0.136270223805542
ENSP00000385026	0.03974
ENSP00000315602	0.01804
ENSP00000299565	0.01804
ENSP00000407546	0.0505986463895924
ENSP00000304290	0.19746
ENSP00000309270	0.05249
ENSP00000481912	0.1104623973721
ENSP00000341206	0.20786
ENSP00000338783	0.1761
ENSP00000328983	0.24762
ENSP00000251588	0.16495
ENSP00000377914	0.19095
ENSP00000258930	0.0131063656718926
ENSP00000443411	0.235218976759611
ENSP00000337731	0.04966
ENSP00000376306	0.00933
ENSP00000444198	0.10185
ENSP00000367276	0.08064
ENSP00000367265	0.03194
ENSP00000264001	0.25621
ENSP00000221476	0.112267321061703
ENSP00000221455	0.11683
ENSP00000234701	0.07041
ENSP00000359596	0.07041
ENSP00000359594	0.0757434651897289
ENSP00000261514	0.19941
ENSP00000234488	0.08749
ENSP00000372193	0.126252196455888
ENSP00000299339	6.81834622755792e-4
ENSP00000356133	0.14592
ENSP00000254868	0.20573
ENSP00000353013	0.10193
ENSP00000387122	9.51169934255588e-4
ENSP00000378505	0.07155
ENSP00000366673	0.03133
ENSP00000249806	0.06821
ENSP00000328182	0.11894
ENSP00000245816	0.14141
ENSP00000300107	0.08421
ENSP00000424711	0.12902
ENSP00000460850	0.12963
ENSP00000441726	0.0860800872802734
ENSP00000275162	0.00860999999999999
ENSP00000368814	0.25621
ENSP00000344819	0.0582
ENSP00000307741	9.99999999999925e-6
ENSP00000337512	0.20786
ENSP00000394770	0.22961
ENSP00000405635	0.0836
ENSP00000328478	0.04153
ENSP00000369268	0.12488
ENSP00000251102	0.25615
ENSP00000216416	0.09816
ENSP00000272133	0.00540783074464136
ENSP00000367198	0.09195
ENSP00000320949	0.25615
ENSP00000377470	0.1981
ENSP00000363596	0.1007
ENSP00000465204	0.18334
ENSP00000370021	0.120168637473195
ENSP00000263665	0.0766288567845984
ENSP00000264638	0.1981
ENSP00000399013	0.00529245072305141
ENSP00000362962	0.01501
ENSP00000297135	0.05731
ENSP00000397441	0.0913621091242799
ENSP00000305459	0.17122
ENSP00000364140	0.0190111944374784
ENSP00000382083	0.04669
ENSP00000300527	0.02455
ENSP00000380901	0.03576
ENSP00000383115	0.11478
ENSP00000373298	0.03877
ENSP00000267935	0.07155
ENSP00000263401	0.02011
ENSP00000249923	0.1428
ENSP00000310873	0.08259
ENSP00000300452	0.01605
ENSP00000288532	0.01915
ENSP00000315118	0.10848
ENSP00000262507	0.19095
ENSP00000343746	0.00948
ENSP00000344562	0.22201
ENSP00000251166	0.02905
ENSP00000261643	0.24355
ENSP00000317780	0.07155
ENSP00000181383	0.11079
ENSP00000443985	0.06773
ENSP00000290776	0.21754
ENSP00000272852	0.09279
ENSP00000371193	0.00817
ENSP00000402608	0.0858202870479115
ENSP00000376303	0.06859
ENSP00000315013	0.05669
ENSP00000349204	0.14141
ENSP00000366557	0.01846
ENSP00000385478	0.11006064210434
ENSP00000323696	0.05286
ENSP00000302105	0.06306
ENSP00000298248	0.0769104205637681
ENSP00000219599	0.00778446654541988
ENSP00000296871	0.02222
ENSP00000411816	0.04985
ENSP00000430733	0.122209699310422
ENSP00000430733	0.122209699310422
ENSP00000430733	0.122209699310422
ENSP00000430733	0.122209699310422
ENSP00000362479	0.0366692634607915
ENSP00000362479	0.0366692634607915
ENSP00000312506	0.07155
ENSP00000431813	0.12889
ENSP00000381448	0.01966
ENSP00000420384	0.0187357179116255
ENSP00000264010	0.25621
ENSP00000260327	0.09599
ENSP00000304669	0.00167485223660675
ENSP00000320434	0.00497
ENSP00000344456	0.10147
ENSP00000355013	0.14643
ENSP00000365116	0.08251
ENSP00000236671	0.03762
ENSP00000414904	0.0750115461626246
ENSP00000368758	0.10926
ENSP00000384109	0.02083
ENSP00000351059	0.09171
ENSP00000293778	0.21869
ENSP00000292174	0.05098
ENSP00000395704	0.00633
ENSP00000302543	0.02345
ENSP00000341625	0.18742
ENSP00000308430	0.17122
ENSP00000261623	0.11464
ENSP00000307786	0.14709
ENSP00000268053	0.07155
ENSP00000379683	0.09205
ENSP00000369050	0.07155
ENSP00000342007	0.07155
ENSP00000332679	0.10848
ENSP00000301141	0.10848
ENSP00000301146	0.10848
ENSP00000324648	0.10848
ENSP00000333534	0.10848
ENSP00000334592	0.14154
ENSP00000308032	0.10848
ENSP00000333212	0.05122
ENSP00000310149	0.0207
ENSP00000368079	0.128599428539992
ENSP00000318867	0.07679
ENSP00000478492	0.016
ENSP00000282018	0.10547
ENSP00000248901	0.13511
ENSP00000378557	0.14326
ENSP00000259371	0.00894
ENSP00000337439	0.14326
ENSP00000250498	8.19999999999998e-4
ENSP00000297056	0.12418
ENSP00000228476	0.05512
ENSP00000386135	0.01466
ENSP00000261891	0.09552
ENSP00000423602	0.08847
ENSP00000233078	0.20742
ENSP00000250863	0.04418
ENSP00000436881	0.13776
ENSP00000393183	0.05831
ENSP00000360167	0.01739
ENSP00000385936	0.05608
ENSP00000299441	0.11202
ENSP00000299441	0.11202
ENSP00000299441	0.11202
ENSP00000299441	0.11202
ENSP00000303887	0.0392713756549272
ENSP00000263579	0.16784497578342
ENSP00000392762	0.03216
ENSP00000221114	0.03974
ENSP00000322524	0.00112
ENSP00000327104	0.06803
ENSP00000380352	0.03179
ENSP00000479504	0.20337
ENSP00000323858	0.05297
ENSP00000238146	0.023
ENSP00000258772	0.00192
ENSP00000377344	0.19941
ENSP00000328359	0.04243
ENSP00000329890	0.1118
ENSP00000297436	0.12694
ENSP00000334681	0.00358
ENSP00000347810	0.01177
ENSP00000303532	0.00358
ENSP00000391167	0.09317
ENSP00000328524	0.13017
ENSP00000311401	0.06192
ENSP00000383105	0.184548278176778
ENSP00000416583	0.02744
ENSP00000158771	0.20412
ENSP00000384744	0.04189
ENSP00000263256	0.13858
ENSP00000328036	0.00531
ENSP00000385780	0.150441846116509
ENSP00000337572	0.11079
ENSP00000412178	0.04237
ENSP00000353104	0.10032
ENSP00000221403	0.06591
ENSP00000219240	0.184846471807822
ENSP00000288111	0.04966
ENSP00000344674	0.0582
ENSP00000216500	0.14326
ENSP00000251636	0.1564
ENSP00000225296	0.20412
ENSP00000331907	0.064
ENSP00000251642	0.1981
ENSP00000262415	0.10331
ENSP00000383178	0.0673231332258181
ENSP00000199320	0.15145
ENSP00000360757	0.08834
ENSP00000344331	0.17188078452248
ENSP00000325836	0.22319
ENSP00000321711	0.09317
ENSP00000267889	0.09388
ENSP00000294484	0.08749
ENSP00000221498	0.06591
ENSP00000205402	0.05482
ENSP00000362444	0.0278534885036662
ENSP00000247191	0.09816
ENSP00000249749	0.09402
ENSP00000255189	0.22961
ENSP00000345997	0.11465
ENSP00000190165	0.21508
ENSP00000439479	0.177765663202157
ENSP00000439479	0.177765663202157
ENSP00000439479	0.177765663202157
ENSP00000439479	0.177765663202157
ENSP00000367815	0.231974263337763
ENSP00000297440	0.15046
ENSP00000401514	0.05831
ENSP00000401514	0.05831
ENSP00000401514	0.05831
ENSP00000401514	0.05831
ENSP00000401514	0.05831
ENSP00000401514	0.05831
ENSP00000401514	0.05831
ENSP00000401514	0.05831
ENSP00000401514	0.05831
ENSP00000401514	0.05831
ENSP00000401514	0.05831
ENSP00000386770	0.027933486670767
ENSP00000386770	0.027933486670767
ENSP00000386770	0.027933486670767
ENSP00000386770	0.027933486670767
ENSP00000386770	0.027933486670767
ENSP00000386770	0.027933486670767
ENSP00000386770	0.027933486670767
ENSP00000386770	0.027933486670767
ENSP00000312554	0.06192
ENSP00000312554	0.06192
ENSP00000312554	0.06192
ENSP00000312554	0.06192
ENSP00000312554	0.06192
ENSP00000312554	0.06192
ENSP00000312554	0.06192
ENSP00000312554	0.06192
ENSP00000312554	0.06192
ENSP00000458355	0.21021
ENSP00000458355	0.21021
ENSP00000458355	0.21021
ENSP00000458355	0.21021
ENSP00000458355	0.21021
ENSP00000458355	0.21021
ENSP00000458355	0.21021
ENSP00000458355	0.21021
ENSP00000458355	0.21021
ENSP00000458355	0.21021
ENSP00000261383	0.0057
ENSP00000261383	0.0057
ENSP00000261383	0.0057
ENSP00000261383	0.0057
ENSP00000261383	0.0057
ENSP00000261383	0.0057
ENSP00000261383	0.0057
ENSP00000261383	0.0057
ENSP00000261383	0.0057
ENSP00000261383	0.0057
ENSP00000261383	0.0057
ENSP00000261383	0.0057
ENSP00000262442	0.24355
ENSP00000262442	0.24355
ENSP00000262442	0.24355
ENSP00000262442	0.24355
ENSP00000262442	0.24355
ENSP00000262442	0.24355
ENSP00000262442	0.24355
ENSP00000262442	0.24355
ENSP00000262442	0.24355
ENSP00000262442	0.24355
ENSP00000262442	0.24355
ENSP00000294664	0.06165
ENSP00000378324	0.01265
ENSP00000366800	0.0873
ENSP00000365007	0.08251
ENSP00000302843	0.02345
ENSP00000368565	0.04906
ENSP00000254579	0.135981051473106
ENSP00000254579	0.135981051473106
ENSP00000254579	0.135981051473106
ENSP00000254579	0.135981051473106
ENSP00000254579	0.135981051473106
ENSP00000254579	0.135981051473106
ENSP00000254579	0.135981051473106
ENSP00000254579	0.135981051473106
ENSP00000254579	0.135981051473106
ENSP00000254579	0.135981051473106
ENSP00000254579	0.135981051473106
ENSP00000254579	0.135981051473106
ENSP00000254579	0.135981051473106
ENSP00000254579	0.135981051473106
ENSP00000254579	0.135981051473106
ENSP00000276440	0.04188
ENSP00000398882	0.23034
ENSP00000276420	0.04639
ENSP00000361667	0.05669
ENSP00000361625	0.05669
ENSP00000382104	0.00482999883235642
ENSP00000458977	0.25621
ENSP00000347716	0.02339
ENSP00000263083	0.16818
ENSP00000277540	2.23192019983512e-4
ENSP00000339208	0.08421
ENSP00000308695	0.07058
ENSP00000309539	0.04188
ENSP00000353942	0.217418442248568
ENSP00000225729	0.21278
ENSP00000378635	0.01879
ENSP00000251250	0.09205
ENSP00000425048	0.176019664300416
ENSP00000317997	0.07552
ENSP00000267803	0.07552
ENSP00000319705	0.07552
ENSP00000477653	0.20337
ENSP00000240100	0.03974
ENSP00000380530	0.13245
ENSP00000370376	0.09205
ENSP00000005340	0.20573
ENSP00000269445	0.19449
ENSP00000361800	0.0162418467887728
ENSP00000355736	0.15616
ENSP00000381932	7.60623056512164e-4
ENSP00000380054	0.03877
ENSP00000242827	0.10599
ENSP00000221418	0.02339
ENSP00000301729	0.13468
ENSP00000259335	0.01097
ENSP00000379365	0.00531
ENSP00000320503	0.07155
ENSP00000351811	0.25621
ENSP00000315011	0.0452988262900934
ENSP00000357829	0.00104879735921233
ENSP00000242108	0.06659
ENSP00000332111	0.16319
ENSP00000262726	0.14162
ENSP00000328777	0.19051
ENSP00000204961	0.00531
ENSP00000469686	0.10848
ENSP00000250457	0.09851
ENSP00000263277	0.064
ENSP00000431162	0.09205
ENSP00000375073	0.02953
ENSP00000317564	0.02953
ENSP00000199389	0.12418
ENSP00000436049	0.05503
ENSP00000293831	0.19746
ENSP00000433664	0.14643
ENSP00000336702	0.20573
ENSP00000385277	0.13461
ENSP00000312185	0.08412
ENSP00000378105	0.047736477751162
ENSP00000424123	0.139188096022155
ENSP00000363779	0.00972066086786496
ENSP00000267750	0.04705
ENSP00000256545	0.04705
ENSP00000335481	0.182006001426066
ENSP00000254528	0.11547
ENSP00000256951	0.0221
ENSP00000361725	0.13522
ENSP00000243878	0.25621
ENSP00000265162	0.05419
ENSP00000406261	0.01309
ENSP00000351520	0.03052
ENSP00000360561	0.02513
ENSP00000257515	0.07979
ENSP00000261486	0.1864
ENSP00000363694	0.00497
ENSP00000282041	0.06397
ENSP00000430269	0.03974
ENSP00000355890	0.001
ENSP00000254928	0.20855
ENSP00000400376	0.20105
ENSP00000342235	0.0808475200799589
ENSP00000013807	0.11367
ENSP00000288985	0.0143254468569056
ENSP00000222329	0.10898
ENSP00000442304	0.00929
ENSP00000298738	0.11079
ENSP00000355735	0.111289429037934
ENSP00000340427	0.24066
ENSP00000379042	0.06803
ENSP00000266397	0.02744
ENSP00000202816	0.0322
ENSP00000339115	0.00929
ENSP00000343925	0.14124
ENSP00000426638	0.12474
ENSP00000296486	0.04669
ENSP00000376436	0.153224277369526
ENSP00000382086	0.153459296092184
ENSP00000313140	0.00901
ENSP00000340474	0.0178018791922378
ENSP00000287675	0.09171
ENSP00000374354	0.06838
ENSP00000363398	0.10071
ENSP00000220562	0.03974
ENSP00000362978	0.09753
ENSP00000404658	0.178699448388641
ENSP00000356042	0.14813
ENSP00000308541	0.04237
ENSP00000321326	0.23409
ENSP00000296677	0.207342024886097
ENSP00000296641	0.23409
ENSP00000219368	0.26068
ENSP00000274024	0.04934
ENSP00000362817	0.0284
ENSP00000357429	0.00860999999999999
ENSP00000385080	0.02486
ENSP00000363386	0.10071
ENSP00000351740	0.04548
ENSP00000277165	0.00841
ENSP00000364561	0.00841
ENSP00000280057	0.0729747074655552
ENSP00000033079	0.0338
ENSP00000357545	0.03628
ENSP00000373808	0.23522
ENSP00000379294	0.170931911705736
ENSP00000307954	0.190092703394313
ENSP00000386557	0.24537
ENSP00000280987	0.09851
ENSP00000417581	0.01874
ENSP00000366901	0.05164
ENSP00000445786	0.11079
ENSP00000348086	0.13791
ENSP00000197268	0.0338645651430988
ENSP00000310182	0.05028
ENSP00000351632	0.06192
ENSP00000010299	0.09753
ENSP00000361345	0.06078
ENSP00000288228	0.09622
ENSP00000283357	0.15686
ENSP00000373647	0.08257
ENSP00000259963	0.00403
ENSP00000380734	0.0966
ENSP00000289081	0.012598050346294
ENSP00000346874	0.11200082049998
ENSP00000264042	0.00511
ENSP00000236980	0.09279
ENSP00000406229	0.13233
ENSP00000406229	0.13233
ENSP00000406229	0.13233
ENSP00000406229	0.13233
ENSP00000261800	0.03267
ENSP00000261800	0.03267
ENSP00000261800	0.03267
ENSP00000261800	0.03267
ENSP00000261800	0.03267
ENSP00000261800	0.03267
ENSP00000377862	0.04775
ENSP00000377862	0.04775
ENSP00000377862	0.04775
ENSP00000377862	0.04775
ENSP00000377862	0.04775
ENSP00000377862	0.04775
ENSP00000377862	0.04775
ENSP00000416387	0.0599198536358035
ENSP00000384169	0.022029027396613
ENSP00000325527	0.09205
ENSP00000325527	0.09205
ENSP00000325527	0.09205
ENSP00000424571	0.10926
ENSP00000424571	0.10926
ENSP00000424571	0.10926
ENSP00000424571	0.10926
ENSP00000424571	0.10926
ENSP00000470498	0.08233
ENSP00000470498	0.08233
ENSP00000470498	0.08233
ENSP00000470498	0.08233
ENSP00000371805	0.12016
ENSP00000417601	0.05286
ENSP00000264658	0.20337
ENSP00000353794	0.09361
ENSP00000347834	0.03133
ENSP00000258200	0.25621
ENSP00000369604	0.03974
ENSP00000307833	0.07155
ENSP00000237281	0.10058
ENSP00000310841	0.249037870015809
ENSP00000298097	0.10193
ENSP00000266087	0.21269
ENSP00000379242	0.18959
ENSP00000313034	0.04401
ENSP00000221466	0.06591
ENSP00000393776	0.23522
ENSP00000372326	0.19444
ENSP00000269856	0.09241
ENSP00000307298	0.06821
ENSP00000274457	0.17741
ENSP00000281092	0.188088006923813
ENSP00000278919	0.087790000000000007
ENSP00000246553	0.00187
ENSP00000306099	0.03818
ENSP00000293829	0.19746
ENSP00000399324	0.016
ENSP00000180166	0.03456
ENSP00000371770	0.0706
ENSP00000259989	0.0706
ENSP00000336829	0.03818
ENSP00000363117	0.09753
ENSP00000351770	0.08251
ENSP00000413196	0.0325292075178082
ENSP00000265978	0.12488
ENSP00000361413	0.06078
ENSP00000321962	0.14603
ENSP00000446479	0.02602
ENSP00000221665	0.06632
ENSP00000400223	0.04656
ENSP00000317232	0.1981
ENSP00000222803	0.14637
ENSP00000324573	0.21278
ENSP00000420213	0.06192
ENSP00000378368	0.20855
ENSP00000282397	0.03622
ENSP00000399938	0.109769480806704
ENSP00000329219	0.1365
ENSP00000413625	0.06078
ENSP00000297267	0.132943733101694
ENSP00000441831	0.10599
ENSP00000421985	0.05053
ENSP00000369599	0.0540478457037004
ENSP00000256999	0.0306
ENSP00000314806	0.05098
ENSP00000263578	0.17833
ENSP00000380401	0.14042
ENSP00000471493	0.0697795173008868
ENSP00000468897	0.0697795173008868
ENSP00000341821	0.0728
ENSP00000280481	0.06747551168952
ENSP00000280481	0.06747551168952
ENSP00000280481	0.06747551168952
ENSP00000280481	0.06747551168952
ENSP00000280481	0.06747551168952
ENSP00000280481	0.06747551168952
ENSP00000280481	0.06747551168952
ENSP00000312299	0.06731
ENSP00000303508	0.01698
ENSP00000381549	0.07428
ENSP00000343899	0.06686
ENSP00000370057	0.0560733325237037
ENSP00000477141	0.00497
ENSP00000445043	0.04079
ENSP00000445043	0.04079
ENSP00000445043	0.04079
ENSP00000445043	0.04079
ENSP00000445043	0.04079
ENSP00000445043	0.04079
ENSP00000445043	0.04079
ENSP00000445043	0.04079
ENSP00000221856	0.23034
ENSP00000417492	0.00696
ENSP00000335651	0.01987
ENSP00000166139	0.21276
ENSP00000265342	0.10994
ENSP00000332757	0.05169
ENSP00000305603	0.03678
ENSP00000466880	0.03678
ENSP00000313398	0.03678
ENSP00000353910	0.13953
ENSP00000229030	0.02751
ENSP00000323901	0.15947
ENSP00000437489	0.03974
ENSP00000354607	0.07664
ENSP00000378529	0.23034
ENSP00000377681	0.0138728321497074
ENSP00000253801	0.19999
ENSP00000269097	0.15947
ENSP00000377192	0.0126534140574131
ENSP00000259455	0.0176427265952488
ENSP00000220429	0.09205
ENSP00000393097	0.00379889618038943
ENSP00000359337	0.04918
ENSP00000308725	0.0596239670772596
ENSP00000359353	0.04918
ENSP00000410732	0.01497
ENSP00000469332	0.04918
ENSP00000215631	0.24543
ENSP00000453129	0.09205
ENSP00000364150	0.00901
ENSP00000227756	0.0918139176169749
ENSP00000423313	0.124951502530865
ENSP00000299727	0.21121
ENSP00000249041	0.13461
ENSP00000403536	0.20742
ENSP00000326227	0.1049
ENSP00000222286	7.49999999999999e-4
ENSP00000298743	0.01698
ENSP00000407301	0.07679
ENSP00000377396	0.01307
ENSP00000334458	0.1107
ENSP00000291577	0.03299
ENSP00000359504	0.02168
ENSP00000359497	0.02168
ENSP00000359512	0.02168
ENSP00000359490	0.02168
ENSP00000359488	0.02168
ENSP00000294671	0.02168
ENSP00000371110	0.13461
ENSP00000300648	0.01915
ENSP00000379377	0.09622
ENSP00000261386	0.00195
ENSP00000367942	0.10994
ENSP00000381340	0.05811
ENSP00000370962	0.20961
ENSP00000301671	0.1981
ENSP00000320180	0.14637
ENSP00000381970	0.17361
ENSP00000282561	0.04163
ENSP00000241125	0.17979
ENSP00000343676	0.03204
ENSP00000354020	0.04088
ENSP00000372295	0.17979
ENSP00000362464	0.03204
ENSP00000345868	0.03204
ENSP00000340811	0.03204
ENSP00000290374	0.08694
ENSP00000463752	0.20112
ENSP00000365550	0.01698
ENSP00000306920	0.05286
ENSP00000370737	0.177903106973322
ENSP00000335196	0.09205
ENSP00000308622	0.01605
ENSP00000205061	0.26068
ENSP00000262441	0.196021778260609
ENSP00000411593	0.03534
ENSP00000360829	0.07317
ENSP00000315263	0.05164
ENSP00000328070	0.11514
ENSP00000322716	0.0208185533657576
ENSP00000349687	0.03267
ENSP00000454038	0.04966
ENSP00000275364	0.13048
ENSP00000262958	0.22319
ENSP00000312999	0.084
ENSP00000261837	0.09205
ENSP00000426022	0.04347
ENSP00000362153	0.03452
ENSP00000349305	0.08867
ENSP00000352111	0.0315856546130576
ENSP00000423159	0.03854
ENSP00000313869	0.09171
ENSP00000225724	0.205906707108192
ENSP00000245206	0.25615
ENSP00000482571	0.08259
ENSP00000355902	0.01024
ENSP00000264039	0.0124
ENSP00000377836	0.01849
ENSP00000359864	0.01849
ENSP00000366246	0.033592495561343
ENSP00000282541	9.99999999999925e-6
ENSP00000380281	0.0207
ENSP00000280187	0.201523277848135
ENSP00000316861	0.05527
ENSP00000442770	0.05164
ENSP00000371420	0.08055
ENSP00000361483	0.06078
ENSP00000276218	0.01569
ENSP00000384932	0.07995
ENSP00000378548	0.14326
ENSP00000417161	0.05043
ENSP00000369344	0.20105
ENSP00000308733	0.04018
ENSP00000367125	0.0846
ENSP00000366628	0.0893
ENSP00000343428	0.06015
ENSP00000366157	0.03216
ENSP00000365596	0.06015
ENSP00000302676	0.05731
ENSP00000303149	0.0802
ENSP00000363136	0.10366
ENSP00000355799	0.09422
ENSP00000319744	0.11367
ENSP00000218316	0.06881
ENSP00000437872	0.01879
ENSP00000361820	0.01879
ENSP00000300571	0.00510193989020796
ENSP00000309493	0.03628
ENSP00000402457	0.10304
ENSP00000426120	0.0394710995464183
ENSP00000282020	0.0870432059456958
ENSP00000397351	0.12418
ENSP00000362183	0.0194006072609695
ENSP00000435648	0.0521305663627342
ENSP00000262895	0.10848
ENSP00000360608	0.08362
ENSP00000379818	0.0035195227477109
ENSP00000477455	0.023460948165906
ENSP00000263269	0.06862
ENSP00000355155	0.0194811595827821
ENSP00000378492	0.05831
ENSP00000369643	0.06134
ENSP00000364579	0.04965
ENSP00000253237	0.06862
ENSP00000377969	0.14141
ENSP00000265963	0.14325
ENSP00000328901	0.09365
ENSP00000476100	0.14327
ENSP00000361180	0.06462
ENSP00000296518	0.03471
ENSP00000264424	0.03471
ENSP00000254854	0.21021
ENSP00000218006	0.01965
ENSP00000216341	0.0555
ENSP00000264553	0.21276
ENSP00000274764	1.40000000000002e-4
ENSP00000366962	0.00213
ENSP00000482674	0.00213
ENSP00000321744	0.00213
ENSP00000289316	0.00213
ENSP00000483237	0.00213
ENSP00000348924	0.00213
ENSP00000445633	0.00213
ENSP00000479169	0.00213
ENSP00000480826	0.00213
ENSP00000484658	0.00213
ENSP00000366999	0.00213
ENSP00000482271	0.00213
ENSP00000484095	0.00213
ENSP00000484638	0.00213
ENSP00000261875	0.0958467756739524
ENSP00000419503	0.05764
ENSP00000323811	0.03877
ENSP00000474560	0.05122
ENSP00000317743	0.04237
ENSP00000222115	0.06824
ENSP00000304440	0.2131
ENSP00000260372	0.1049
ENSP00000206474	0.0582
ENSP00000439056	7.49999999999999e-4
ENSP00000333994	0.19666
ENSP00000369586	0.115900327074573
ENSP00000356811	0.0657843500090287
ENSP00000389255	0.023
ENSP00000436714	0.023
ENSP00000326579	0.05332
ENSP00000251287	0.21276
ENSP00000261917	0.06356
ENSP00000384387	0.02844
ENSP00000295757	0.02631
ENSP00000267845	0.09205
ENSP00000238379	0.05614
ENSP00000299192	0.0836
ENSP00000437968	5.90000000000004e-4
ENSP00000295488	0.08259
ENSP00000298251	0.08633
ENSP00000386143	0.08633
ENSP00000390158	0.0991267180235418
ENSP00000390158	0.0991267180235418
ENSP00000390158	0.0991267180235418
ENSP00000390158	0.0991267180235418
ENSP00000390158	0.0991267180235418
ENSP00000390158	0.0991267180235418
ENSP00000390158	0.0991267180235418
ENSP00000390158	0.0991267180235418
ENSP00000390158	0.0991267180235418
ENSP00000390158	0.0991267180235418
ENSP00000385684	0.08758
ENSP00000264350	0.08758
ENSP00000409555	0.21754
ENSP00000379390	0.07058
ENSP00000295934	0.06192
ENSP00000361943	0.00496416549948041
ENSP00000405423	0.07679
ENSP00000314080	0.16818
ENSP00000437955	0.14124
ENSP00000366898	0.110713895170928
ENSP00000398064	0.07679
ENSP00000253410	0.15947
ENSP00000307951	0.06604
ENSP00000304229	0.10745
ENSP00000291823	0.10782
ENSP00000355870	0.00294
ENSP00000371133	0.07716
ENSP00000345347	0.03622
ENSP00000363614	0.102508234552214
ENSP00000287936	0.23522
ENSP00000377492	0.01891
ENSP00000477572	0.02905
ENSP00000280097	0.04
ENSP00000316042	0.0338
ENSP00000346694	0.13147
ENSP00000363745	0.09856
ENSP00000375863	0.10848
ENSP00000350049	0.0582
ENSP00000336984	0.20283
ENSP00000290295	0.11096
ENSP00000362566	0.02894
ENSP00000289004	0.0178079001054138
ENSP00000296522	0.18449
ENSP00000295256	0.07983
ENSP00000381213	0.18849
ENSP00000265967	0.14325
ENSP00000384262	0.08259
ENSP00000265983	0.12488
ENSP00000370826	0.04639
ENSP00000407586	0.14267
ENSP00000252825	0.06591
ENSP00000380247	0.03102
ENSP00000284110	0.24355
ENSP00000330606	0.01625
ENSP00000427888	0.00332431816792682
ENSP00000365895	1.9199554773377e-4
ENSP00000316786	0.25621
ENSP00000466799	0.1981
ENSP00000351035	0.10035258606009
ENSP00000278353	0.01491
ENSP00000333300	0.05717
ENSP00000263278	0.06545
ENSP00000199936	0.27943
ENSP00000364412	0.0137863785669329
ENSP00000219439	0.24752
ENSP00000381785	0.01351
ENSP00000357440	0.00860999999999999
ENSP00000291560	0.02902
ENSP00000302961	0.10994
ENSP00000296464	0.05811
ENSP00000363827	0.0545812191003486
ENSP00000363827	0.0545812191003486
ENSP00000363827	0.0545812191003486
ENSP00000363827	0.0545812191003486
ENSP00000316244	0.18667
ENSP00000363748	0.09856
ENSP00000437737	0.11013
ENSP00000276198	0.01906
ENSP00000353915	0.03662
ENSP00000305919	0.02947
ENSP00000349181	0.05164
ENSP00000266031	0.084
ENSP00000337425	0.084
ENSP00000377197	0.20786
ENSP00000377197	0.20786
ENSP00000377197	0.20786
ENSP00000377197	0.20786
ENSP00000377197	0.20786
ENSP00000377197	0.20786
ENSP00000377197	0.20786
ENSP00000377197	0.20786
ENSP00000377197	0.20786
ENSP00000377197	0.20786
ENSP00000364794	0.016587107816874
ENSP00000355889	0.001
ENSP00000343552	0.0846
ENSP00000319476	0.09017
ENSP00000339477	0.03299
ENSP00000363689	0.09856
ENSP00000299518	0.0154272137895215
ENSP00000430950	0.01325
ENSP00000443432	0.01325
ENSP00000339801	0.05266
ENSP00000256433	0.1931
ENSP00000387941	0.02752
ENSP00000342513	0.09753
ENSP00000344430	0.03762
ENSP00000369581	0.05764
ENSP00000276943	0.01487
ENSP00000333639	0.02953
ENSP00000392316	0.084
ENSP00000406012	0.118378436065467
ENSP00000393541	0.103693610507661
ENSP00000404122	0.01487
ENSP00000242591	0.05164
ENSP00000363661	0.00531
ENSP00000332773	0.08421
ENSP00000391826	0.13051
ENSP00000258729	0.08055
ENSP00000349437	0.131500658088763
ENSP00000416683	0.13128
ENSP00000233809	0.12254
ENSP00000233813	0.12254
ENSP00000359940	0.01569
ENSP00000421191	0.14325
ENSP00000385592	0.1129
ENSP00000436552	0.180383858685217
ENSP00000483825	0.01609
ENSP00000264563	0.06632
ENSP00000360730	0.02083
ENSP00000302924	0.12211
ENSP00000314976	0.100531232908495
ENSP00000363318	0.00531
ENSP00000278200	0.05608
ENSP00000384966	0.0254354719580377
ENSP00000013222	0.14637
ENSP00000384198	0.07442
ENSP00000306523	0.09851
ENSP00000303830	0.08233
ENSP00000385722	0.13297
ENSP00000381064	0.04985
ENSP00000408429	0.09317
ENSP00000340220	0.12418
ENSP00000359788	0.01849
ENSP00000429065	0.03974
ENSP00000334003	0.05811
ENSP00000262457	0.0076
ENSP00000261574	0.01316
ENSP00000369042	0.13723
ENSP00000287996	0.00841
ENSP00000299732	0.065
ENSP00000480715	0.13048
ENSP00000324901	0.00195
ENSP00000274364	0.23409
ENSP00000258886	0.0145409844923211
ENSP00000307265	0.11465
ENSP00000268638	0.16844
ENSP00000380073	0.04966
ENSP00000387535	0.11675
ENSP00000310623	0.02602
ENSP00000230658	0.0695856981251631
ENSP00000290759	0.07155
ENSP00000262487	0.0322
ENSP00000173527	0.11551
ENSP00000085068	0.06632
ENSP00000438399	0.191696198914628
ENSP00000319918	0.07193
ENSP00000264741	0.0865465331061473
ENSP00000441691	0.00127079025552079
ENSP00000362935	0.00531
ENSP00000380948	0.04452
ENSP00000222573	0.05651
ENSP00000365351	0.0749
ENSP00000266041	0.05831
ENSP00000260386	0.09402
ENSP00000306253	0.00905629393848151
ENSP00000306253	0.00905629393848151
ENSP00000306253	0.00905629393848151
ENSP00000306253	0.00905629393848151
ENSP00000306253	0.00905629393848151
ENSP00000306253	0.00905629393848151
ENSP00000418397	0.09388
ENSP00000229447	0.06892
ENSP00000327786	0.06545
ENSP00000354425	0.10994
ENSP00000254958	0.00251
ENSP00000371067	0.170326612521903
ENSP00000348635	0.01892
ENSP00000450749	0.14326
ENSP00000380467	0.09402
ENSP00000262419	0.0765112896376712
ENSP00000281772	0.08439
ENSP00000325448	0.25547
ENSP00000259021	0.00432528041093743
ENSP00000245121	0.1931
ENSP00000368982	0.25615
ENSP00000256544	0.04705
ENSP00000302586	0.05955
ENSP00000401878	0.00202112395274889
ENSP00000328511	0.05547
ENSP00000302719	0.21021
ENSP00000265969	0.14325
ENSP00000361173	0.01965
ENSP00000312129	0.205139805518177
ENSP00000321427	0.14124
ENSP00000328813	0.09875
ENSP00000371587	0.0744105204749864
ENSP00000376432	0.156363895179245
ENSP00000463778	0.16807
ENSP00000457807	0.16807
ENSP00000306497	0.13791
ENSP00000433295	0.12572
ENSP00000477437	0.0091404649240444
ENSP00000394033	0.0131313544839823
ENSP00000263372	0.02339
ENSP00000427120	0.179456870771138
ENSP00000360822	0.07317
ENSP00000382770	0.0535
ENSP00000366694	0.03133
ENSP00000347188	0.06192
ENSP00000221200	0.04188
ENSP00000329471	0.06862
ENSP00000258739	0.12418
ENSP00000383042	0.103319331740509
ENSP00000297792	8.50000000000001e-4
ENSP00000326563	0.02915
ENSP00000381216	0.14141
ENSP00000367459	0.00501
ENSP00000318406	0.03576
ENSP00000355250	0.20774
ENSP00000259711	8.50000000000001e-4
ENSP00000324020	0.00765
ENSP00000384164	0.02418
ENSP00000247986	0.02644
ENSP00000263934	0.08769
ENSP00000320821	0.20412
ENSP00000378356	0.02915
ENSP00000388878	0.08129
ENSP00000297814	0.01698
ENSP00000363524	0.00531
ENSP00000336769	0.0265
ENSP00000342215	0.0265
ENSP00000375608	0.02631
ENSP00000291860	0.0265
ENSP00000435466	0.19499
ENSP00000234371	0.0353
ENSP00000369442	0.07367
ENSP00000257408	0.04548
ENSP00000309570	0.099457255445261
ENSP00000383505	0.02984
ENSP00000314608	0.1981
ENSP00000424198	0.12813
ENSP00000379434	0.07108
ENSP00000312397	0.0338
ENSP00000456743	0.206459291671827
ENSP00000362206	0.01958
ENSP00000287777	0.07679
ENSP00000423897	0.04548
ENSP00000375678	0.03631
ENSP00000264690	0.13233
ENSP00000436786	0.0550402466678839
ENSP00000436786	0.0550402466678839
ENSP00000436786	0.0550402466678839
ENSP00000436786	0.0550402466678839
ENSP00000219837	0.00195
ENSP00000328236	0.023
ENSP00000362728	0.04717
ENSP00000290158	0.16319
ENSP00000304422	0.09182
ENSP00000251643	0.2162
ENSP00000308452	0.2034
ENSP00000377616	0.2162
ENSP00000310573	0.2162
ENSP00000334798	0.2162
ENSP00000301656	0.2162
ENSP00000305263	0.2162
ENSP00000251645	0.17053
ENSP00000007735	0.16783
ENSP00000329165	0.2128
ENSP00000375151	0.19131
ENSP00000339251	7.49999999999999e-4
ENSP00000378725	0.09816
ENSP00000399415	0.0441922853299574
ENSP00000359077	0.03266
ENSP00000267436	0.06686
ENSP00000216237	0.13796
ENSP00000382976	0.0707506281237376
ENSP00000391747	0.11079
ENSP00000261893	0.07917
ENSP00000349923	0.02576
ENSP00000374309	0.10026
ENSP00000374309	0.10026
ENSP00000374309	0.10026
ENSP00000374309	0.10026
ENSP00000374309	0.10026
ENSP00000374309	0.10026
ENSP00000374309	0.10026
ENSP00000374309	0.10026
ENSP00000374309	0.10026
ENSP00000400365	0.0105499375136894
ENSP00000400365	0.0105499375136894
ENSP00000400365	0.0105499375136894
ENSP00000400365	0.0105499375136894
ENSP00000400365	0.0105499375136894
ENSP00000400365	0.0105499375136894
ENSP00000400365	0.0105499375136894
ENSP00000400365	0.0105499375136894
ENSP00000400365	0.0105499375136894
ENSP00000222399	0.05482
ENSP00000373433	0.05482
ENSP00000354360	0.06078
ENSP00000333298	0.04965
ENSP00000408411	0.02083
ENSP00000321997	0.05811
ENSP00000299213	0.04792
ENSP00000422626	0.05028
ENSP00000363944	0.01107
ENSP00000437550	0.06892
ENSP00000264005	0.25621
ENSP00000307214	0.08742
ENSP00000418491	0.08834
ENSP00000313833	0.08834
ENSP00000360753	0.08834
ENSP00000277526	0.07317
ENSP00000386162	0.04401
ENSP00000343490	0.09317
ENSP00000306772	0.0898223000556164
ENSP00000280706	0.14325
ENSP00000302393	0.09622
ENSP00000437783	0.14325
ENSP00000300051	0.26068
ENSP00000363458	0.10071
ENSP00000369291	0.03179
ENSP00000254301	0.09816
ENSP00000378856	0.20532
ENSP00000302297	0.04639
ENSP00000368516	0.14777
ENSP00000369702	0.23029
ENSP00000385494	0.11917
ENSP00000477829	0.19524
ENSP00000261731	0.065
ENSP00000261434	0.04548
ENSP00000367787	0.22825
ENSP00000291759	0.03431
ENSP00000221973	0.06474
ENSP00000316891	0.04467
ENSP00000273317	0.00633
ENSP00000299022	0.0773709176955023
ENSP00000244289	0.10898
ENSP00000261292	0.166432950183213
ENSP00000274382	0.190833031155132
ENSP00000310431	0.07155
ENSP00000262301	0.115747120457184
ENSP00000261366	0.10926
ENSP00000338207	0.13017
ENSP00000433352	0.03144
ENSP00000414670	0.07428
ENSP00000347684	0.05972
ENSP00000231368	0.20105
ENSP00000325929	0.05093
ENSP00000285737	0.08025
ENSP00000300591	0.177142651911667
ENSP00000321334	0.17285
ENSP00000321334	0.17285
ENSP00000321334	0.17285
ENSP00000321334	0.17285
ENSP00000321334	0.17285
ENSP00000321334	0.17285
ENSP00000321334	0.17285
ENSP00000321334	0.17285
ENSP00000321334	0.17285
ENSP00000321334	0.17285
ENSP00000321334	0.17285
ENSP00000321334	0.17285
ENSP00000321334	0.17285
ENSP00000408205	0.016
ENSP00000367691	0.10547
ENSP00000317300	0.0519092008208784
ENSP00000261596	0.11547
ENSP00000337224	0.0527072545323927
ENSP00000349629	0.0370327800481697
ENSP00000349629	0.0370327800481697
ENSP00000349629	0.0370327800481697
ENSP00000349629	0.0370327800481697
ENSP00000349629	0.0370327800481697
ENSP00000349629	0.0370327800481697
ENSP00000374447	0.11164111341749999
ENSP00000325091	0.01924
ENSP00000374135	0.0143465454719855
ENSP00000374135	0.0143465454719855
ENSP00000374135	0.0143465454719855
ENSP00000374135	0.0143465454719855
ENSP00000374135	0.0143465454719855
ENSP00000374135	0.0143465454719855
ENSP00000374135	0.0143465454719855
ENSP00000332681	0.09324
ENSP00000261349	0.01308
ENSP00000298288	0.06686
ENSP00000329943	0.25621
ENSP00000379880	0.04678
ENSP00000344233	0.023
ENSP00000269025	0.16319
ENSP00000367498	0.08856
ENSP00000278198	0.0777408518455256
ENSP00000320520	0.05117
ENSP00000259324	0.05669
ENSP00000479953	0.08233
ENSP00000314901	0.0124223133221675
ENSP00000322937	0.05603
ENSP00000380837	0.02455
ENSP00000380008	0.04966
ENSP00000445772	0.04966
ENSP00000263800	0.09402
ENSP00000360988	0.01924
ENSP00000350541	0.176033200245103
ENSP00000379367	0.0057
ENSP00000368688	0.10745
ENSP00000314518	0.188547963369851
ENSP00000256178	0.140229849133104
ENSP00000296135	0.00633
ENSP00000370981	0.04985
ENSP00000383185	0.05651
ENSP00000354573	0.0413997811799588
ENSP00000354573	0.0413997811799588
ENSP00000354573	0.0413997811799588
ENSP00000354573	0.0413997811799588
ENSP00000354573	0.0413997811799588
ENSP00000354573	0.0413997811799588
ENSP00000354573	0.0413997811799588
ENSP00000354573	0.0413997811799588
ENSP00000354573	0.0413997811799588
ENSP00000354573	0.0413997811799588
ENSP00000354573	0.0413997811799588
ENSP00000354573	0.0413997811799588
ENSP00000354573	0.0413997811799588
ENSP00000354573	0.0413997811799588
ENSP00000354573	0.0413997811799588
ENSP00000354573	0.0413997811799588
ENSP00000354573	0.0413997811799588
ENSP00000354573	0.0413997811799588
ENSP00000354573	0.0413997811799588
ENSP00000363463	0.0953272823340178
ENSP00000217246	0.00708921288211104
ENSP00000385334	0.075485773782953
ENSP00000235310	0.08749
ENSP00000215637	0.06126
ENSP00000349085	0.00398
ENSP00000333487	0.04918
ENSP00000353379	0.04918
ENSP00000480637	0.04918
ENSP00000353246	0.05169
ENSP00000324175	0.06545
ENSP00000357453	0.03472
ENSP00000363452	0.10071
ENSP00000345083	0.17529304393577
ENSP00000410402	0.24355
ENSP00000178640	0.0746212499285728
ENSP00000381070	0.08233
ENSP00000253055	0.02827
ENSP00000482657	0.1365
ENSP00000375986	0.178404063005386
ENSP00000351908	0.111354299934694
ENSP00000013125	0.06686
ENSP00000352157	0.0664248418525221
ENSP00000383234	0.16745606818684
ENSP00000311005	0.19843
ENSP00000265960	0.0709434959477085
ENSP00000396467	0.084
ENSP00000449381	0.048715246344207
ENSP00000393099	0.09402
ENSP00000427223	0.13171
ENSP00000471536	0.03539
ENSP00000309141	0.10926
ENSP00000273067	0.12675
ENSP00000262891	0.11683
ENSP00000299952	0.20786
ENSP00000252660	0.131688616599234
ENSP00000314776	0.19493
ENSP00000267287	0.01985
ENSP00000359890	0.01849
ENSP00000314196	0.03974
ENSP00000245615	0.05396
ENSP00000344223	0.232377045808295
ENSP00000368798	0.01692
ENSP00000299766	0.16547
ENSP00000264036	0.05098
ENSP00000343657	0.23522
ENSP00000329920	0.08233
ENSP00000440374	0.00963010078574972
ENSP00000249016	0.12792
ENSP00000314505	0.03472
ENSP00000359640	0.06165
ENSP00000359621	0.06165
ENSP00000424126	0.146750569210195
ENSP00000360365	0.02083
ENSP00000378145	0.04669
ENSP00000321070	0.20073
ENSP00000362166	0.03452
ENSP00000263702	0.0741766859394001
ENSP00000281928	0.07267
ENSP00000325612	0.0353
ENSP00000357047	0.01309
ENSP00000326767	0.06859
ENSP00000292035	0.0340172783284352
ENSP00000225728	0.20774
ENSP00000258648	0.11013
ENSP00000219596	0.10394
ENSP00000386908	0.09317
ENSP00000251268	0.10898
ENSP00000251268	0.10898
ENSP00000251268	0.10898
ENSP00000251268	0.10898
ENSP00000251268	0.10898
ENSP00000384115	0.13858
ENSP00000321684	0.130717722917437
ENSP00000261758	0.02486
ENSP00000296411	0.06751
ENSP00000455068	0.16495
ENSP00000372445	0.0523
ENSP00000415115	0.07664
ENSP00000267273	0.0749
ENSP00000458290	0.11547
ENSP00000407613	0.03877
ENSP00000384398	0.23122
ENSP00000322956	0.0416860670868713
ENSP00000276282	0.06215
ENSP00000235329	0.08749
ENSP00000391664	0.05098
ENSP00000347583	0.23034
ENSP00000364493	0.00841
ENSP00000296468	0.05811
ENSP00000219905	0.09402
ENSP00000366939	0.02741
ENSP00000379512	0.0293740771453572
ENSP00000379462	0.10193
ENSP00000280082	0.10193
ENSP00000452252	0.10193
ENSP00000261537	0.02715
ENSP00000256194	0.0735389691394705
ENSP00000416015	0.01309
ENSP00000215957	0.13461
ENSP00000309561	0.14279
ENSP00000371811	0.13432
ENSP00000262843	0.02034
ENSP00000300952	0.01245
ENSP00000327124	0.08844
ENSP00000379057	0.21278
ENSP00000264819	0.145611860703415
ENSP00000351138	0.05669
ENSP00000307461	0.02621
ENSP00000265299	0.14637
ENSP00000371607	0.12272
ENSP00000333539	0.10193
ENSP00000250896	0.23821
ENSP00000170447	0.0256124961114814
ENSP00000308351	0.26068
ENSP00000218721	0.10599
ENSP00000246912	0.1981
ENSP00000312834	0.023
ENSP00000262430	0.192994903847508
ENSP00000384690	0.104074874666451
ENSP00000215743	0.05039
ENSP00000308208	0.0582
ENSP00000353767	0.11172
ENSP00000337816	0.0922637804703221
ENSP00000473853	0.22561
ENSP00000378431	0.0837796655012184
ENSP00000240488	2.2e-4
ENSP00000260453	0.0789
ENSP00000328694	0.13245
ENSP00000312293	0.0884686551337628
ENSP00000261326	0.0072
ENSP00000296473	0.084
ENSP00000248248	0.28279
ENSP00000215862	0.20283
ENSP00000347821	0.0200279782701149
ENSP00000331310	0.023323079161596
ENSP00000369860	0.05523
ENSP00000250124	0.19746
ENSP00000439807	0.123299474650632
ENSP00000355388	0.05725
ENSP00000471735	0.23034
ENSP00000381425	0.15947
ENSP00000379156	0.20933
ENSP00000380402	0.13511
ENSP00000278937	0.01892
ENSP00000374482	0.13668
ENSP00000330612	0.13668
ENSP00000305766	0.07493
ENSP00000333800	0.12889
ENSP00000379571	0.14325
ENSP00000314042	0.14325
ENSP00000356001	0.13075
ENSP00000223324	0.033890000000000003
ENSP00000363999	0.01025
ENSP00000310726	0.12211
ENSP00000384952	0.02339
ENSP00000295491	0.08259
ENSP00000364320	0.0243728760646945
ENSP00000300190	0.02037
ENSP00000257552	0.01915
ENSP00000261507	0.12813
ENSP00000353408	0.01107
ENSP00000262101	0.0748964601107881
ENSP00000355877	0.00294
ENSP00000352927	0.03503
ENSP00000220058	0.08421
ENSP00000395232	0.11059
ENSP00000478253	0.06892
ENSP00000365777	0.08749
ENSP00000258874	0.02486
ENSP00000402537	0.03417
ENSP00000371221	0.12564
ENSP00000180173	0.04726
ENSP00000363985	0.00938
ENSP00000221086	0.12745
ENSP00000302811	0.13233
ENSP00000354558	0.08749
ENSP00000230640	0.1564
ENSP00000427679	0.08847
ENSP00000324204	0.14637
ENSP00000262102	0.04726
ENSP00000436812	0.13245
ENSP00000264198	0.01843
ENSP00000375649	0.0337803231241164
ENSP00000339992	0.06544
ENSP00000370968	0.20961
ENSP00000442795	0.04237
ENSP00000444596	0.03133
ENSP00000444596	0.03133
ENSP00000444596	0.03133
ENSP00000444596	0.03133
ENSP00000444596	0.03133
ENSP00000444596	0.03133
ENSP00000444596	0.03133
ENSP00000444596	0.03133
ENSP00000444596	0.03133
ENSP00000444596	0.03133
ENSP00000444596	0.03133
ENSP00000444596	0.03133
ENSP00000444596	0.03133
ENSP00000444596	0.03133
ENSP00000226207	0.24154
ENSP00000353590	0.21034
ENSP00000404570	0.22291
ENSP00000245503	0.24154
ENSP00000255381	0.225010412756055
ENSP00000386041	0.0582
ENSP00000216181	0.110187500008895
ENSP00000307280	0.08439
ENSP00000349298	0.01277
ENSP00000378288	0.07193
ENSP00000419712	0.0633
ENSP00000479518	0.173467031476496
ENSP00000324527	0.178392201279712
ENSP00000288235	0.09622
ENSP00000382177	0.09205
ENSP00000348349	0.0661398737072932
ENSP00000250003	0.14325
ENSP00000348821	0.11547
ENSP00000363557	0.1007
ENSP00000239926	0.0338
ENSP00000306997	0.04934
ENSP00000325402	0.11465
ENSP00000301972	0.10147
ENSP00000267853	0.08506
ENSP00000354972	0.01698
ENSP00000277554	0.07317
ENSP00000225927	0.1981
ENSP00000293404	0.15947
ENSP00000362170	0.01605
ENSP00000428657	0.278257620013669
ENSP00000251127	0.0749
ENSP00000365080	0.06934
ENSP00000252338	0.00531
ENSP00000222553	0.0571640004814354
ENSP00000362616	0.00531
ENSP00000362171	0.01746
ENSP00000383295	0.07367
ENSP00000383295	0.07367
ENSP00000383295	0.07367
ENSP00000383295	0.07367
ENSP00000399903	0.06523
ENSP00000251496	0.12902
ENSP00000364289	0.00948
ENSP00000373657	0.16431
ENSP00000362340	0.03576
ENSP00000246117	0.22319
ENSP00000341637	0.14325
ENSP00000369014	0.05936
ENSP00000360576	0.08362
ENSP00000252711	0.01832
ENSP00000389160	0.14141
ENSP00000418438	0.05396
ENSP00000418842	0.13269
ENSP00000260361	0.09402
ENSP00000268668	0.13468
ENSP00000362060	0.02085
ENSP00000327268	0.03503
ENSP00000307449	0.251296366537731
ENSP00000383199	0.19444
ENSP00000482169	0.05203
ENSP00000298310	0.06686
ENSP00000382390	0.20573
ENSP00000351015	0.21141
ENSP00000351015	0.21141
ENSP00000351015	0.21141
ENSP00000351015	0.21141
ENSP00000351015	0.21141
ENSP00000351015	0.21141
ENSP00000351015	0.21141
ENSP00000351015	0.21141
ENSP00000351015	0.21141
ENSP00000344666	0.20283
ENSP00000388910	0.04966
ENSP00000370340	0.11609
ENSP00000386134	0.0582
ENSP00000172229	0.04347
ENSP00000280700	0.04504
ENSP00000345464	8.50000000000001e-4
ENSP00000368920	0.06621
ENSP00000362409	0.05603
ENSP00000216286	0.06784
ENSP00000363520	0.1007
ENSP00000216121	0.20283
ENSP00000339958	0.05831
ENSP00000362841	0.02383
ENSP00000357402	0.0417152896954288
ENSP00000268459	0.0836
ENSP00000221978	0.04104
ENSP00000321976	0.11683
ENSP00000366347	0.03276
ENSP00000371875	0.07157
ENSP00000295886	0.084
ENSP00000305288	0.19746
ENSP00000370372	0.23073
ENSP00000262510	0.21754
ENSP00000343891	0.0644351309483654
ENSP00000299481	0.13017
ENSP00000291971	0.03474
ENSP00000331857	0.06835
ENSP00000387334	0.05098
ENSP00000258042	0.10863
ENSP00000219302	0.13128
ENSP00000366410	0.0794111113379536
ENSP00000458762	0.02905
ENSP00000354387	0.0789
ENSP00000268802	0.21752
ENSP00000222823	0.14637
ENSP00000300589	0.0836
ENSP00000366934	0.0873
ENSP00000276079	0.00531
ENSP00000327251	0.20532
ENSP00000438875	0.0726250802299926
ENSP00000263257	0.11465
ENSP00000362057	0.01879
ENSP00000159060	0.14592
ENSP00000373518	0.0310831662970776
ENSP00000469142	0.064
ENSP00000289547	0.00192
ENSP00000360660	0.04401
ENSP00000320324	0.16319
ENSP00000367398	0.0729854035487481
ENSP00000389252	0.05822
ENSP00000232501	0.084
ENSP00000370950	0.07058
ENSP00000290401	0.06384
ENSP00000327545	0.13791
ENSP00000222674	0.14709
ENSP00000332591	0.00823999999999999
ENSP00000319788	0.21752
ENSP00000246672	0.20112
ENSP00000310006	0.04843
ENSP00000253727	0.0666
ENSP00000477707	0.04237
ENSP00000368314	0.0573677283965712
ENSP00000310205	0.13017
ENSP00000454062	0.04966
ENSP00000353582	0.07442
ENSP00000313983	0.03179
ENSP00000326858	0.0428789626899074
ENSP00000406933	0.05831
ENSP00000373674	0.20933
ENSP00000219066	0.13468
ENSP00000376921	0.06462
ENSP00000230792	0.17361
ENSP00000258662	0.11013
ENSP00000306670	0.02905
ENSP00000268533	0.27295
ENSP00000303575	0.08305
ENSP00000252891	0.10848
ENSP00000367721	0.04237
ENSP00000361658	0.05669
ENSP00000258742	0.08055
ENSP00000345895	0.13799
ENSP00000316032	0.13593
ENSP00000309501	0.04569
ENSP00000329295	0.04347
ENSP00000371994	0.04966
ENSP00000332613	0.04855
ENSP00000346659	0.046586920838417
ENSP00000360154	0.01569
ENSP00000331086	0.33348
ENSP00000344314	0.05527
ENSP00000457258	0.21754
ENSP00000380544	0.023
ENSP00000362824	0.00531
ENSP00000219022	0.11838
ENSP00000332511	0.13017
ENSP00000356708	0.11845
ENSP00000319817	0.11367
ENSP00000234961	0.09584
ENSP00000394624	0.14668
ENSP00000369157	0.1533
ENSP00000299454	0.1533
ENSP00000323895	0.11023
ENSP00000389072	0.10304
ENSP00000335596	0.01032
ENSP00000310704	0.01032
ENSP00000319071	0.0523
ENSP00000277216	0.00979
ENSP00000334452	0.00979
ENSP00000340748	0.01569
ENSP00000371377	0.17407
ENSP00000313384	0.17407
ENSP00000248384	0.17407
ENSP00000305424	0.105492102295657
ENSP00000331545	0.17407
ENSP00000319546	0.01309
ENSP00000307726	0.12963
ENSP00000299459	0.1533
ENSP00000320560	0.1533
ENSP00000305055	0.01097
ENSP00000313803	0.17407
ENSP00000325128	0.09064
ENSP00000412752	0.0756
ENSP00000367664	0.05855
ENSP00000321419	0.04237
ENSP00000329056	0.06611
ENSP00000321338	0.04237
ENSP00000305970	0.10304
ENSP00000319217	0.09001
ENSP00000321447	0.04237
ENSP00000321506	0.04237
ENSP00000352305	0.14824
ENSP00000369573	0.10891
ENSP00000300773	0.112852538689507
ENSP00000369568	0.28777
ENSP00000350222	0.13032
ENSP00000380155	0.13032
ENSP00000380153	0.13032
ENSP00000323952	0.14824
ENSP00000369559	0.14744
ENSP00000333196	0.14744
ENSP00000300778	0.14744
ENSP00000322754	0.14824
ENSP00000369738	0.14824
ENSP00000369725	0.16024
ENSP00000303469	0.16024
ENSP00000432011	0.12526
ENSP00000341581	0.07687
ENSP00000326232	0.15154
ENSP00000322088	0.16024
ENSP00000328878	0.16561
ENSP00000326259	0.15107
ENSP00000369728	0.16024
ENSP00000318956	0.19399
ENSP00000353343	0.13032
ENSP00000322801	0.16561
ENSP00000322866	0.29477
ENSP00000309673	0.12488
ENSP00000328215	0.1185
ENSP00000322939	0.17197
ENSP00000321196	0.19397
ENSP00000302057	0.0523
ENSP00000331823	0.13017
ENSP00000322435	0.01832
ENSP00000311038	0.10304
ENSP00000313110	0.0523
ENSP00000325203	0.10304
ENSP00000333724	0.10304
ENSP00000316955	0.00648
ENSP00000248073	0.00648
ENSP00000284287	0.11023
ENSP00000307159	0.11023
ENSP00000330280	0.11023
ENSP00000350474	0.11023
ENSP00000325381	0.10304
ENSP00000377724	0.20112
ENSP00000332576	0.20283
ENSP00000379804	0.00897288035439149
ENSP00000315410	0.14709
ENSP00000263650	0.13668
ENSP00000007414	0.16319
ENSP00000479089	0.05396
ENSP00000235532	0.0267835783928591
ENSP00000206542	0.0523
ENSP00000215781	0.20283
ENSP00000382323	0.14325
ENSP00000382323	0.14325
ENSP00000382323	0.14325
ENSP00000382323	0.14325
ENSP00000361914	0.03826
ENSP00000285083	0.03869
ENSP00000280701	0.04504
ENSP00000353032	0.03094
ENSP00000330696	0.03094
ENSP00000171757	0.016
ENSP00000384999	0.02392
ENSP00000359820	0.01849
ENSP00000380378	0.16086
ENSP00000363400	0.10071
ENSP00000378275	0.02345
ENSP00000353864	0.01965
ENSP00000469413	0.01032
ENSP00000406873	0.03236
ENSP00000261681	0.09406
ENSP00000370345	0.03622
ENSP00000284288	0.11023
ENSP00000330658	0.0818949680026221
ENSP00000265174	0.05122
ENSP00000321804	0.09182
ENSP00000378803	0.06499
ENSP00000363414	0.10071
ENSP00000250416	0.0523
ENSP00000381740	0.05831
ENSP00000371419	0.108943271091668
ENSP00000281631	0.0778262274240002
ENSP00000334008	0.06792
ENSP00000359382	0.04153
ENSP00000411439	0.17833
ENSP00000416673	0.09599
ENSP00000266269	0.20116
ENSP00000364524	0.02752
ENSP00000428489	0.03974
ENSP00000362588	0.06358
ENSP00000421544	0.10994
ENSP00000367177	0.09195
ENSP00000216780	0.04966
ENSP00000317396	0.14326
ENSP00000262545	0.0262983992306878
ENSP00000274569	0.03378
ENSP00000204549	0.08421
ENSP00000438284	0.137648904925887
ENSP00000282096	0.119969951924849
ENSP00000345502	0.122078141773242
ENSP00000347046	0.04934
ENSP00000311453	0.02572
ENSP00000264917	0.23037
ENSP00000330382	0.111508540639284
ENSP00000444211	0.04726
ENSP00000363389	0.10071
ENSP00000305465	0.0057
ENSP00000312634	0.05264
ENSP00000294489	0.08752
ENSP00000288050	0.255143814277882
ENSP00000303427	0.04517
ENSP00000313851	0.04079
ENSP00000347742	0.05098
ENSP00000263666	0.0848313181583336
ENSP00000345102	0.23821
ENSP00000261313	0.00834
ENSP00000265322	0.12675
ENSP00000267460	0.14326
ENSP00000301396	0.21869
ENSP00000255389	0.188314901693908
ENSP00000397157	0.11845
ENSP00000241041	0.04237
ENSP00000356563	0.10267
ENSP00000269848	0.03299
ENSP00000278243	0.13593
ENSP00000363984	0.0170242588351645
ENSP00000380872	0.04705
ENSP00000270776	0.08769
ENSP00000404676	0.17741
ENSP00000362413	0.016
ENSP00000362942	0.09753
ENSP00000219139	0.25621
ENSP00000297540	0.10926
ENSP00000257118	0.03062
ENSP00000354461	0.05164
ENSP00000324403	0.116455175510285
ENSP00000362643	0.00531
ENSP00000262719	0.1648
ENSP00000309515	0.05669
ENSP00000415491	0.04639
ENSP00000264864	0.0771279530350022
ENSP00000301015	0.11464
ENSP00000164305	0.08393
ENSP00000216452	0.09406
ENSP00000225609	0.21747
ENSP00000350263	0.1648
ENSP00000309430	0.20855
ENSP00000363260	0.10115
ENSP00000265970	0.14325
ENSP00000445381	0.0110982764701287
ENSP00000352121	0.05731
ENSP00000215912	0.20116
ENSP00000480157	0.21034
ENSP00000264380	0.0527916484981906
ENSP00000364204	0.02644
ENSP00000265382	0.07979
ENSP00000466363	0.23034
ENSP00000317721	0.20855
ENSP00000371586	0.161930650740929
ENSP00000316809	0.14138589479197
ENSP00000321266	0.186873170758954
ENSP00000349208	0.047116409498272
ENSP00000262304	0.13468
ENSP00000262304	0.13468
ENSP00000262304	0.13468
ENSP00000262304	0.13468
ENSP00000262304	0.13468
ENSP00000262304	0.13468
ENSP00000262304	0.13468
ENSP00000262304	0.13468
ENSP00000262304	0.13468
ENSP00000237596	0.08758
ENSP00000290431	0.0338
ENSP00000253255	0.13294
ENSP00000262300	0.09182
ENSP00000291906	0.05474
ENSP00000291547	0.0364091187535537
ENSP00000298282	0.0864120252586442
ENSP00000243501	0.04669
ENSP00000219345	0.2131
ENSP00000312286	0.01915
ENSP00000364243	0.01789
ENSP00000472546	0.08066
ENSP00000382434	0.08782
ENSP00000380442	0.06598
ENSP00000240617	0.02744
ENSP00000280800	0.065
ENSP00000338185	0.00859933642296778
ENSP00000260402	0.03236
ENSP00000479636	0.0767004075103481
ENSP00000482457	0.235029690415304
ENSP00000263088	0.20412
ENSP00000216446	0.09406
ENSP00000397947	0.14637
ENSP00000353646	0.25621
ENSP00000330278	0.09406
ENSP00000417003	0.0824190365570805
ENSP00000326706	0.08566
ENSP00000308938	0.17285
ENSP00000219207	0.21754
ENSP00000196061	0.08749
ENSP00000481006	0.01879
ENSP00000333551	0.03179
ENSP00000264775	0.1564
ENSP00000329697	0.16109
ENSP00000392553	0.03179
ENSP00000371307	0.16709
ENSP00000361338	0.06078
ENSP00000364008	0.0174558684651234
ENSP00000352962	0.21276
ENSP00000424417	0.03818
ENSP00000348163	0.01924
ENSP00000323927	0.20337
ENSP00000358696	0.02576
ENSP00000442736	0.03266
ENSP00000268058	0.0722868267782278
ENSP00000249269	0.04906
ENSP00000265849	0.12418
ENSP00000405950	0.03266
ENSP00000269582	0.20337
ENSP00000337701	0.13245
ENSP00000216180	0.14162
ENSP00000370430	0.05527
ENSP00000216177	0.14162
ENSP00000407509	0.08233
ENSP00000410804	0.0766685800545479
ENSP00000225573	0.11869
ENSP00000406046	0.0666
ENSP00000480186	0.00192
ENSP00000397927	0.116306076319992
ENSP00000216367	0.06686
ENSP00000363286	0.02382
ENSP00000462664	0.21117
ENSP00000219252	0.19095
ENSP00000478303	0.21507
ENSP00000299638	0.0962291033283023
ENSP00000228347	0.03194
ENSP00000366828	0.02741
ENSP00000361302	0.06078
ENSP00000369071	0.06683
ENSP00000362103	0.03592
ENSP00000366413	0.03133
ENSP00000373702	0.04145
ENSP00000385523	0.13294
ENSP00000287820	0.0276610726127371
ENSP00000264867	0.0450515664576712
ENSP00000343190	0.07155
ENSP00000354871	0.0357693614236994
ENSP00000335614	0.06591
ENSP00000253329	0.06892
ENSP00000482907	0.17361
ENSP00000341779	0.05164
ENSP00000355260	0.06892
ENSP00000340125	0.05945
ENSP00000221462	0.11683
ENSP00000408288	0.0582
ENSP00000418447	0.10994
ENSP00000325074	0.04188
ENSP00000012443	0.11008
ENSP00000261308	0.23073
ENSP00000445675	0.10813
ENSP00000332134	0.01659
ENSP00000235347	0.02153
ENSP00000350358	0.0707010346971573
ENSP00000334410	0.1011
ENSP00000365360	0.02153
ENSP00000349931	0.1011
ENSP00000253008	0.06078
ENSP00000384725	0.1131
ENSP00000335675	0.04613
ENSP00000313816	0.09918
ENSP00000359719	0.06295
ENSP00000265717	0.05731
ENSP00000263431	0.05396
ENSP00000329127	0.14124
ENSP00000393978	0.11008
ENSP00000302150	0.00283530768716552
ENSP00000331879	0.144620132220937
ENSP00000319169	0.0582
ENSP00000343103	0.2131
ENSP00000314396	0.05635
ENSP00000426809	0.0706
ENSP00000344458	0.04965
ENSP00000348010	0.07108
ENSP00000460348	0.166
ENSP00000268835	0.184918156658879
ENSP00000367164	0.04783
ENSP00000296498	0.04934
ENSP00000161006	0.12277
ENSP00000401328	0.02638
ENSP00000219301	0.25615
ENSP00000333003	0.12233
ENSP00000291041	0.25621
ENSP00000216455	0.14326
ENSP00000386212	0.0582
ENSP00000355325	0.0582
ENSP00000391211	0.04906
ENSP00000481029	0.04237
ENSP00000377384	0.1981
ENSP00000157812	0.02827
ENSP00000401802	0.06803
ENSP00000261712	0.21141
ENSP00000210313	0.02177
ENSP00000215071	0.02339
ENSP00000452746	0.0640746994099107
ENSP00000387261	0.06397
ENSP00000362965	0.09753
ENSP00000370013	0.23522
ENSP00000332353	0.015007341693585
ENSP00000308258	0.122623420650245
ENSP00000303424	0.06803
ENSP00000360687	0.04401
ENSP00000245457	0.06803
ENSP00000342385	0.06078
ENSP00000386902	0.19999
ENSP00000359793	0.00108074660134496
ENSP00000291294	0.11008
ENSP00000385763	0.01097
ENSP00000323678	0.18826
ENSP00000272847	0.0527798852841566
ENSP00000351342	0.14325
ENSP00000254667	0.0100031662447087
ENSP00000418112	0.066526616077786
ENSP00000281171	0.02744
ENSP00000334941	0.10851
ENSP00000418661	0.05603
ENSP00000418721	0.045
ENSP00000227474	0.17833
ENSP00000402060	0.1129
ENSP00000291576	0.03299
ENSP00000338641	0.02014
ENSP00000348472	0.06192
ENSP00000216392	0.06686
ENSP00000355094	0.20309
ENSP00000377948	0.07812
ENSP00000355385	0.0353
ENSP00000333547	0.03539
ENSP00000362946	0.00556474378482077
ENSP00000379601	0.08393
ENSP00000262094	0.21117
ENSP00000461945	0.0295206414644886
ENSP00000413156	0.20855
ENSP00000282878	0.16158
ENSP00000351832	0.001
ENSP00000361716	0.01879
ENSP00000438492	0.0286373502446108
ENSP00000276066	0.00531
ENSP00000349560	0.10848
ENSP00000312734	0.09361
ENSP00000222008	0.10848
ENSP00000249071	0.13511
ENSP00000372088	0.09629
ENSP00000376440	0.05164
ENSP00000382492	0.12052
ENSP00000361628	0.02014
ENSP00000356310	0.06892
ENSP00000251849	0.0219760025687216
ENSP00000299440	0.0474983654454466
ENSP00000202677	0.0274032700909019
ENSP00000254661	0.00929
ENSP00000254695	0.132216454631342
ENSP00000245304	0.01415
ENSP00000340274	0.01849
ENSP00000361263	0.06078
ENSP00000264431	0.0598023997575999
ENSP00000264644	0.20112
ENSP00000254066	0.20112
ENSP00000332296	0.04504
ENSP00000405963	0.02621
ENSP00000265080	0.22961
ENSP00000222145	0.06545
ENSP00000216101	0.16954
ENSP00000267163	0.0767210845759734
ENSP00000442053	0.0626125266292575
ENSP00000281722	0.0296765779610195
ENSP00000294435	0.08561
ENSP00000253699	0.03877
ENSP00000367552	0.10599
ENSP00000371169	0.23712
ENSP00000054950	0.05145
ENSP00000370750	0.09406
ENSP00000449079	0.09406
ENSP00000391121	0.041504622040207
ENSP00000367590	0.02915
ENSP00000303482	0.04639
ENSP00000368959	0.1864
ENSP00000233596	0.23122
ENSP00000381198	0.1648
ENSP00000392423	0.04906
ENSP00000392423	0.04906
ENSP00000392423	0.04906
ENSP00000392423	0.04906
ENSP00000392423	0.04906
ENSP00000392423	0.04906
ENSP00000392423	0.04906
ENSP00000392065	0.10185
ENSP00000229002	0.00189105221174764
ENSP00000309432	0.1981
ENSP00000361010	0.0633
ENSP00000408295	0.00834
ENSP00000383096	0.20013
ENSP00000296292	0.06481
ENSP00000334153	0.0462248335688022
ENSP00000306335	0.14141
ENSP00000371434	0.25468
ENSP00000332208	0.03628
ENSP00000290691	0.05039
ENSP00000308219	0.1939
ENSP00000356194	0.07665
ENSP00000289248	0.04088
ENSP00000269051	0.21141
ENSP00000294413	0.04402
ENSP00000427926	0.03052
ENSP00000339467	0.13593
ENSP00000316729	0.14124
ENSP00000360441	0.02083
ENSP00000416696	0.24066
ENSP00000308820	0.13017
ENSP00000366070	0.023
ENSP00000261655	0.12719678871627
ENSP00000257700	0.0372326581853152
ENSP00000283109	0.20331
ENSP00000321805	0.05021
ENSP00000371040	0.23912
ENSP00000317039	0.01698
ENSP00000310356	0.00567290738182263
ENSP00000451318	0.0523
ENSP00000384683	0.0523
ENSP00000449500	0.20573
ENSP00000426455	0.16272
ENSP00000322242	0.01915
ENSP00000269439	0.105752797867235
ENSP00000262482	0.20412
ENSP00000340979	2.2e-4
ENSP00000373752	0.236474448300049
ENSP00000419454	0.05614
ENSP00000362555	0.031663714331814
ENSP00000376572	0.08362
ENSP00000382794	0.0582
ENSP00000374552	0.10022477006469
ENSP00000312439	0.05098
ENSP00000371000	0.07995
ENSP00000257575	0.05675
ENSP00000270357	0.02038
ENSP00000420321	0.0724614352877018
ENSP00000382697	0.0255470629594467
ENSP00000322832	0.02905
ENSP00000364860	0.0148716263475792
ENSP00000261523	0.0972
ENSP00000366093	0.0789
ENSP00000357494	0.0432844687586658
ENSP00000363017	0.09753
ENSP00000306123	0.09402
ENSP00000382895	0.0523
ENSP00000298283	0.06833
ENSP00000354739	0.05603
ENSP00000447001	0.06862
ENSP00000346001	0.12965
ENSP00000464342	0.14279
ENSP00000355315	0.02083
ENSP00000403172	0.04864
ENSP00000449328	0.01915
ENSP00000346037	0.11572
ENSP00000322419	0.13245
ENSP00000381984	0.0072
ENSP00000270625	0.06591
ENSP00000467466	0.20742
ENSP00000427015	0.145344069267882
ENSP00000262752	0.02078
ENSP00000346067	0.09171
ENSP00000323288	0.09629
ENSP00000362092	0.04088
ENSP00000246792	0.06591
ENSP00000256196	0.1428
ENSP00000367038	0.02741
ENSP00000314992	0.04669
ENSP00000300738	0.13593
ENSP00000254605	0.10702
ENSP00000301037	0.20855
ENSP00000260443	0.08393
ENSP00000291536	0.0276
ENSP00000385443	0.03729
ENSP00000384766	0.103616948710279
ENSP00000216036	0.0432894378580908
ENSP00000229554	0.0457
ENSP00000221538	0.11465
ENSP00000349131	3.3671214766385e-5
ENSP00000216038	0.20212
ENSP00000245923	0.11367
ENSP00000296142	8.20000000000001e-4
ENSP00000261700	0.06784
ENSP00000255674	0.21204
ENSP00000473172	0.06591
ENSP00000298386	0.04079
ENSP00000419692	0.10061
ENSP00000352608	0.02339
ENSP00000352608	0.02339
ENSP00000352608	0.02339
ENSP00000352608	0.02339
ENSP00000352608	0.02339
ENSP00000352608	0.02339
ENSP00000352608	0.02339
ENSP00000352608	0.02339
ENSP00000352608	0.02339
ENSP00000352608	0.02339
ENSP00000352608	0.02339
ENSP00000373884	0.0542590872770286
ENSP00000373884	0.0542590872770286
ENSP00000373884	0.0542590872770286
ENSP00000373884	0.0542590872770286
ENSP00000373884	0.0542590872770286
ENSP00000373884	0.0542590872770286
ENSP00000373884	0.0542590872770286
ENSP00000373884	0.0542590872770286
ENSP00000373884	0.0542590872770286
ENSP00000373884	0.0542590872770286
ENSP00000373884	0.0542590872770286
ENSP00000373884	0.0542590872770286
ENSP00000373884	0.0542590872770286
ENSP00000373884	0.0542590872770286
ENSP00000362574	0.0395698775786104
ENSP00000320430	0.23037
ENSP00000365006	0.00954
ENSP00000246115	0.22319
ENSP00000384906	0.14325
ENSP00000436126	0.14325
ENSP00000373713	0.00633
ENSP00000252542	0.14279
ENSP00000323191	0.01849
ENSP00000345445	0.14162
ENSP00000481842	0.12211
ENSP00000386348	0.04401
ENSP00000360938	0.0633
ENSP00000399518	0.08485
ENSP00000340445	0.01987
ENSP00000256190	0.13723
ENSP00000354733	0.21507
ENSP00000264027	0.0184993557087204
ENSP00000316007	0.23821
ENSP00000301904	0.03974
ENSP00000261693	0.01483
ENSP00000316329	0.0817
ENSP00000220478	0.09205
ENSP00000297029	0.14061
ENSP00000281142	0.05811
ENSP00000254663	0.00929
ENSP00000251900	0.0477606583005743
ENSP00000390600	0.09171
ENSP00000307599	0.09171
ENSP00000376523	0.10304
ENSP00000410257	0.09171
ENSP00000255390	0.24086
ENSP00000366645	0.02741
ENSP00000388942	0.14637
ENSP00000176195	0.14267
ENSP00000364649	0.09174
ENSP00000382327	0.04966
ENSP00000332407	0.24753
ENSP00000257549	0.065
ENSP00000385790	0.065
ENSP00000452697	0.01984
ENSP00000468633	0.19444
ENSP00000478755	0.20283
ENSP00000215812	0.20283
ENSP00000255858	0.20283
ENSP00000385695	0.20283
ENSP00000306881	0.10193
ENSP00000280551	0.04934
ENSP00000367312	0.0322
ENSP00000382767	0.07228
ENSP00000231721	0.05831
ENSP00000467290	0.10863
ENSP00000340505	0.0642
ENSP00000371535	0.08101
ENSP00000379704	0.104848207164871
ENSP00000331376	0.03077
ENSP00000342962	0.00860999999999999
ENSP00000362814	0.0284
ENSP00000319796	0.09599
ENSP00000329374	0.02014
ENSP00000269491	0.1648
ENSP00000381072	0.161432858006127
ENSP00000321853	0.166
ENSP00000325414	0.10782
ENSP00000253063	0.09753
ENSP00000219315	0.25615
ENSP00000224140	0.06462
ENSP00000312942	0.20855
ENSP00000248933	0.14596
ENSP00000215793	0.20283
ENSP00000362110	0.03592
ENSP00000305790	0.20786
ENSP00000378235	0.0248390804696576
ENSP00000274063	2.2e-4
ENSP00000437738	0.11172
ENSP00000354590	0.16172
ENSP00000316152	0.04639
ENSP00000378176	0.05122
ENSP00000247225	0.14124
ENSP00000345492	0.05164
ENSP00000245908	0.14141
ENSP00000265807	0.04985
ENSP00000373301	0.03877
ENSP00000369981	0.123997013529048
ENSP00000320092	0.01987
ENSP00000369816	0.19746
ENSP00000264554	0.153012099546685
ENSP00000306473	0.07123
ENSP00000326445	0.03765
ENSP00000454014	0.00817
ENSP00000370568	0.1387
ENSP00000318868	0.191271576931166
ENSP00000356475	0.10058
ENSP00000263593	0.0755650362233783
ENSP00000383256	0.11079
ENSP00000345243	0.06474
ENSP00000374125	0.06397
ENSP00000222345	0.02339
ENSP00000249396	0.02339
ENSP00000202967	0.01915
ENSP00000337332	0.23034
ENSP00000316842	0.11465
ENSP00000319417	0.12211
ENSP00000005587	0.15054
ENSP00000351596	0.15686
ENSP00000245312	0.0749
ENSP00000263512	0.02576
ENSP00000273905	0.05717
ENSP00000262461	0.10926
ENSP00000402152	0.21754
ENSP00000346112	0.04705
ENSP00000392411	0.20855
ENSP00000406220	0.20774
ENSP00000390637	0.03925
ENSP00000255226	0.0222885849327866
ENSP00000365686	0.06015
ENSP00000266771	0.06515
ENSP00000309751	0.20573
ENSP00000465734	0.0106642844726047
ENSP00000321735	0.13461
ENSP00000244527	1.40000000000002e-4
ENSP00000367081	0.00213
ENSP00000367137	1.40000000000002e-4
ENSP00000263160	0.15843
ENSP00000221485	0.06591
ENSP00000387549	0.04985
ENSP00000275227	0.06679
ENSP00000262352	0.24049
ENSP00000278379	0.0563386506563931
ENSP00000444408	0.064
ENSP00000355930	0.131778176046847
ENSP00000310241	0.09171
ENSP00000273173	0.09171
ENSP00000355920	0.15312
ENSP00000275300	0.134946012662773
ENSP00000481421	0.11464
ENSP00000200652	0.02392
ENSP00000245407	0.02392
ENSP00000302851	0.02345
ENSP00000261892	0.09317
ENSP00000344801	0.01989
ENSP00000333519	0.0250775299675397
ENSP00000341550	0.09205
ENSP00000225665	0.20412
ENSP00000477981	0.01569
ENSP00000390722	0.109745713684235
ENSP00000301454	0.14141
ENSP00000429168	0.11079
ENSP00000281154	0.05811
ENSP00000306328	0.0859597006492473
ENSP00000369407	0.19909
ENSP00000429200	0.03052
ENSP00000366299	0.15947
ENSP00000281456	0.116498337169346
ENSP00000322649	0.14141
ENSP00000217909	0.02083
ENSP00000348211	0.18615
ENSP00000468980	0.01874
ENSP00000345873	0.05731
ENSP00000267842	0.09205
ENSP00000300456	0.01605
ENSP00000262462	0.119467850357922
ENSP00000378074	0.0166859475856069
ENSP00000315006	0.07552
ENSP00000365413	0.01698
ENSP00000275230	0.04832
ENSP00000366641	0.0893
ENSP00000362469	0.05603
ENSP00000363394	0.10071
ENSP00000261867	0.08469
ENSP00000379836	0.22617
ENSP00000264451	0.03765
ENSP00000259392	0.05614
ENSP00000371483	0.07228
ENSP00000442397	0.08362
ENSP00000240333	0.04347
ENSP00000313318	0.04237
ENSP00000253270	0.02333
ENSP00000333591	0.11149
ENSP00000339626	0.20283
ENSP00000353557	0.0475659482658731
ENSP00000342518	0.14326
ENSP00000297307	0.22825
ENSP00000371872	0.12745
ENSP00000396523	0.19746
ENSP00000243389	0.03267
ENSP00000334223	0.03267
ENSP00000311833	0.08633
ENSP00000346959	0.14124
ENSP00000454646	0.25615
ENSP00000299709	0.151449653300554
ENSP00000354689	0.04237
ENSP00000269740	0.22319
ENSP00000269187	0.0072
ENSP00000461382	0.166
ENSP00000363852	0.00696
ENSP00000289877	0.08333
ENSP00000480703	0.20532
ENSP00000370192	0.03622
ENSP00000270570	0.19843
ENSP00000326671	0.199
ENSP00000262418	0.15947
ENSP00000295736	0.0608
ENSP00000399979	0.20412
ENSP00000266088	0.20013
ENSP00000379008	0.140272481281254
ENSP00000379326	0.15625
ENSP00000370543	0.00799818240416957
ENSP00000364295	0.02412
ENSP00000287766	0.03102
ENSP00000254488	0.03102
ENSP00000338627	0.06591
ENSP00000219833	0.22739
ENSP00000346298	0.00633
ENSP00000261707	0.206924631246814
ENSP00000434364	0.10931941762279
ENSP00000230671	0.03267
ENSP00000253122	0.03266
ENSP00000004531	0.04726
ENSP00000363417	0.00531
ENSP00000261622	0.196242443009073
ENSP00000455064	0.2131
ENSP00000380666	0.0402026085093039
ENSP00000320378	0.0582
ENSP00000236877	0.064
ENSP00000263980	0.10366
ENSP00000299798	0.25621
ENSP00000359729	0.01849
ENSP00000296422	0.09036
ENSP00000378265	0.09036
ENSP00000421339	0.17733
ENSP00000265140	0.14847
ENSP00000378067	0.202688551565738
ENSP00000285013	0.201388153211667
ENSP00000299977	0.22825
ENSP00000422591	0.0187990447812622
ENSP00000366283	0.02077
ENSP00000262160	0.1931
ENSP00000441954	0.105174071084596
ENSP00000262158	0.19449
ENSP00000360162	0.01569
ENSP00000351947	0.07983
ENSP00000349823	0.12675
ENSP00000350036	0.123526432878223
ENSP00000286398	0.00884458491521134
ENSP00000385025	0.21665
ENSP00000327467	0.13269
ENSP00000263073	0.139653184119019
ENSP00000270066	0.11675
ENSP00000215531	0.23034
ENSP00000417806	0.05831
ENSP00000370083	0.15366
ENSP00000370119	0.15366
ENSP00000346537	0.124932137516341
ENSP00000340409	0.12488
ENSP00000363001	0.09753
ENSP00000221573	0.08233
ENSP00000370200	0.10611
ENSP00000298532	0.06707
ENSP00000263694	0.0342521160585225
ENSP00000338191	0.174637320681287
ENSP00000398789	0.08826
ENSP00000317332	0.15694
ENSP00000265909	0.165517155057596
ENSP00000368831	0.1131
ENSP00000332062	0.0836
ENSP00000376024	0.14327
ENSP00000378855	0.09816
ENSP00000404438	0.07317
ENSP00000216373	0.06686
ENSP00000301691	0.15947
ENSP00000340975	0.02083
ENSP00000379644	0.145144117189421
ENSP00000316012	0.00358
ENSP00000332592	0.0986088548216448
ENSP00000323300	0.20855
ENSP00000206020	0.20412
ENSP00000414856	0.08305
ENSP00000414147	0.06838
ENSP00000398560	0.11206
ENSP00000355900	0.01024
ENSP00000335612	0.08354
ENSP00000459580	0.17407
ENSP00000280191	0.12552485564004
ENSP00000274432	0.20105
ENSP00000478310	0.05831
ENSP00000261503	0.199
ENSP00000364912	0.0762729363851125
ENSP00000312284	0.0626146111871584
ENSP00000261866	0.09599
ENSP00000204566	0.08421
ENSP00000245222	0.06862
ENSP00000324870	0.03511
ENSP00000333292	0.20961
ENSP00000347721	0.174182181956174
ENSP00000378401	0.0492711001285022
ENSP00000280098	0.00839
ENSP00000354812	0.13522
ENSP00000261854	0.09205
ENSP00000332488	0.03874
ENSP00000288680	0.02977
ENSP00000299084	0.0966
ENSP00000330221	0.00253980703158093
ENSP00000457206	0.13128
ENSP00000361824	0.01605
ENSP00000263373	0.0947404424335584
ENSP00000317790	0.0994891003352955
ENSP00000317790	0.0994891003352955
ENSP00000317790	0.0994891003352955
ENSP00000317790	0.0994891003352955
ENSP00000317790	0.0994891003352955
ENSP00000317790	0.0994891003352955
ENSP00000317790	0.0994891003352955
ENSP00000317790	0.0994891003352955
ENSP00000298130	0.09851
ENSP00000260324	0.08469
ENSP00000348069	0.21278
ENSP00000366156	0.08749
ENSP00000267884	0.0928
ENSP00000451818	0.09851
ENSP00000377262	0.0738085302136843
ENSP00000420195	0.1007
ENSP00000315713	0.05512
ENSP00000313752	0.08362
ENSP00000293897	0.08328
ENSP00000216218	0.14483
ENSP00000278742	0.17347
ENSP00000377257	0.192218686804931
ENSP00000231461	0.18332
ENSP00000312946	0.05831
ENSP00000218089	0.01794
ENSP00000276449	0.03179
ENSP00000337446	0.20337
ENSP00000009041	0.07048
ENSP00000296632	0.1864
ENSP00000304032	0.02486
ENSP00000462349	0.21117
ENSP00000341208	0.1981
ENSP00000290271	0.03052
ENSP00000441786	0.02083
ENSP00000417569	0.07129
ENSP00000347195	0.05831
ENSP00000331288	0.02345
ENSP00000365730	0.0408408747201757
ENSP00000361025	0.0633
ENSP00000342538	0.01364
ENSP00000368952	0.06621
ENSP00000295268	0.0560668631336776
ENSP00000456609	0.07155
ENSP00000401513	0.03161
ENSP00000375777	0.11008
ENSP00000376472	0.0970235042398555
ENSP00000295770	0.06431
ENSP00000356540	0.10013
ENSP00000363054	0.09753
ENSP00000376178	0.1199
ENSP00000362399	0.05603
ENSP00000419325	0.00190999999999999
ENSP00000443988	0.00845
ENSP00000338475	0.0512186628474984
ENSP00000367208	0.0899455400988661
ENSP00000222002	0.0679082391713748
ENSP00000201586	0.06862
ENSP00000332565	0.14162
ENSP00000384015	0.127661225972285
ENSP00000216297	0.0523
ENSP00000417510	0.06838
ENSP00000361057	0.0633
ENSP00000363382	0.01351
ENSP00000316578	0.21141
ENSP00000423541	0.23409
ENSP00000479104	0.05512
ENSP00000369500	0.0399134106402305
ENSP00000367911	0.28279
ENSP00000340594	0.06165
ENSP00000364907	0.0104623470013659
ENSP00000351614	0.161186615523784
ENSP00000386439	0.00682
ENSP00000366058	0.0259988979429737
ENSP00000356224	0.0838258955206313
ENSP00000356224	0.0838258955206313
ENSP00000356224	0.0838258955206313
ENSP00000356224	0.0838258955206313
ENSP00000356224	0.0838258955206313
ENSP00000356224	0.0838258955206313
ENSP00000356224	0.0838258955206313
ENSP00000356224	0.0838258955206313
ENSP00000356224	0.0838258955206313
ENSP00000356224	0.0838258955206313
ENSP00000356224	0.0838258955206313
ENSP00000356224	0.0838258955206313
ENSP00000356224	0.0838258955206313
ENSP00000356224	0.0838258955206313
ENSP00000356224	0.0838258955206313
ENSP00000356224	0.0838258955206313
ENSP00000356224	0.0838258955206313
ENSP00000356224	0.0838258955206313
ENSP00000356224	0.0838258955206313
ENSP00000350719	0.14124
ENSP00000350719	0.14124
ENSP00000350719	0.14124
ENSP00000350719	0.14124
ENSP00000350719	0.14124
ENSP00000350719	0.14124
ENSP00000350719	0.14124
ENSP00000350719	0.14124
ENSP00000350719	0.14124
ENSP00000350719	0.14124
ENSP00000350719	0.14124
ENSP00000350719	0.14124
ENSP00000350719	0.14124
ENSP00000350719	0.14124
ENSP00000350719	0.14124
ENSP00000350719	0.14124
ENSP00000350719	0.14124
ENSP00000350719	0.14124
ENSP00000350719	0.14124
ENSP00000350719	0.14124
ENSP00000409667	0.00560938379656904
ENSP00000347792	0.14327
ENSP00000377789	0.03267
ENSP00000418994	0.00736346136854983
ENSP00000011473	0.05561
ENSP00000478637	0.14124
ENSP00000255224	0.05021
ENSP00000371394	0.03762
ENSP00000383866	0.08354
ENSP00000356908	0.0365
ENSP00000258034	0.0365
ENSP00000275198	0.0365
ENSP00000275200	0.0365
ENSP00000424607	0.0365
ENSP00000303325	0.0577785491543875
ENSP00000481091	0.20337
ENSP00000339976	0.0147
ENSP00000455265	0.16437
ENSP00000418575	0.0872899167717121
ENSP00000469981	0.02576
ENSP00000356033	0.14813
ENSP00000321259	0.13245
ENSP00000261716	0.22201
ENSP00000376317	0.00953851604083335
ENSP00000385347	0.0706
ENSP00000240185	0.08749
ENSP00000331867	0.0873
ENSP00000364520	0.02752
ENSP00000417509	0.0585
ENSP00000348234	0.20786
ENSP00000261439	0.04548
ENSP00000386538	1.60575594862581e-4
ENSP00000264866	0.07129
ENSP00000336724	0.111150745535102
ENSP00000339973	0.1655
ENSP00000300584	0.0234033412092818
ENSP00000381270	0.04163
ENSP00000402935	0.0485229289177472
ENSP00000349781	0.02014
ENSP00000403925	0.03034
ENSP00000273980	0.05822
ENSP00000247219	0.09816
ENSP00000393333	0.23034
ENSP00000440038	0.05527
ENSP00000317334	0.13075
ENSP00000335595	0.04934
ENSP00000444788	0.0596136743999753
ENSP00000435233	0.06792
ENSP00000472109	0.06591
ENSP00000355022	0.13468
ENSP00000369375	0.01487
ENSP00000403954	0.0191341511996769
ENSP00000403954	0.0191341511996769
ENSP00000403954	0.0191341511996769
ENSP00000403954	0.0191341511996769
ENSP00000403954	0.0191341511996769
ENSP00000424226	0.125812793519442
ENSP00000443410	0.016
ENSP00000463762	0.25621
ENSP00000471604	0.02014
ENSP00000256246	0.0521196792856214
ENSP00000396628	0.05831
ENSP00000362332	0.03576
ENSP00000204517	0.02905
ENSP00000356134	0.14592
ENSP00000384421	0.18849
ENSP00000364133	0.0227
ENSP00000296125	0.00765
ENSP00000370571	0.13051
ENSP00000363031	0.09753
ENSP00000245838	0.01794
ENSP00000420306	0.20283
ENSP00000304467	0.22319
ENSP00000264637	0.20112
ENSP00000379904	0.0413995102562255
ENSP00000284240	0.05098
ENSP00000355162	2.2e-4
ENSP00000380071	0.12963
ENSP00000270538	0.08233
ENSP00000445806	0.02953
ENSP00000266085	0.21269
ENSP00000376445	0.17833
ENSP00000465419	0.23034
ENSP00000280605	0.13171
ENSP00000292090	0.20855
ENSP00000331965	0.166
ENSP00000312672	0.04855
ENSP00000061240	0.12813
ENSP00000453508	0.0959729253568143
ENSP00000267984	0.02486
ENSP00000354932	0.04548
ENSP00000260010	2.2e-4
ENSP00000296795	0.124572706003121
ENSP00000363089	0.09006
ENSP00000370034	0.05467
ENSP00000312082	0.05467
ENSP00000416050	0.02947
ENSP00000270560	0.11514
ENSP00000317000	0.01987
ENSP00000261789	0.04966
ENSP00000365567	0.06015
ENSP00000297784	0.07788
ENSP00000379531	0.00195
ENSP00000389399	0.034879880388608
ENSP00000327234	0.0995763187640407
ENSP00000288025	0.17122
ENSP00000468025	0.15947
ENSP00000315387	0.19746
ENSP00000379901	0.14061
ENSP00000447731	0.059972123701296
ENSP00000329318	0.0315
ENSP00000316532	0.214445743116795
ENSP00000290079	0.08834
ENSP00000293261	0.06862
ENSP00000296529	0.01307
ENSP00000301204	0.10898
ENSP00000222284	7.49999999999999e-4
ENSP00000320757	0.06632
ENSP00000420919	0.0817
ENSP00000302144	0.01547
ENSP00000253047	0.064
ENSP00000426354	0.18036
ENSP00000361143	0.01965
ENSP00000323068	0.06104
ENSP00000296776	0.23522
ENSP00000356057	0.129233248632173
ENSP00000297477	0.13297
ENSP00000296582	0.05635
ENSP00000358999	0.03266
ENSP00000291934	0.06632
ENSP00000305069	0.12813
ENSP00000375053	0.08362
ENSP00000305892	0.25621
ENSP00000436596	0.08633
ENSP00000339830	0.24086
ENSP00000350050	0.09406
ENSP00000258173	0.236424095286687
ENSP00000403130	0.00933
ENSP00000309792	0.04717
ENSP00000372720	0.0201335237148034
ENSP00000357125	0.01513
ENSP00000363714	0.00497
ENSP00000315635	0.00984
ENSP00000366528	0.07979
ENSP00000310110	0.02083
ENSP00000349087	0.21507
ENSP00000261556	0.14326
ENSP00000373594	0.07155
ENSP00000288502	0.05819
ENSP00000422473	0.03765
ENSP00000362021	0.01879
ENSP00000363824	0.00696
ENSP00000338165	0.04717
ENSP00000322837	0.037854059806228
ENSP00000433126	0.135977658966015
ENSP00000303992	0.03856
ENSP00000281441	0.17347
ENSP00000363478	0.04402
ENSP00000394899	0.0853949771639597
ENSP00000260403	0.08742
ENSP00000380646	0.14244
ENSP00000280734	0.14325
ENSP00000321038	0.06632
ENSP00000374484	0.1049
ENSP00000301599	0.21021
ENSP00000375859	0.10848
ENSP00000226230	0.20532
ENSP00000433361	0.13017
ENSP00000249700	0.09205
ENSP00000343398	0.05286
ENSP00000343871	0.05857
ENSP00000393316	0.06686
ENSP00000265131	0.07977
ENSP00000427424	0.18657
ENSP00000328016	0.09205
ENSP00000276431	0.03052
ENSP00000349324	0.03052
ENSP00000310263	0.03052
ENSP00000465500	0.1648
ENSP00000326737	0.09182
ENSP00000261652	0.188191506829869
ENSP00000293825	0.19746
ENSP00000363157	0.07977
ENSP00000245817	0.14141
ENSP00000317891	0.03267
ENSP00000311579	0.13422
ENSP00000362122	0.01879
ENSP00000395538	0.12016
ENSP00000411532	0.20112
ENSP00000396704	0.04504
ENSP00000310303	0.0784908722893763
ENSP00000345719	0.06078
ENSP00000259339	0.06078
ENSP00000301057	0.22201
ENSP00000448083	0.065
ENSP00000352265	0.06126
ENSP00000250018	0.14325
ENSP00000312304	8.50000000000001e-4
ENSP00000367595	0.08856
ENSP00000477781	0.11079
ENSP00000297071	0.08055
ENSP00000341268	0.25621
ENSP00000247668	0.0626701085017157
ENSP00000433623	0.0520076104888258
ENSP00000328203	0.084
ENSP00000328998	0.0611356106527268
ENSP00000309402	0.05328
ENSP00000416168	0.0467543228901963
ENSP00000416168	0.0467543228901963
ENSP00000416168	0.0467543228901963
ENSP00000416168	0.0467543228901963
ENSP00000416168	0.0467543228901963
ENSP00000416168	0.0467543228901963
ENSP00000246957	0.128709762735364
ENSP00000291574	0.03299
ENSP00000357591	0.0406291521997853
ENSP00000436005	0.05098
ENSP00000333441	0.02807
ENSP00000348299	0.10599
ENSP00000463188	0.171152454634913
ENSP00000339659	2.2e-4
ENSP00000254436	0.12559
ENSP00000369299	0.153109098444053
ENSP00000231524	0.23073
ENSP00000433102	0.12488
ENSP00000301924	0.01364
ENSP00000282369	0.17741
ENSP00000299413	0.04656
ENSP00000369373	0.0755000754942473
ENSP00000369440	0.133085054347826
ENSP00000291416	0.03062
ENSP00000363390	0.10071
ENSP00000300747	0.13032
ENSP00000373272	9.99999999999925e-6
ENSP00000320117	0.14141
ENSP00000261884	0.09552
ENSP00000364260	0.00948
ENSP00000362027	0.01879
ENSP00000261249	0.14124
ENSP00000368966	0.0535698799611544
ENSP00000369027	0.0686948738685104
ENSP00000262839	0.01965
ENSP00000366314	0.07788
ENSP00000252826	0.06591
ENSP00000461007	0.07149
ENSP00000459962	0.07149
ENSP00000342222	0.21747
ENSP00000301365	0.17407
ENSP00000406191	0.05164
ENSP00000361982	0.01605
ENSP00000219476	0.13468
ENSP00000251968	0.14325
ENSP00000262067	0.07674
ENSP00000339820	0.05249
ENSP00000182290	0.13051
ENSP00000380553	0.13245
ENSP00000307701	0.107945827606454
ENSP00000362111	0.01879
ENSP00000379563	0.12866
ENSP00000007390	0.1456
ENSP00000331087	0.13051
ENSP00000339179	0.04966
ENSP00000342499	0.00948
ENSP00000261647	0.22414
ENSP00000398211	0.09171
ENSP00000370419	0.131849897732597
ENSP00000258821	0.0523
ENSP00000333920	0.06462
ENSP00000266254	0.12077
ENSP00000216129	0.12847
ENSP00000239587	0.09422
ENSP00000377043	0.11096
ENSP00000260505	0.0713746595901144
ENSP00000258796	0.13048
ENSP00000382982	0.14707
ENSP00000341289	0.08362
ENSP00000251413	0.1981
ENSP00000424544	0.0728181169983671
ENSP00000305654	0.2108
ENSP00000225576	0.18959
ENSP00000369465	0.0407609597208176
ENSP00000351157	0.10994
ENSP00000314556	0.066034645581857
ENSP00000386935	0.04401
ENSP00000383911	0.06015
ENSP00000304697	0.21747
ENSP00000441543	0.01483
ENSP00000303709	0.05132
ENSP00000354201	0.11096
ENSP00000340596	0.0512
ENSP00000366006	0.08749
ENSP00000457703	0.07155
ENSP00000365576	0.01698
ENSP00000347997	0.15107
ENSP00000369531	0.15107
ENSP00000364403	0.02752
ENSP00000364403	0.02752
ENSP00000364403	0.02752
ENSP00000364403	0.02752
ENSP00000364403	0.02752
ENSP00000364403	0.02752
ENSP00000364403	0.02752
ENSP00000364403	0.02752
ENSP00000364403	0.02752
ENSP00000364403	0.02752
ENSP00000364403	0.02752
ENSP00000364403	0.02752
ENSP00000364403	0.02752
ENSP00000302640	0.15947
ENSP00000366819	0.03144
ENSP00000361285	0.06078
ENSP00000379500	0.14325
ENSP00000363397	0.01351
ENSP00000319501	0.04548
ENSP00000320401	0.014712404858625
ENSP00000311648	0.05124
ENSP00000324560	0.11172
ENSP00000400312	0.07155
ENSP00000386126	0.0113325303366623
ENSP00000337040	0.20855
ENSP00000260323	0.099
ENSP00000391088	0.08439
ENSP00000391088	0.08439
ENSP00000230256	0.09422
ENSP00000227471	0.00863300260318501
ENSP00000324343	0.05117
ENSP00000332887	0.20283
ENSP00000467262	0.23122
ENSP00000423390	0.01849
ENSP00000285199	0.184515657726026
ENSP00000433146	0.06581
ENSP00000379721	0.09205
ENSP00000255304	0.03622
ENSP00000296792	0.23522
ENSP00000327179	0.2131
ENSP00000261708	0.21141
ENSP00000356515	0.10058
ENSP00000356515	0.10058
ENSP00000356515	0.10058
ENSP00000356515	0.10058
ENSP00000356515	0.10058
ENSP00000054668	0.08333
ENSP00000261776	0.20786
ENSP00000347872	0.19999
ENSP00000303129	0.27295
ENSP00000472929	0.14141
ENSP00000379201	0.06686
ENSP00000265333	0.10994
ENSP00000297904	0.02205
ENSP00000283713	0.08808
ENSP00000333255	0.04153
ENSP00000322339	0.06677
ENSP00000351244	0.04093
ENSP00000356905	0.06679
ENSP00000353422	0.0789
ENSP00000353422	0.0789
ENSP00000353422	0.0789
ENSP00000353422	0.0789
ENSP00000353422	0.0789
ENSP00000353422	0.0789
ENSP00000353422	0.0789
ENSP00000353422	0.0789
ENSP00000220509	0.09402
ENSP00000253794	0.18334
ENSP00000281187	0.18906
ENSP00000299138	0.07123
ENSP00000251143	0.00195
ENSP00000318629	0.04726
ENSP00000238497	0.1648
ENSP00000226218	0.20532
ENSP00000364220	0.01789
ENSP00000298125	0.09972
ENSP00000295888	0.084
ENSP00000295888	0.084
ENSP00000295888	0.084
ENSP00000295888	0.084
ENSP00000295888	0.084
ENSP00000295888	0.084
ENSP00000280190	0.19877
ENSP00000416289	0.140431637327956
ENSP00000254029	0.02083
ENSP00000262144	0.26068
ENSP00000254442	0.182993769238861
ENSP00000379619	0.0972599277924708
ENSP00000387982	0.01984
ENSP00000263795	0.09599
ENSP00000405012	0.0045469506862555
ENSP00000405012	0.0045469506862555
ENSP00000405012	0.0045469506862555
ENSP00000402084	0.13723
ENSP00000219454	0.1811
ENSP00000341032	0.114418985056303
ENSP00000290015	0.16319
ENSP00000409131	0.00834
ENSP00000351141	0.13075
ENSP00000352069	0.195590740605242
ENSP00000351137	0.08233
ENSP00000354822	0.20774
ENSP00000416707	0.12745
ENSP00000362991	0.09753
ENSP00000362047	0.01879
ENSP00000364270	0.00948
ENSP00000285021	0.03856
ENSP00000360147	0.01569
ENSP00000262887	0.11675
ENSP00000421491	0.2338
ENSP00000375978	0.12675
ENSP00000352257	0.13858
ENSP00000366396	0.017289790818506
ENSP00000223273	0.01588
ENSP00000462468	0.0808668326580631
ENSP00000343435	0.02339
ENSP00000274496	0.041477910339232
ENSP00000417573	0.00531
ENSP00000161863	0.18063
ENSP00000398106	0.14643
ENSP00000323183	0.06892
ENSP00000314153	0.02083
ENSP00000232974	0.07679
ENSP00000323670	0.23034
ENSP00000362609	0.02969
ENSP00000237275	0.10013
ENSP00000340839	0.0102721216872631
ENSP00000345793	0.10754
ENSP00000303468	0.06919
ENSP00000438993	0.023
ENSP00000373278	0.0490553660162818
ENSP00000361748	0.05474
ENSP00000400113	0.12889
ENSP00000352821	0.144365421031879
ENSP00000362465	0.016
ENSP00000363257	0.10115
ENSP00000262096	0.04726
ENSP00000371905	0.13432
ENSP00000370303	0.103769863107277
ENSP00000296127	5.82915068928754e-4
ENSP00000379934	0.12418
ENSP00000456782	0.27576
ENSP00000349689	0.01569
ENSP00000454157	0.02527
ENSP00000237937	0.07788
ENSP00000268489	0.178198778314942
ENSP00000268489	0.178198778314942
ENSP00000268489	0.178198778314942
ENSP00000268489	0.178198778314942
ENSP00000301318	0.0702
ENSP00000320347	0.20412
ENSP00000469647	0.02953
ENSP00000452552	0.0689734574078594
ENSP00000326630	0.221071477969601
ENSP00000251119	0.09406
ENSP00000371715	0.12277
ENSP00000287538	0.01786
ENSP00000331626	0.01625
ENSP00000361868	0.01879
ENSP00000344241	0.20283
ENSP00000269289	0.21869
ENSP00000298585	0.01797
ENSP00000379464	0.05161
ENSP00000315664	0.24355
ENSP00000379370	0.00765
ENSP00000395723	0.10394
ENSP00000337724	0.10304
ENSP00000378165	0.21141
ENSP00000278314	0.13017
ENSP00000251269	0.11675
ENSP00000337368	0.11675
ENSP00000262894	0.11675
ENSP00000465121	0.11675
ENSP00000387673	0.20786
ENSP00000377171	0.20786
ENSP00000375820	0.11675
ENSP00000400878	0.11675
ENSP00000261332	0.0072
ENSP00000282308	0.06664
ENSP00000379168	0.196169650241103
ENSP00000302770	0.11683
ENSP00000397178	0.03267
ENSP00000281523	0.0365482601304034
ENSP00000196489	0.05161
ENSP00000313582	0.09856
ENSP00000339585	0.01849
ENSP00000269973	0.11675
ENSP00000353491	0.0702
ENSP00000309161	0.0702
ENSP00000311679	0.01097
ENSP00000296091	0.00765
ENSP00000466907	0.06632
ENSP00000353652	0.04557
ENSP00000332861	0.05161
ENSP00000338217	0.19444
ENSP00000327538	0.0133781749173571
ENSP00000322545	0.06677
ENSP00000269829	0.05997
ENSP00000337555	0.06677
ENSP00000365407	0.05161
ENSP00000321132	0.22319
ENSP00000315870	0.11675
ENSP00000320188	0.06632
ENSP00000379458	0.0542970015680256
ENSP00000343617	0.0602517544878957
ENSP00000293471	0.0352229449755496
ENSP00000270649	0.04557
ENSP00000471000	0.04557
ENSP00000411132	0.10147
ENSP00000310472	0.176625571906262
ENSP00000354686	0.04347
ENSP00000324605	0.00765
ENSP00000329264	0.07679
ENSP00000379702	0.00947
ENSP00000321848	0.05161
ENSP00000332325	0.03179
ENSP00000328245	0.0702
ENSP00000379689	0.04093
ENSP00000319053	0.22319
ENSP00000282292	0.0558047573698698
ENSP00000405289	0.170466579339581
ENSP00000378642	0.00138
ENSP00000352846	0.037153273827884
ENSP00000350295	0.00947
ENSP00000398089	0.191696198914628
ENSP00000388311	0.04093
ENSP00000373274	0.06204
ENSP00000406318	0.04557
ENSP00000323879	0.14637
ENSP00000335384	0.20112
ENSP00000355053	0.03062
ENSP00000332433	0.05997
ENSP00000380174	0.08742
ENSP00000392371	0.0072
ENSP00000311429	0.09317
ENSP00000371051	0.142448083844188
ENSP00000371051	0.142448083844188
ENSP00000371051	0.142448083844188
ENSP00000371051	0.142448083844188
ENSP00000371051	0.142448083844188
ENSP00000371051	0.142448083844188
ENSP00000371051	0.142448083844188
ENSP00000371051	0.142448083844188
