"","external_gene_name","uniprot_gn_id","cluster","betweenness","degree_centrality","pocket","druggability","num_drug_pockets","struct_score","logFC","regulation","citation_score"
"1","IL4I1","Q96RQ9",10,0,1,0.511,1,1,86.8211604326273,7.73168725248728,"up_reg",124
"2","MAPK15","Q8TD08",20,0,1,0.055,1,1,69.3901375711575,4.73104139740438,"up_reg",63
"3","CACNA1F","O60840",2,1139,3,0.17,0.999,5,67.3246816045329,3.65239160821351,"up_reg",184
"4","AQP9","O43315",2,0,1,0.47,0.998,1,91.0660036084799,3.55311128118049,"up_reg",637
"5","SULT1C2","O00338",53,0,1,0.298,0.998,1,95.7546737357259,4.61748976000722,"up_reg",56
"6","CENPE","Q02224",2,1501,4,0.135,0.997,5,72.5524854202401,2.84735478023687,"up_reg",436
"7","RYR1","P21817",2,1899,4,0.226,0.997,3,75.5543385568513,3.08648204562506,"up_reg",7993
"8","BNIPL","Q7Z465",2,0,1,0.19,0.996,1,68.6518282647585,3.98451320642129,"up_reg",17
"9","SULT2B1","O00204",53,0,1,0.599,0.996,1,87.7219032921811,4.65108495615332,"up_reg",124
"10","FAAH2","Q6GMR7",23,0,1,0.082,0.995,1,94.182449377897,3.73552465206067,"up_reg",24
"11","CD9","P21926",2,1521,3,0.063,0.994,1,88.1191475042064,3.61936108263237,"up_reg",2704
"12","CENPU","Q71F23",2,0,3,0.002,0.994,1,65.518599280144,3.55882601716818,"up_reg",59
"13","KCNK12","Q9HB15",36,0,1,0.139,0.994,1,73.7849012458219,2.59812518576008,"up_reg",25
"14","MELK","Q14680",2,0,1,0.159,0.993,1,70.6437161388783,5.52845711435073,"up_reg",659
"15","NOX4","Q9NPH5",2,322,2,0.046,0.993,3,86.7570520965693,2.56539925902104,"up_reg",3755
"16","PLPP4","Q5VZY2",45,0,1,0.383,0.993,2,92.0033816651076,5.6580023318049,"up_reg",11
"17","XDH","P47989",46,0,1,0.138,0.993,3,96.095941394081,7.4520598099682,"up_reg",800
"18","IDO1","P14902",34,0,1,0.277,0.991,1,93.3983944810285,5.74347786933716,"up_reg",2039
"19","KIF11","P52732",2,1046,9,0.141,0.991,1,74.7686384864088,4.40771548693702,"up_reg",820
"20","KLC3","Q6P597",11,3,3,0.212,0.991,1,76.0152002053388,4.82238664315991,"up_reg",19
"21","RYR1","P21817",2,1899,4,0.145,0.989,2,76.5189462276809,3.08648204562506,"up_reg",7993
"22","CYP2J2","P51589",22,0,1,0.08,0.987,1,93.7890555828824,4.60635778000605,"up_reg",707
"23","NINJ2","Q9NZG7",2,0,1,0.185,0.987,3,67.543722826087,3.66818505971836,"up_reg",59
"24","TEAD4","Q15561",2,1521,3,0.243,0.986,2,76.5831209630065,2.66013264301839,"up_reg",381
"25","UNC93B1","Q9H1C4",54,0,1,0.082,0.986,1,80.1787892948173,3.39261206459421,"up_reg",175
"26","LY86","O95711",15,0,1,0.075,0.983,1,87.7098328025478,3.08894476908629,"up_reg",119
"27","TNFAIP8L2","Q6P589",2,761,2,0.017,0.981,1,90.7499447513812,2.01531408890845,"up_reg",130
"28","SYK","P43405",2,13379,10,0.203,0.979,2,84.3303645320197,4.40719068495601,"up_reg",5393
"29","FBN2","P35556",12,7,3,0.107,0.975,1,75.7839261809141,2.52152392773765,"up_reg",313
"30","CACNA1B","Q00975",2,6,2,0.13,0.971,2,60.3841264342931,4.78315258669111,"up_reg",334
"31","HAS2","Q92819",2,0,1,0.103,0.97,1,90.7073664207467,2.31792913513302,"up_reg",1108
"32","SLC35F2","Q8IXU6",2,0,1,-0.002,0.97,2,82.7324095139607,2.14973117976861,"up_reg",26
"33","LGR6","Q9HBX8",37,0,2,0.408,0.967,2,78.1741924492299,3.76178809234978,"up_reg",191
"34","LPAR5","Q9H1C0",2,0,1,0.25,0.967,1,83.6958914462384,3.17323250529462,"up_reg",108
"35","ALDH3A1","P30838",5,0,2,0.345,0.966,1,97.89977407512,3.11927755946429,"up_reg",316
"36","SGPP2","Q8IWX5",45,0,1,0.102,0.966,1,84.2117957635157,5.85324003007065,"up_reg",40
"37","VDR","P11473",2,0,1,0.284,0.966,1,84.695411101217,3.68315359968305,"up_reg",8882
"38","H2BC4","P62807",2,38282,12,0.291,0.965,1,87.8297338792221,2.63889326936283,"up_reg",0
"39","LAPTM5","Q13571",38,0,1,0.239,0.964,2,69.275031085605,2.29059239397628,"up_reg",113
"40","NQO1","P15559",2,761,2,0.254,0.963,1,98.3285341273477,2.89369310249068,"up_reg",5539
"41","SLC16A3","O15427",2,1520,2,0.025,0.963,1,83.5874261119082,2.01515618406097,"up_reg",195
"42","NAXE","Q8NCW5",2,1521,3,0.423,0.962,1,86.8761372812921,2.20862731437692,"up_reg",51
"43","CYP4F3","Q08477",22,0,1,0.156,0.961,2,91.8275165876777,4.01849539160528,"up_reg",84
"44","TGFA","P01135",2,3905,5,0.202,0.961,1,66.8868469991547,4.46676709905496,"up_reg",481
"45","ADGRG1","Q9Y653",2,0,1,0.294,0.96,2,78.0137559284933,4.08473368364937,"up_reg",168
"46","CENPE","Q02224",2,1501,4,0.126,0.96,2,70.7644444444445,2.84735478023687,"up_reg",436
"47","DNAH3","Q8TD57",24,0,1,0.164,0.96,4,85.6663929332386,3.64248377697002,"up_reg",16
"48","STC2","O76061",2,0,2,0.27,0.96,2,73.2958494623656,3.18764252442973,"up_reg",353
"49","FBN3","Q75N90",12,0,1,0.195,0.958,2,75.3038825484765,5.05406508485697,"up_reg",53
"50","CYBA","P13498",2,0,2,0.48,0.957,1,77.0298854447439,3.87148555816009,"up_reg",1043
"51","TTK","P33981",2,3035,3,0.087,0.956,1,63.954351783879,5.91525425773233,"up_reg",2047
"52","PLK1","P53350",2,53880,14,0.175,0.953,2,85.1698896752706,3.89474895685557,"up_reg",2971
"53","CYBB","P04839",2,1700,2,0.295,0.952,3,90.3958427209705,2.57694989698827,"up_reg",2670
"54","ERBB4","Q15303",2,3810,3,0.069,0.951,1,73.091615003401,5.36525437497905,"up_reg",2501
"55","TSPAN33","Q86UF1",2,0,1,0.034,0.951,2,89.6664947987336,2.59889539533993,"up_reg",32
"56","DSP","P15924",2,2832,2,0.154,0.95,1,78.5653919845316,4.71694329400883,"up_reg",5445
"57","IL32","P24001",2,0,1,0.099,0.95,2,71.1900160599572,3.00285090124071,"up_reg",626
"58","ASPM","Q8IZT6",2,8922,4,0.434,0.949,4,62.6404820392025,4.31224278349095,"up_reg",510
"59","CENPE","Q02224",2,1501,4,0.416,0.949,1,70.8415997235899,2.84735478023687,"up_reg",436
"60","NDUFB9","Q9Y6M9",2,4536,2,-0.051,0.948,1,96.1323201555412,2.28977195159251,"up_reg",33
"61","AIFM1","O95831",2,39,2,0.136,0.947,1,85.7945805903589,2.21245928667277,"up_reg",647
"62","TDO2","P48775",34,0,1,0.175,0.947,1,90.5243651968038,5.86068659996823,"up_reg",223
"63","LAMA5","O15230",2,3467,4,0.086,0.946,2,79.2431394807853,2.24471894428841,"up_reg",154
"64","GPR37","O15354",2,0,1,0.097,0.945,5,61.8110206251329,4.50891478395836,"up_reg",144
"65","RTN2","O75298",49,0,1,0.162,0.944,2,51.1261288005746,2.36536226464354,"up_reg",37
"66","GJB2","P29033",2,1520,2,0.236,0.943,2,86.3863956639566,5.45685051982212,"up_reg",2564
"67","PTGS1","P23219",2,0,2,0.142,0.943,1,94.1155716054478,5.42379301582154,"up_reg",3039
"68","IFI27","P40305",2,0,1,0.066,0.942,1,52.1421118012422,4.81170183400368,"up_reg",273
"69","MYO3B","Q8WXR4",2,0,2,0.144,0.942,1,75.6698980641541,6.42058780359619,"up_reg",22
"70","TNFRSF12A","Q9NP84",2,1609,4,0.111,0.942,1,73.2729085303186,3.64003288250169,"up_reg",446
"71","DNAH3","Q8TD57",24,0,1,0.099,0.941,1,85.2511541897445,3.64248377697002,"up_reg",16
"72","TRPV6","Q9H1D0",2,0,1,0.341,0.941,3,80.7459308770786,3.38908312547298,"up_reg",747
"73","H2BC9","Q93079",2,24695,11,0.364,0.94,2,88.1431147540984,4.45092108421023,"up_reg",3
"74","RORC","P51449",2,0,1,0.252,0.94,1,75.843762254902,4.4487960537505,"up_reg",1288
"75","TNFSF10","P50591",2,761,2,0.184,0.94,1,82.3966710411199,2.18721613204254,"up_reg",3737
"76","P2RY2","P41231",43,0,1,0.12,0.939,1,79.1966207591535,4.03914091033018,"up_reg",470
"77","RAC2","P15153",2,1171,7,0.227,0.939,1,93.545707641196,2.15638877293134,"up_reg",917
"78","RIMKLA","Q8IXN7",2,0,1,0.297,0.938,1,81.1365021673891,3.88495225134052,"up_reg",4
"79","H2BC12","O60814",2,24896,11,0.241,0.937,1,88.0577868852459,3.20362942103889,"up_reg",2
"80","MPZL2","O60487",40,0,1,0.433,0.937,2,89.4777052023121,3.30987605742787,"up_reg",35
"81","RAC3","P60763",2,18877,11,0.341,0.937,1,93.8337150466045,2.514936013861,"up_reg",299
"82","DNAH5","Q8TE73",24,0,1,0.234,0.936,1,81.6921004927842,3.82865082099979,"up_reg",183
"83","IL2RA","P01589",2,0,1,0,0.936,1,72.5082859804378,2.9669582343893,"up_reg",1993
"84","RSAD2","Q8WXG1",2,380,2,0.193,0.935,1,87.9568383838384,2.5368518379273,"up_reg",393
"85","PPP4C","P60510",2,1521,3,0.387,0.933,1,94.8774645605508,2.13617705696078,"up_reg",32
"86","DNAH5","Q8TE73",24,0,1,0.124,0.932,3,85.0711421229842,3.82865082099979,"up_reg",183
"87","IFIT1","P09914",2,0,1,0.057,0.93,1,94.1743924993578,2.86061409124053,"up_reg",577
"88","MUC5B","Q9HC84",2,1020,3,0.112,0.93,1,82.3506823372668,5.737039441104,"up_reg",1207
"89","APOA1","P02647",2,9356,8,0.278,0.929,3,73.6116812528789,3.06597195270107,"up_reg",3491
"90","ASPM","Q8IZT6",2,8922,4,0.335,0.927,1,64.3894747828991,4.31224278349095,"up_reg",510
"91","CDC45","O75419",2,884,2,0.323,0.926,1,92.8874267100977,4.8315244695649,"up_reg",594
"92","FBN2","P35556",12,7,3,0.286,0.926,1,75.5667598353594,2.52152392773765,"up_reg",313
"93","CDC6","Q99741",2,761,3,0.244,0.922,2,69.8394804010939,3.14220577289897,"up_reg",1059
"94","CHST6","Q9GZX3",18,0,1,0.409,0.92,1,90.8008349389852,5.46841625186125,"up_reg",84
"95","LAMA5","O15230",2,3467,4,0.241,0.919,3,79.9928498342018,2.24471894428841,"up_reg",154
"96","LAMA5","O15230",2,3467,4,0.244,0.918,2,82.4136653161217,2.24471894428841,"up_reg",154
"97","NR2F6","P10588",2,0,1,0.399,0.917,1,79.7500198675497,3.29745981673528,"up_reg",89
"98","SDC4","P31431",2,4689,3,0.27,0.917,2,63.1446158896914,2.12854231401535,"up_reg",556
"99","DNAH5","Q8TE73",24,0,1,2.178,0.916,3,87.2725882458341,3.82865082099979,"up_reg",183
"100","LGALS9","O00182",2,0,1,0.247,0.914,3,85.1284844141885,2.65533058889114,"up_reg",533
"101","FBN3","Q75N90",12,0,1,0.138,0.909,1,70.4095159719517,5.05406508485697,"up_reg",53
"102","EPPK1","P58107",2,0,1,0.247,0.908,1,77.4693065625581,6.9413260475035,"up_reg",38
"103","CENPF","P49454",2,10672,3,0.122,0.906,1,71.418744961032,4.30293483867384,"up_reg",385
"104","ATP10B","O94823",9,0,1,0.117,0.904,2,71.4329106727539,5.18054024080772,"up_reg",18
"105","HCST","Q9UBK5",2,1076,3,0.33,0.904,2,67.318977443609,2.7369391614386,"up_reg",246
"106","ASS1","P00966",2,0,1,0.103,0.902,1,95.635373589509,3.2997291318675,"up_reg",402
"107","AGR2","O95994",2,5272,5,0.263,0.901,1,87.4194598436389,5.1334817402941,"up_reg",449
"108","CDCP1","Q9H5V8",2,0,1,0.276,0.901,1,78.3538725490196,5.46683490808468,"up_reg",234
"109","PBK","Q96KB5",2,0,2,0.152,0.901,1,84.9070023696682,5.81954163953728,"up_reg",782
"110","MGST1","P10620",39,0,1,0.541,0.9,1,79.0266101694915,3.3652943843308,"up_reg",238
"111","RYR1","P21817",2,1899,4,0.185,0.9,2,84.4349548645938,3.08648204562506,"up_reg",7993
"112","ATP5MC1","P05496",2,3791,3,0.401,0.898,1,72.6957627118644,2.06350100587305,"up_reg",4
"113","TOP2A","P11388",2,22036,7,0.045,0.897,1,76.4083174292472,5.21282766688042,"up_reg",1327
"114","ITGB8","P26012",2,0,1,0.085,0.896,1,76.4670721097541,2.8204203224163,"up_reg",131
"115","ATP5MF","P56134",2,0,1,0.423,0.892,3,74.1683527885862,2.31800499940457,"up_reg",2
"116","CTSC","P53634",2,0,3,0.338,0.892,2,90.37856516977,2.16286298940825,"up_reg",316
"117","PTX3","P26022",2,135,2,0.266,0.891,2,79.751324278438,2.72843584458986,"up_reg",2010
"118","DSP","P15924",2,2832,2,0.293,0.89,1,79.7218725811253,4.71694329400883,"up_reg",5445
"119","GJB1","P08034",2,0,1,0.333,0.89,1,80.0505017761989,7.47413277904941,"up_reg",358
"120","DNAH5","Q8TE73",24,0,1,0.237,0.889,1,80.0946780586629,3.82865082099979,"up_reg",183
"121","ZNF492","Q9P255",56,0,1,0.218,0.888,1,73.5586064998831,2.69702513151181,"up_reg",6
"122","KLHL14","Q9P2G3",6,0,1,0.483,0.887,1,88.1400905432596,5.75436258304064,"up_reg",22
"123","LRP2","P98164",2,761,2,0.255,0.887,1,81.8099401686157,4.92729720940099,"up_reg",452
"124","ANPEP","P15144",2,761,2,0.232,0.886,1,93.7512643826761,3.53524943784227,"up_reg",188
"125","HMMR","O75330",2,0,1,0.192,0.886,2,76.1048990670059,5.09810139156788,"up_reg",249
"126","DNAH3","Q8TD57",24,0,1,0.172,0.885,2,86.9610395148299,3.64248377697002,"up_reg",16
"127","ESPL1","Q14674",2,0,1,0.619,0.885,1,75.7783475713937,4.96710074607382,"up_reg",146
"128","KIF9","Q9HAQ2",2,7104,13,0.202,0.885,1,75.213247944339,2.19567882053865,"up_reg",31
"129","CD3E","P07766",2,14667,11,0.191,0.884,1,73.5128017241379,2.8819564650907,"up_reg",540
"130","BIK","Q13323",2,761,2,0.409,0.883,2,62.542898089172,6.02995255055182,"up_reg",1275
"131","TUBA1C","Q9BQE3",2,861,2,0.219,0.883,1,91.6524379811805,3.36082611579733,"up_reg",52
"132","CIT","O14578",2,4278,2,0.129,0.882,1,70.152782431933,3.10939327748384,"up_reg",8634
"133","PKP3","Q9Y446",2,31976,3,0.07,0.881,1,69.2845051361487,7.14153135393775,"up_reg",91
"134","CENPE","Q02224",2,1501,4,0.191,0.88,2,74.1531594148887,2.84735478023687,"up_reg",436
"135","DNAH5","Q8TE73",24,0,1,0.179,0.88,2,80.011534640291,3.82865082099979,"up_reg",183
"136","FBN2","P35556",12,7,3,0.139,0.88,1,75.0625435504984,2.52152392773765,"up_reg",313
"137","TJP3","O95049",2,0,4,0.067,0.88,2,66.5840854341737,6.72408775707407,"up_reg",60
"138","LRRC43","Q8N309",2,0,1,0.24,0.879,1,74.700350262697,2.06998345262098,"up_reg",0
"139","DNAH3","Q8TD57",24,0,1,0.312,0.878,4,88.0664393804522,3.64248377697002,"up_reg",16
"140","GRIK3","Q13003",2,17866,8,0.152,0.878,1,82.3804810057393,3.4739384710647,"up_reg",66
"141","BAIAP2L1","Q9UHR4",2,3579,4,0.324,0.876,2,74.9357797246558,4.06293720790699,"up_reg",46
"142","TSPAN15","O95858",2,2277,2,0.296,0.875,2,87.9429849462366,3.59109552219793,"up_reg",34
"143","HLA-DOA","P06340",2,7,4,0.429,0.874,1,90.2530256410256,3.32493453759221,"up_reg",61
"144","FUT2","Q10981",32,0,1,0.311,0.872,2,90.4210148604567,2.45333259819866,"up_reg",560
"145","LRP2","P98164",2,761,2,0.153,0.871,1,76.0028840381992,4.92729720940099,"up_reg",452
"146","H2BC11","P06899",2,72,9,0.25,0.87,2,85.698045035824,3.96893793587349,"up_reg",1
"147","KREMEN2","Q8NCW0",37,0,1,0.459,0.87,1,76.8279307334109,7.64088695460391,"up_reg",36
"148","KIF15","Q9NS87",2,2175,7,0.241,0.869,1,72.0212966758756,3.95070292170742,"up_reg",155
"149","PYCR1","P32322",47,0,1,0.336,0.869,2,90.0678100940975,2.89700442979205,"up_reg",158
"150","IL23A","Q9NPF7",2,0,1,0.205,0.868,2,80.9574640164496,2.26738627852083,"up_reg",706
"151","DIAPH3","Q9NSV4",2,322,2,0.164,0.866,2,71.818128125,4.60942451612142,"up_reg",86
"152","LAPTM4B","Q86VI4",38,0,1,0.211,0.865,1,61.6772465531225,3.2149991931944,"up_reg",179
"153","SLC5A1","P13866",2,0,1,0.444,0.865,1,84.1097522260937,6.57426845509721,"up_reg",812
"154","DNAH3","Q8TD57",24,0,1,0.156,0.864,1,85.291079001521,3.64248377697002,"up_reg",16
"155","SVOPL","Q8N434",49,0,1,0.061,0.862,1,84.0538418972332,3.10172778899931,"up_reg",14
"156","RYR1","P21817",2,1899,4,0.108,0.861,2,81.2295267078488,3.08648204562506,"up_reg",7993
"157","CXADR","P78310",2,0,1,0.405,0.86,1,79.4856221033868,5.20087415109432,"up_reg",83
"158","MARVELD3","Q96A59",2,0,3,0.108,0.86,1,65.321573780874,3.67703543991987,"up_reg",36
"159","NRCAM","Q92823",2,1726,4,0.09,0.859,2,78.9562778544666,2.47074467496978,"up_reg",323
"160","HTR3A","P46098",2,0,1,0.422,0.858,2,83.464506789649,10.5981628556329,"up_reg",265
"161","PROM1","O43490",2,335,2,0.171,0.857,2,85.8976762211173,5.86853856446829,"up_reg",2840
"162","SLC7A7","Q9UM01",2,0,1,0.011,0.853,1,83.5191900784612,2.18412391125144,"up_reg",198
"163","ARFGEF3","Q5TH69",2,0,1,0.051,0.852,3,65.4815090758097,3.12177472337523,"up_reg",16
"164","CACNA1A","O00555",2,4536,3,0.201,0.851,2,57.9753587049419,2.2321746678808,"up_reg",1045
"165","CXXC5","Q7LFL8",2,0,1,0.11,0.849,1,60.7596608695652,4.4233343546968,"up_reg",99
"166","BUB1B","O60566",2,3360,6,0.211,0.846,2,64.7205771748185,4.32017877103178,"up_reg",471
"167","GRIN2D","O15399",2,0,2,0.143,0.846,3,64.0020888757513,3.11609098657287,"up_reg",93
"168","USP43","Q70EL4",2,470,2,0.025,0.846,2,61.36800578369,3.73977521353713,"up_reg",14
"169","LAMB3","Q13751",2,0,1,0.212,0.844,2,78.1076788482835,4.68545412515023,"up_reg",288
"170","POSTN","Q15063",2,0,1,0.152,0.839,2,80.2447757779134,2.93774129267329,"up_reg",1643
"171","SLC2A1","P11166",2,2279,3,0.19,0.839,1,89.6153121720881,3.44226214507787,"up_reg",3562
"172","CCNO","P22674",2,761,3,0.405,0.838,2,79.7310232383808,2.66307382973929,"up_reg",142
"173","ASPM","Q8IZT6",2,8922,4,0.121,0.835,1,67.4665928669883,4.31224278349095,"up_reg",510
"174","DNAH5","Q8TE73",24,0,1,0.335,0.834,3,83.362038335256,3.82865082099979,"up_reg",183
"175","LRP2","P98164",2,761,2,0.105,0.834,5,80.7960284523378,4.92729720940099,"up_reg",452
"176","IL27RA","Q6UWB1",2,761,2,0.336,0.833,1,79.0211034060779,2.95347774352321,"up_reg",214
"177","LAMA5","O15230",2,3467,4,0.204,0.833,5,78.9432836520435,2.24471894428841,"up_reg",154
"178","TYMP","P19971",46,0,1,0.402,0.833,2,93.0189263278127,2.64830566395106,"up_reg",270
"179","CX3CR1","P49238",2,1960,6,0.114,0.832,2,80.2181709880869,4.7254710380759,"up_reg",3143
"180","WNT7B","P56706",2,0,1,0.461,0.832,2,89.5617212518195,7.35372681455043,"up_reg",427
"181","MRPL47","Q9HD33",2,1164,3,0.233,0.83,1,84.3708369408369,2.12531264035094,"up_reg",12
"182","TMC6","Q7Z403",2,761,2,0.125,0.83,6,72.5528661616162,2.97755918922564,"up_reg",76
"183","IRF6","O14896",2,90,2,0.289,0.829,1,74.1785691361327,3.54021462925315,"up_reg",507
"184","FSBP","O95073",2,0,1,0.297,0.828,1,70.0311998361998,2.91409246352383,"up_reg",58
"185","RET","P07949",2,3789,4,0.127,0.827,1,79.442057208238,2.80180124324083,"up_reg",11194
"186","CENPF","P49454",2,10672,3,0.372,0.826,1,72.0016993930739,4.30293483867384,"up_reg",385
"187","GJB3","O75712",2,761,2,0.462,0.826,4,79.180516605166,6.36012255781611,"up_reg",328
"188","KCNJ12","Q14500",2,0,1,0.16,0.823,2,81.2105316676351,2.05014771751451,"up_reg",50
"189","LAMC2","Q13753",2,0,1,0.153,0.822,1,74.8619472127916,4.99782465523105,"up_reg",472
"190","LRP2","P98164",2,761,2,0.226,0.822,1,82.6140091743119,4.92729720940099,"up_reg",452
"191","FAM3B","P58499",30,0,1,0.319,0.821,2,93.0962739726027,6.05544859180192,"up_reg",64
"192","UPK3B","Q9BT76",2,0,1,0.394,0.821,1,52.8973274780427,4.39177358740339,"up_reg",21
"193","ASPM","Q8IZT6",2,8922,4,0.163,0.82,2,68.8386483283961,4.31224278349095,"up_reg",510
"194","BCL2L1","Q07817",2,2177,5,0.269,0.82,1,73.636050054407,2.25629413971994,"up_reg",8522
"195","ADGRE2","Q9UHX3",2,0,1,0.306,0.819,2,79.2314091627172,2.1476554845438,"up_reg",49
"196","NDUFB11","Q9NX14",2,0,1,0.41,0.818,1,78.6316939443535,2.03789184127048,"up_reg",35
"197","RASAL1","O95294",2,0,1,0.12,0.818,3,88.5874731352718,6.25705429612222,"up_reg",78
"198","CYC1","P08574",2,0,1,0.109,0.817,1,86.3844046661303,2.33138278372459,"up_reg",883
"199","CENPA","P49450",2,17610,6,0.14,0.815,2,82.0783628318584,6.05972346546089,"up_reg",1089
"200","BMP7","P18075",12,7,3,0.232,0.814,2,76.7069445242886,7.15781996262168,"up_reg",3269
"201","KIF20A","O95235",2,24557,13,0.333,0.814,3,67.3045557924662,5.65731903440043,"up_reg",301
"202","DSP","P15924",2,2832,2,0.471,0.813,1,76.5758148306901,4.71694329400883,"up_reg",5445
"203","CXCL16","Q9H2A7",2,40,2,0.204,0.808,2,65.9756153050672,3.36644555807246,"up_reg",927
"204","FBN3","Q75N90",12,0,1,0.154,0.808,1,75.0696764252696,5.05406508485697,"up_reg",53
"205","RYR1","P21817",2,1899,4,0.422,0.808,6,80.584273419991,3.08648204562506,"up_reg",7993
"206","DNAH3","Q8TD57",24,0,1,0.199,0.807,4,87.745115370962,3.64248377697002,"up_reg",16
"207","LAMA5","O15230",2,3467,4,0.15,0.804,1,81.6785118626956,2.24471894428841,"up_reg",154
"208","ASPM","Q8IZT6",2,8922,4,0.163,0.803,2,63.4932934706704,4.31224278349095,"up_reg",510
"209","TRPV4","Q9HBA0",2,761,2,0.132,0.803,5,72.000326259564,3.17743377061385,"up_reg",2211
"210","DNAH5","Q8TE73",24,0,1,0.137,0.802,1,88.5323372691493,3.82865082099979,"up_reg",183
"211","SMAD1","Q15797",2,0,1,0.24,0.801,1,81.7802447647539,2.10585340244314,"up_reg",3204
"212","ALG3","Q92685",6,0,1,0.084,0.8,1,89.1900450958286,2.83931986272263,"up_reg",131
"213","LRRC46","Q96FV0",2,0,1,0.095,0.8,1,64.78599677159,2.51356870023995,"up_reg",7
"214","NOTUM","Q6P988",2,0,1,0.466,0.8,1,84.5899182213136,7.91785977638733,"up_reg",341
"215","TPM3","P06753",2,8572,8,0.348,0.799,1,91.788884064264,2.20175781989341,"up_reg",485
"216","TREM2","Q9NZC2",2,0,2,0.411,0.799,1,77.0499219620959,3.81861349722973,"up_reg",1706
"217","MUC16","Q8WXI7",2,1521,3,0.18,0.798,1,55.9683919501677,8.4760376195083,"up_reg",1352
"218","NRAS","P01111",2,8745,6,0.256,0.798,1,92.2966778975741,2.1151686757456,"up_reg",7121
"219","NKG7","Q16617",2,0,1,0.27,0.797,1,86.5026484751204,3.34808877278331,"up_reg",82
"220","SLC12A5","Q9H2X9",42,0,1,0.167,0.797,3,78.7392909563058,2.76401701419721,"up_reg",143
"221","BRCA2","P51587",2,32217,9,0.083,0.796,1,65.838077675904,2.24511924962478,"up_reg",14293
"222","VANGL1","Q8TAA9",2,4805,6,0.038,0.796,2,75.8569196217494,2.70660188255049,"up_reg",163
"223","DAPP1","Q9UN19",2,0,1,0.046,0.794,1,79.2717305151915,3.77173554268586,"up_reg",58
"224","B3GNT3","Q9Y2A9",2,3789,3,0.149,0.793,1,88.4237204658902,7.46035982931274,"up_reg",42
"225","DSC3","Q14574",2,0,1,0.135,0.793,1,74.8126199629788,2.16038525997905,"up_reg",181
"226","RTKN","Q9BST9",2,0,1,0.115,0.793,1,72.7382223232553,2.65668753981019,"up_reg",69
"227","CENPF","P49454",2,10672,3,0.307,0.792,6,71.5561330839123,4.30293483867384,"up_reg",385
"228","SECTM1","Q8WVN6",2,0,1,0.407,0.792,1,75.4174882013634,2.26884320046936,"up_reg",26
"229","SCARA3","Q6AZY7",50,0,1,0.222,0.79,4,71.0654396325459,2.62548015251553,"up_reg",53
"230","AURKB","Q96GD4",2,7020,6,0.06,0.789,2,79.8540354046243,5.58270160022638,"up_reg",1367
"231","PIPOX","Q9P0Z9",2,453,2,0.845,0.789,3,94.4158505154639,3.10442106370383,"up_reg",59
"232","FUT1","P19526",32,0,1,0.333,0.788,1,88.460013726836,2.67723904940767,"up_reg",317
"233","KRT86","O43790",2,13,5,0.408,0.788,4,75.5574161524014,5.65035744392588,"up_reg",27
"234","ACTR3C","Q9C0K3",2,0,1,0.04,0.786,1,88.1126029850746,2.00005003142745,"up_reg",2
"235","MX2","P20592",2,0,1,0.177,0.784,1,78.0171242849714,2.75554339442457,"up_reg",1098
"236","RYR1","P21817",2,1899,4,0.176,0.784,3,82.3021539987377,3.08648204562506,"up_reg",7993
"237","TIMELESS","Q9UNS1",2,2280,6,0.482,0.784,2,75.0644755459859,2.41425285470818,"up_reg",1146
"238","BRCA2","P51587",2,32217,9,0.066,0.783,2,62.0825062859195,2.24511924962478,"up_reg",14293
"239","FCER1G","P30273",2,1521,4,0.48,0.783,1,72.3376617647059,3.25347729057334,"up_reg",173
"240","LAMA5","O15230",2,3467,4,0.102,0.782,2,78.1302530086231,2.24471894428841,"up_reg",154
"241","CDC25C","P30307",2,0,1,0.362,0.777,1,64.1824899598394,6.22777169867298,"up_reg",1461
"242","RAB27B","O00194",2,0,1,0.07,0.777,1,86.799005205321,2.8863971221022,"up_reg",230
"243","DNAH5","Q8TE73",24,0,1,0.23,0.776,2,85.0403760545683,3.82865082099979,"up_reg",183
"244","HLA-DPA1","P20036",2,40869,5,0.282,0.776,1,90.6430843373494,3.5252340993822,"up_reg",363
"245","PIGR","P01833",35,0,1,0.017,0.776,1,77.2179146029035,3.97511470184832,"up_reg",702
"246","CHAC1","Q9BUX1",17,0,1,0.391,0.775,1,86.1663879210221,2.9014239973581,"up_reg",155
"247","TNFSF15","O95150",2,0,1,0.272,0.775,2,82.1139240506329,4.283945608803,"up_reg",467
"248","CCR5","P51681",2,119,2,0.253,0.774,1,85.2943881118881,2.42044534694695,"up_reg",10827
"249","GZMB","P10144",2,2279,3,0.347,0.774,1,92.5204470709147,4.08341402387545,"up_reg",2459
"250","FGF18","O76093",2,620,2,0.38,0.771,2,87.6706049822064,5.95736438070455,"up_reg",396
"251","ST14","Q9Y5Y6",51,0,1,0.16,0.771,2,81.2573001802885,7.15820785833247,"up_reg",577
"252","WDR62","O43379",2,0,1,0.088,0.77,2,61.3650231402125,3.04128880791156,"up_reg",124
"253","ASPM","Q8IZT6",2,8922,4,0.107,0.769,2,62.0182791688865,4.31224278349095,"up_reg",510
"254","CENPF","P49454",2,10672,3,0.416,0.769,3,73.1536007249142,4.30293483867384,"up_reg",385
"255","PLEKHH1","Q9ULM0",2,0,1,0.175,0.767,2,70.1818466898955,2.35035662723609,"up_reg",4
"256","FZD2","Q14332",2,1521,3,0.544,0.766,4,84.4377733065057,2.64965293331483,"up_reg",254
"257","LGR5","O75473",37,3,2,0.267,0.766,4,80.7447220247405,3.9465164796558,"up_reg",2020
"258","ORC1","Q13415",2,2071,4,0.154,0.765,1,67.9746077283372,2.78779920829529,"up_reg",375
"259","ALPL","P05186",2,0,1,0.37,0.761,2,93.7540709501364,4.45598263538259,"up_reg",1060
"260","ANLN","Q9NQW6",2,10469,5,0.121,0.76,1,59.8741904323827,3.45595843877537,"up_reg",227
"261","PAK6","Q9NQU5",2,0,1,0.452,0.76,4,67.0749819357292,3.38962359477836,"up_reg",123
"262","TUBA1B","P68363",2,117,2,0.192,0.76,2,92.2570836879433,2.28788199315808,"up_reg",57
"263","LYN","P07948",2,49848,19,0.072,0.759,1,83.7266998060136,2.49833027134025,"up_reg",3594
"264","SLC7A11","Q9UPY5",2,761,2,0.376,0.758,3,86.6098338020966,2.10635313392031,"up_reg",1518
"265","ASPM","Q8IZT6",2,8922,4,0.305,0.756,1,71.8200900482733,4.31224278349095,"up_reg",510
"266","THY1","P04216",2,761,2,0.334,0.756,1,83.0566693163752,3.08684632737811,"up_reg",6210
"267","LMNB1","P20700",2,325,2,0.275,0.754,2,82.6346633684663,3.28859187152137,"up_reg",199
"268","NDUFB7","P17568",2,0,1,0.266,0.753,1,88.932700348432,2.0550406784718,"up_reg",31
"269","CCR1","P32246",2,719,3,0.143,0.752,1,83.1143567753002,2.53896013623434,"up_reg",1807
"270","LRP2","P98164",2,761,2,0.224,0.752,1,87.3805368334999,4.92729720940099,"up_reg",452
"271","MSR1","P21757",2,2506,6,0.363,0.749,1,71.9868374356039,2.51458458194264,"up_reg",611
"272","EYA2","O00167",28,2,2,0.223,0.748,1,69.0361691423095,6.53663331506759,"up_reg",130
"273","RYR1","P21817",2,1899,4,0.194,0.748,1,75.7985150960659,3.08648204562506,"up_reg",7993
"274","CD180","Q99467",15,0,1,0.355,0.747,1,93.2392835249042,3.30175270448349,"up_reg",151
"275","CENPL","Q8N0S6",2,4202,4,0.229,0.746,2,83.6504654545455,2.32180855047832,"up_reg",22
"276","AMN","Q9BXJ7",2,0,1,0.32,0.745,1,80.9399048185604,5.03154243071733,"up_reg",1960
"277","CBLC","Q9ULV8",2,102,2,0.215,0.744,1,81.1617728381675,8.00864960168605,"up_reg",381
"278","TXK","P42681",2,1520,2,0.21,0.743,1,80.4047341537033,2.72345979505314,"up_reg",90
"279","LRP2","P98164",2,761,2,0.346,0.742,1,82.3305855359765,4.92729720940099,"up_reg",452
"280","CENPE","Q02224",2,1501,4,0.304,0.741,2,72.4408738281586,2.84735478023687,"up_reg",436
"281","ACOT4","Q8N9L9",3,0,1,0.14,0.74,1,96.4605995717345,2.82872519368562,"up_reg",23
"282","RGS19","P49795",2,0,1,0.119,0.74,2,79.4762775842044,3.52470063037296,"up_reg",63
"283","ASB9","Q96DX5",8,1,2,0.225,0.738,1,92.2238495971352,2.35507174484412,"up_reg",31
"284","UNC5A","Q6ZN44",2,0,1,0.108,0.737,1,78.2555968210301,5.87799890255257,"up_reg",71
"285","SPTBN2","O15020",2,4273,4,0.242,0.736,3,76.775214383059,4.48100600973776,"up_reg",98
"286","CD109","Q6YHK3",2,761,2,0.287,0.734,2,81.3754673102238,2.78185253151649,"up_reg",265
"287","FUT3","P21217",30,0,1,0.263,0.734,2,90.5942205833054,4.9217156755196,"up_reg",215
"288","DNAH3","Q8TD57",24,0,1,0.165,0.733,3,84.8697684117125,3.64248377697002,"up_reg",16
"289","DSP","P15924",2,2832,2,0.212,0.733,3,80.8030049830931,4.71694329400883,"up_reg",5445
"290","ALDH3B2","P48448",5,0,2,0.218,0.732,2,94.9848566666667,8.9697816547395,"up_reg",26
"291","BTC","P35070",2,2783,3,0.29,0.731,1,72.3894314868805,2.70371813822304,"up_reg",3190
"292","NDUFA3","O95167",2,0,1,0.274,0.73,1,96.8449847560976,2.07388431037714,"up_reg",15
"293","CFAP45","Q9UL16",2,1552,5,0.131,0.728,3,74.8098890580814,2.22699020962974,"up_reg",15
"294","RYR1","P21817",2,1899,4,0.067,0.728,2,74.3130361533558,3.08648204562506,"up_reg",7993
"295","BCAM","P50895",2,0,1,0.182,0.725,3,84.5844937645318,4.41596453751323,"up_reg",425
"296","CNIH2","Q6PI25",2,19080,5,0.314,0.723,2,87.253868065967,2.69059574708818,"up_reg",37
"297","KRT8","P05787",2,4632,6,0.432,0.721,1,76.3267437533227,6.48990262891332,"up_reg",425
"298","OSM","P13725",2,1111,2,0.107,0.721,1,79.6290781563126,2.17352600480404,"up_reg",3150
"299","MUC16","Q8WXI7",2,1521,3,0.177,0.72,2,77.3666569129481,8.4760376195083,"up_reg",1352
"300","MMP9","P14780",2,4920,4,0.191,0.717,2,82.256276634164,5.23794911237273,"up_reg",34223
"301","POLQ","O75417",2,0,2,0.104,0.717,1,59.4862674012494,3.98841117742391,"up_reg",184
"302","MGST2","Q99735",39,0,1,0.33,0.715,1,93.9406627017842,2.02618030812798,"up_reg",69
"303","ATP6V0E2","Q8NHE4",2,1521,3,0.416,0.712,1,94.3748466257669,2.42726272713362,"up_reg",8
"304","CACNG4","Q9UBN1",2,5285,2,0.125,0.712,1,65.7244111931597,6.96710652009178,"up_reg",36
"305","KPNA2","P52292",2,2308,5,0.024,0.711,1,86.1073162939297,3.9538994868373,"up_reg",312
"306","SHCBP1","Q8NEM2",2,0,1,0.18,0.711,1,73.6964627259036,2.98045115675386,"up_reg",65
"307","GPR19","Q15760",27,0,1,0.271,0.708,2,74.7701248142645,5.1973184349248,"up_reg",30
"308","SPC25","Q9HBM1",2,0,1,0.39,0.708,1,90.2554752851711,4.34978779186572,"up_reg",106
"309","FAM166B","A8MTA8",2,0,6,0.11,0.707,1,69.273331792976,3.01462189455132,"up_reg",4
"310","FANCA","O15360",2,2277,2,0.135,0.707,1,74.565869508254,2.59656242854582,"up_reg",687
"311","CMPK2","Q5EBM0",21,0,1,0.064,0.706,2,87.3101898188093,3.1138075379301,"up_reg",67
"312","PERP","Q96FX8",2,31898,6,0.129,0.705,1,82.3515537848606,3.21124891230294,"up_reg",673
"313","FOXM1","Q08050",2,1527,4,0.173,0.701,1,51.0762881727687,5.31059059299103,"up_reg",2251
"314","CRB3","Q9BUF7",2,0,1,0.297,0.7,1,70.3484105960265,6.17886683198301,"up_reg",484
"315","DNAH3","Q8TD57",24,0,1,0.127,0.7,3,86.0321524543175,3.64248377697002,"up_reg",16
"316","FBN2","P35556",12,7,3,0.177,0.7,2,74.8867280534351,2.52152392773765,"up_reg",313
"317","CCNB1","P14635",2,76783,14,0.078,0.699,1,77.7724150162578,3.78435336147646,"up_reg",2285
"318","CD6","P30203",2,0,1,0.079,0.699,1,66.6978888888889,2.14149716735882,"up_reg",697
"319","CD7","P09564",2,1521,3,0.383,0.699,2,77.623121841662,2.75189984066599,"up_reg",2691
"320","FYB1","O15117",2,0,1,0.418,0.698,1,58.3922914589565,2.50394998337374,"up_reg",86
"321","EGLN3","Q9H6Z9",2,0,1,0.068,0.697,3,91.5609176225235,3.19353973480403,"up_reg",295
"322","NCAPD2","Q15021",2,0,3,0.115,0.697,1,79.987350807183,2.56056227291063,"up_reg",36
"323","PLPP2","O43688",45,1,2,0.205,0.694,1,85.8527098738582,3.84363375543296,"up_reg",14
"324","STIL","Q15468",2,0,1,0.163,0.693,1,53.6494972568579,3.51985459656571,"up_reg",469
"325","CD8A","P01732",2,558,3,0.263,0.692,1,79.2366482606295,2.12358975828351,"up_reg",573
"326","IL1RAP","Q9NPH3",2,0,1,0.211,0.692,1,86.224842699067,3.03082888443695,"up_reg",257
"327","DNAH5","Q8TE73",24,0,1,0.169,0.69,3,86.6525684079602,3.82865082099979,"up_reg",183
"328","LDHA","P00338",2,0,2,0.089,0.69,1,96.0605007763975,2.19533633652155,"up_reg",2225
"329","TNFRSF11B","O00300",2,0,1,0.349,0.688,1,87.0087337057728,4.46960555494719,"up_reg",2628
"330","CSPG5","O95196",2,0,1,0.081,0.686,1,52.8866974869606,4.42914939416904,"up_reg",42
"331","GRIN2A","Q12879",2,4542,3,0.064,0.686,1,60.4192685655279,3.73712654559991,"up_reg",429
"332","NCAPH","Q15003",2,0,3,0.198,0.683,1,60.7197876747799,5.18854395055169,"up_reg",71
"333","RAB6B","Q9NRW1",2,0,1,0.239,0.683,1,86.024744835966,2.33245040275961,"up_reg",35
"334","SKA3","Q8IX90",2,4414,4,0.354,0.683,1,64.7586888273315,5.66207882133041,"up_reg",97
"335","LAMA5","O15230",2,3467,4,0.157,0.682,2,80.8888927893738,2.24471894428841,"up_reg",154
"336","ATP2B2","Q01814",2,0,1,0.151,0.681,2,73.9486348016245,4.50706319488459,"up_reg",155
"337","DNAH3","Q8TD57",24,0,1,0.134,0.681,1,85.2285164102108,3.64248377697002,"up_reg",16
"338","KCP","Q6ZWJ8",12,0,1,0.112,0.681,2,72.935410745234,4.9459150674452,"up_reg",315
"339","LRP2","P98164",2,761,2,0.348,0.681,2,78.3482403314917,4.92729720940099,"up_reg",452
"340","PIK3CG","P48736",2,9360,4,0.145,0.681,2,88.4205153828879,2.09893436728226,"up_reg",562
"341","LAMA5","O15230",2,3467,4,0.061,0.679,2,75.2661202964652,2.24471894428841,"up_reg",154
"342","BRCA2","P51587",2,32217,9,0.092,0.678,3,62.8549091072714,2.24511924962478,"up_reg",14293
"343","CCDC6","Q16204",2,0,1,0.565,0.678,2,76.0367961425127,2.12628907140621,"up_reg",199
"344","USP18","Q9UMW8",2,0,1,0.065,0.678,1,84.0559308510638,3.39227954971097,"up_reg",351
"345","RYR1","P21817",2,1899,4,0.064,0.677,3,82.117361346034,3.08648204562506,"up_reg",7993
"346","TRIP13","Q15645",2,1521,3,0.249,0.677,2,86.9794004094765,3.84827973773235,"up_reg",197
"347","HAVCR2","Q8TDQ0",2,1520,2,0.115,0.676,2,71.8575596252129,2.59416377800519,"up_reg",1252
"348","ASPM","Q8IZT6",2,8922,4,0.448,0.675,3,63.9280011713521,4.31224278349095,"up_reg",510
"349","BCAT1","P54687",10,0,1,0.358,0.674,1,95.0059483614697,2.6145311875867,"up_reg",265
"350","PKMYT1","Q99640",2,16270,3,0.142,0.674,1,75.590281030445,5.61800742450869,"up_reg",107
"351","WNT10A","Q9GZT5",2,0,1,0.1,0.672,1,80.8338603506613,7.18290504511989,"up_reg",400
"352","ASPM","Q8IZT6",2,8922,4,0.197,0.67,3,66.2575664052618,4.31224278349095,"up_reg",510
"353","CENPE","Q02224",2,1501,4,0.308,0.67,2,71.0705068277311,2.84735478023687,"up_reg",436
"354","LAMA5","O15230",2,3467,4,0.172,0.67,2,84.3548127784624,2.24471894428841,"up_reg",154
"355","SELL","P14151",2,714,2,0.321,0.67,1,85.3251642397562,2.65541259067299,"up_reg",6836
"356","DLGAP5","Q15398",2,4794,4,0.128,0.669,1,56.3710199490026,5.30258514728817,"up_reg",180
"357","DNAH5","Q8TE73",24,0,1,0.383,0.669,1,84.2665679473497,3.82865082099979,"up_reg",183
"358","RAD54L","Q92698",2,0,1,0.171,0.669,1,80.5122278481013,4.20912354643766,"up_reg",180
"359","APBB1IP","Q7Z5R6",2,5286,3,0.28,0.668,1,73.4402308438409,2.1454255331999,"up_reg",56
"360","DNAH3","Q8TD57",24,0,1,0.115,0.668,1,84.6808236865539,3.64248377697002,"up_reg",16
"361","HDAC9","Q9UKV0",2,8,6,0.104,0.668,2,64.4192630501535,2.31391346333568,"up_reg",455
"362","KIF4A","O95239",2,1470,2,0.244,0.668,3,72.1712231759657,5.15308716497246,"up_reg",226
"363","MRPS12","O15235",2,1743,3,0.312,0.667,1,87.3524056603774,2.44636051467804,"up_reg",14
"364","TMEM102","Q8N9M5",48,0,1,0.236,0.666,1,74.646459806232,3.55387174039135,"up_reg",5
"365","CAPG","P40121",2,0,1,0.313,0.665,1,86.7052873986735,3.38751900394115,"up_reg",249
"366","DNAH3","Q8TD57",24,0,1,0.199,0.662,1,78.2948199226985,3.64248377697002,"up_reg",16
"367","FBN2","P35556",12,7,3,0.076,0.662,1,73.4549370886566,2.52152392773765,"up_reg",313
"368","FOLR1","P15328",2,608,4,0.09,0.662,1,91.1136580706781,9.61044422514797,"up_reg",357
"369","RAB3D","O95716",48,0,1,0.185,0.662,2,85.1536789689514,2.74045310237845,"up_reg",166
"370","COX5A","P20674",2,14138,6,0.376,0.66,1,88.1096183206107,2.57844687239381,"up_reg",134
"371","TREM1","Q9NP99",2,0,1,0.034,0.66,1,71.4291325431034,3.02581247347926,"up_reg",1118
"372","RYR1","P21817",2,1899,4,0.105,0.659,3,81.1229611086276,3.08648204562506,"up_reg",7993
"373","TUBB4B","P68371",2,4864,8,0.258,0.659,2,92.0280377574371,2.05997595210382,"up_reg",44
"374","XRCC2","O43543",2,761,5,0.516,0.659,1,87.09828125,3.23628987948974,"up_reg",430
"375","MCM4","P33991",2,9512,9,0.217,0.658,3,73.7432969464523,2.74341946102439,"up_reg",448
"376","NEK2","P51955",2,7688,2,0.136,0.658,2,78.7481933351694,6.92141406406841,"up_reg",489
"377","TLR7","Q9NYK1",54,0,1,0.198,0.657,4,87.5433407703147,3.80629361792324,"up_reg",4757
"378","LAMA5","O15230",2,3467,4,0.026,0.656,1,82.8635124123555,2.24471894428841,"up_reg",154
"379","TPX2","Q9ULW0",2,761,2,0.402,0.656,1,64.2385140295534,6.26336216627762,"up_reg",684
"380","CHST4","Q8NCG5",18,0,1,0.363,0.655,2,90.7722761664565,5.1715048309798,"up_reg",34
"381","NCAPG","Q9BPX3",2,0,3,0.163,0.655,1,82.5022967581047,4.80285893404349,"up_reg",252
"382","BAK1","Q16611",2,2279,3,0.535,0.654,2,81.5439745916515,2.27392610479204,"up_reg",1896
"383","SHISA9","B4DS77",2,0,1,0.277,0.654,1,56.9548785670917,5.72073568525763,"up_reg",18
"384","HLA-DRA","P01903",2,0,4,0.277,0.653,1,89.585865479723,3.99424348071402,"up_reg",1221
"385","MYB","P10242",2,0,1,0.162,0.652,1,59.1985935965429,5.71261250488812,"up_reg",9106
"386","RNF43","Q68DV7",37,0,3,0.124,0.651,1,54.6022126389119,2.42571355580948,"up_reg",369
"387","ROMO1","P60602",2,636,2,0.413,0.649,3,78.1310854092527,2.15927697487903,"up_reg",115
"388","TMEM63C","Q9P1W3",2,0,1,0.125,0.649,1,74.5734985555725,3.49001888338458,"up_reg",12
"389","DLGAP3","O95886",2,0,1,0.282,0.648,1,50.7010850636303,3.77535948831753,"up_reg",25
"390","PARD6B","Q9BYG5",2,3192,2,0.345,0.647,1,71.2440158566012,3.3045142975632,"up_reg",40
"391","COL13A1","Q5TAT6",1,0,2,0.197,0.646,1,57.9746266531027,2.87054376407858,"up_reg",75
"392","AQP5","P55064",2,761,2,0.392,0.643,1,93.5050600600601,7.96878865642085,"up_reg",1158
"393","FOLH1","Q04609",2,2288,4,0.322,0.643,1,94.0139711796247,2.14455976959988,"up_reg",1490
"394","PCNA","P12004",2,4677,7,0.569,0.642,1,94.3301493280239,2.1049832730792,"up_reg",25415
"395","CDR2L","Q86X02",2,0,1,0.434,0.641,2,74.2011666666667,3.69110977946162,"up_reg",26
"396","DMTN","Q08495",2,0,1,0.221,0.641,1,64.6346295717412,3.09824369349929,"up_reg",60
"397","IGF2BP2","Q9Y6M1",2,761,2,0.107,0.64,1,77.7524737180863,2.40147913004399,"up_reg",650
"398","RAD51","Q06609",2,4984,5,0.282,0.64,1,91.5906682116647,3.62587004594514,"up_reg",5831
"399","ADD2","P35612",2,761,2,0.203,0.639,4,66.2712014820042,3.97866566487399,"up_reg",80
"400","DSP","P15924",2,2832,2,0.4,0.639,1,76.9987516176344,4.71694329400883,"up_reg",5445
"401","CLDN10","P78369",2,8628,9,0.4,0.636,1,79.6963308095515,6.28349666359704,"up_reg",99
"402","GINS4","Q9BRT9",2,0,2,0.324,0.635,1,90.748319649699,2.57532239634683,"up_reg",36
"403","EPPK1","P58107",2,0,1,0.182,0.634,2,80.5469190528634,6.9413260475035,"up_reg",38
"404","GPRIN2","O60269",2,0,1,0.172,0.634,1,50.2825941548659,4.76908353582679,"up_reg",23
"405","TEC","P42680",2,2277,4,0.096,0.634,1,85.8854218961189,2.32934118021288,"up_reg",6593
"406","CD2","P06729",2,97,4,0.375,0.633,2,78.2975917926566,3.17759407530838,"up_reg",18110
"407","MYBL2","P10244",2,0,1,0.066,0.633,1,58.4505143475907,6.93957123008219,"up_reg",478
"408","CD24","P25063",2,0,1,0.228,0.632,1,63.8901060070671,8.7136931837193,"up_reg",4011
"409","CDK2AP1","O14519",16,0,1,0.451,0.632,1,76.3677598152425,3.23091298160326,"up_reg",92
"410","KCNN4","O15554",2,761,2,0.429,0.632,1,84.8505162638019,3.8869668019744,"up_reg",641
"411","SLC44A4","Q53GD3",2,0,1,0.128,0.632,1,83.7654938160961,4.64224935002924,"up_reg",56
"412","CLDN3","O15551",2,669,5,0.271,0.631,1,81.4275857843137,10.441852118067,"up_reg",485
"413","KRT6A","P02538",2,969,5,0.307,0.631,1,69.5078710289237,3.04142464203303,"up_reg",196
"414","L1CAM","P32004",2,5550,4,0.068,0.631,1,79.3527939240506,3.82369943177952,"up_reg",2439
"415","NETO2","Q8NC67",42,0,1,0.302,0.631,1,72.4228047024952,2.07996706205972,"up_reg",77
"416","SYNE4","Q8N205",11,0,1,0.168,0.628,1,57.7824567699837,4.10910223157216,"up_reg",9
"417","DNAH5","Q8TE73",24,0,1,0.404,0.627,2,87.625687427604,3.82865082099979,"up_reg",183
"418","CCL4","P13236",2,2410,3,0.27,0.626,1,88.9764185393258,3.21366691788253,"up_reg",14603
"419","KRT17","Q04695",2,81,3,0.276,0.626,1,79.6090828138914,6.22892516496418,"up_reg",271
"420","PLAU","P00749",2,998,3,0.414,0.626,1,82.3034746760895,3.72747719245806,"up_reg",569
"421","RIBC2","Q9H4K1",2,2064,7,0.365,0.625,1,86.7487370730179,3.93940833294115,"up_reg",11
"422","RMI2","Q96E14",2,2582,7,0.286,0.624,1,89.8118485121731,2.70239861951331,"up_reg",75
"423","H3C10","P68431",2,0,3,0.351,0.623,1,87.2869195189639,2.68819996334474,"up_reg",0
"424","H3C8","P68431",2,11,3,0.351,0.623,1,87.2869195189639,7.8784206700708,"up_reg",0
"425","PCP4","P48539",44,0,1,0.348,0.623,1,77.7962315789474,3.57294415656653,"up_reg",144
"426","NUF2","Q9BZD4",2,0,1,0.317,0.622,2,89.4283280839895,4.63657960799411,"up_reg",201
"427","ACKR2","O00590",2,3092,3,0.22,0.621,2,80.0169468882372,4.23719679133323,"up_reg",100
"428","DNAH5","Q8TE73",24,0,1,0.238,0.621,1,83.6195726801359,3.82865082099979,"up_reg",183
"429","ALK","Q9UM73",2,761,2,0.087,0.62,3,67.2764660805034,4.19404844378352,"up_reg",14702
"430","CABP4","P57796",2,0,1,0.276,0.62,1,66.1006935332709,2.56805053435836,"up_reg",49
"431","C1QC","P02747",2,940,2,0.29,0.619,1,81.1674174008811,2.92781030408755,"up_reg",159
"432","MAL2","Q969L2",2,0,1,0.336,0.619,1,84.150243902439,8.53443725260021,"up_reg",176
"433","BLM","P54132",2,1899,5,0.161,0.616,1,60.9577520838935,3.66805888360273,"up_reg",5420
"434","CCND1","P24385",2,30015,9,0.313,0.616,2,88.5515780518928,3.54587885026254,"up_reg",6387
"435","DCTPP1","Q9H773",21,0,1,0.339,0.616,1,85.4051443768997,2.69762603341706,"up_reg",24
"436","SLC34A2","O95436",2,0,1,0.04,0.616,3,72.9698965387509,7.49359162333621,"up_reg",287
"437","CKAP2","Q8WWK9",19,0,1,0.332,0.615,2,59.5370678783383,2.95265073117791,"up_reg",74
"438","CENPN","Q96H22",2,0,2,0.3,0.612,1,86.2099712952996,2.36902852386686,"up_reg",68
"439","DNAH3","Q8TD57",24,0,1,0.286,0.612,4,84.6699973338073,3.64248377697002,"up_reg",16
"440","SLPI","P03973",2,0,1,0.442,0.612,1,84.3958763931104,7.84223927583054,"up_reg",928
"441","IL2RG","P31785",2,2925,4,0.234,0.609,1,76.8157961783439,2.14918270741596,"up_reg",1136
"442","BRCA2","P51587",2,32217,9,0.27,0.607,2,50.7637532832171,2.24511924962478,"up_reg",14293
"443","MPP7","Q5T2T1",2,322,2,0.114,0.606,1,81.0212730028145,2.48898875632301,"up_reg",39
"444","RYR1","P21817",2,1899,4,0.271,0.606,1,82.3923041186456,3.08648204562506,"up_reg",7993
"445","CD74","P04233",2,3917,5,0.198,0.605,1,70.6713779863481,3.87372221118729,"up_reg",1184
"446","CD96","P40200",2,0,1,0.113,0.605,1,66.5442355998268,2.03166367820989,"up_reg",234
"447","ESRP1","Q6NXG1",2,0,1,0.187,0.604,1,78.0681606168892,8.04237520150761,"up_reg",197
"448","IQGAP3","Q86VI3",2,0,1,0.181,0.604,2,79.626746793641,5.16331368687732,"up_reg",85
"449","CDK2AP2","O75956",16,0,1,0.476,0.603,1,75.7454793028323,2.12006966873169,"up_reg",40
"450","FBN3","Q75N90",12,0,1,0.161,0.603,1,71.8255268022181,5.05406508485697,"up_reg",53
"451","HOOK1","Q9UJC3",2,0,1,0.269,0.603,3,82.6753444782168,3.52955786747328,"up_reg",73
"452","VAV1","P15498",2,853,3,0.182,0.602,2,87.1454154603358,2.68034518974027,"up_reg",1025
"453","CCL4L2","Q8NHW4",2,0,1,0.14,0.601,1,90.2797042253521,2.12578619780793,"up_reg",18
"454","DSC2","Q02487",2,3552,2,0.275,0.6,1,76.5627940128297,5.33285969084887,"up_reg",297
"455","PYCR3","Q53H96",47,0,1,0.416,0.6,1,94.8127209186221,2.23958540535227,"up_reg",9
"456","CENPK","Q9BS16",2,0,3,0.253,0.599,1,81.7073108108108,3.36591767890758,"up_reg",50
"457","HOMER2","Q9NSB8",2,1521,3,0.431,0.599,2,89.1137232924694,3.17315810568532,"up_reg",101
"458","C1QA","P02745",2,1659,2,0.216,0.597,1,82.8722665210268,2.3095577586927,"up_reg",313
"459","RCOR2","Q8IZ40",2,0,1,0.11,0.597,1,68.123295816002,3.04602701674874,"up_reg",65
"460","UNC5B","Q8IZJ1",2,6797,4,0.216,0.597,1,77.9814525216435,2.18579276677065,"up_reg",231
"461","APOBEC3B","Q9UH17",2,0,1,0.283,0.593,1,88.3310271437384,4.13971156190388,"up_reg",399
"462","B3GNT2","Q9NY97",2,0,1,0.183,0.592,1,91.2820647149461,2.35397254677688,"up_reg",44
"463","KCNJ11","Q14654",2,0,1,0.126,0.592,1,84.5652303168899,2.94955400997794,"up_reg",1019
"464","RYR1","P21817",2,1899,4,0.19,0.592,1,83.9693973497913,3.08648204562506,"up_reg",7993
"465","CXCR3","P49682",2,1658,3,0.21,0.59,1,80.6454109828611,4.55732927587385,"up_reg",4275
"466","IFI44L","Q53G44",2,1520,3,0.257,0.59,1,86.3656951797158,2.14876231598398,"up_reg",185
"467","LRP2","P98164",2,761,2,0.244,0.59,1,81.8238128845458,4.92729720940099,"up_reg",452
"468","CASP8","Q14790",2,5020,5,0.223,0.589,2,81.490306780098,2.27528525405647,"up_reg",5488
"469","OAS2","P29728",19,2,3,0.27,0.588,1,87.7412699776594,4.20641944399629,"up_reg",278
"470","UBASH3B","Q8TF42",2,0,1,0.138,0.588,2,85.3686373411535,2.93706168945052,"up_reg",54
"471","CXCR4","P61073",2,10567,8,0.122,0.585,1,82.8083891660727,3.41529840039644,"up_reg",15921
"472","FBN2","P35556",12,7,3,0.118,0.585,1,70.3207792963071,2.52152392773765,"up_reg",313
"473","BCL11A","Q9H165",2,0,1,0.176,0.584,3,52.4647473008919,5.68151691486178,"up_reg",706
"474","NRARP","Q7Z6K4",2,1520,2,0.142,0.584,1,82.9288041002278,3.10549411845199,"up_reg",46
"475","RACGAP1","Q9H0H5",2,1421,5,0.133,0.584,2,69.8631812700965,3.46666814183268,"up_reg",173
"476","DSP","P15924",2,2832,2,0.224,0.581,1,80.1721034363068,4.71694329400883,"up_reg",5445
"477","H4C3","P62805",2,0,1,0.336,0.581,1,90.437525,6.93843805282812,"up_reg",4
"478","H4C8","P62805",2,5828,7,0.336,0.581,1,90.437525,2.77058619692237,"up_reg",3
"479","H4C9","P62805",2,13910,7,0.336,0.581,1,90.437525,4.24821254353718,"up_reg",1
"480","STAT1","P42224",2,28968,10,0.247,0.581,2,88.260738451529,2.02461568242654,"up_reg",12059
"481","CA9","Q16790",2,761,2,0.253,0.58,2,76.9837717546362,4.19825243607877,"up_reg",2015
"482","NOS1AP","O75052",2,0,1,0.211,0.579,1,66.1613466903373,2.42151043284578,"up_reg",221
"483","HLA-DRA","A0A0G2JMH6",2,0,4,0.196,0.578,1,89.9354104846687,3.99424348071402,"up_reg",1221
"484","SIGLEC14","Q08ET2",2,0,1,0.311,0.576,1,83.5395669036845,2.11913378858136,"up_reg",49
"485","CENPE","Q02224",2,1501,4,0.235,0.575,2,73.0695095601475,2.84735478023687,"up_reg",436
"486","RAD54B","Q9Y620",2,0,1,0.092,0.573,1,71.8059425096739,2.89428364125816,"up_reg",91
"487","GMNC","A6NCL1",2,0,1,0.28,0.572,1,59.652997754491,6.56708681388556,"up_reg",40
"488","GPSM3","Q9Y4H4",2,0,1,0.281,0.57,1,71.626796812749,2.0874008250878,"up_reg",18
"489","LTF","P02788",2,2076,3,0.41,0.569,1,95.0600127597521,5.5601564034537,"up_reg",1484
"490","FCGR1A","P12314",2,26802,5,0.35,0.568,2,84.9618617021277,3.117301677139,"up_reg",253
"491","HLA-DQA2","P01906",2,761,6,0.146,0.568,1,89.4776127724278,4.30540782035128,"up_reg",88
"492","ELMO3","Q96BJ8",2,0,1,0.169,0.567,2,89.1967652204339,3.01337985994319,"up_reg",22
"493","CLDN6","P56747",2,4049,7,0.114,0.566,1,80.7301104294478,12.4499024255865,"up_reg",114
"494","FBN2","P35556",12,7,3,0.126,0.565,1,75.5920811744387,2.52152392773765,"up_reg",313
"495","GZMA","P12544",2,0,1,0.34,0.564,2,91.4629437869823,2.55594925303373,"up_reg",557
"496","MARVELD2","Q8N4S9",2,3133,5,0.305,0.564,1,67.2056255526083,5.59291347377768,"up_reg",78
"497","P2RY6","Q15077",43,0,1,0.257,0.563,1,85.8976548500195,4.54691674144702,"up_reg",35
"498","E2F8","A0AVK6",2,0,1,0.14,0.562,1,53.6931614756577,6.36063489648634,"up_reg",151
"499","PACSIN1","Q9BY11",2,761,2,0.285,0.562,1,85.3939419318816,2.52460091787373,"up_reg",88
"500","RPS6KA1","Q15418",2,3340,3,0.06,0.562,3,77.4625317324185,2.99683580909704,"up_reg",451
"501","ENHO","Q6UWT2",27,0,1,0.408,0.561,2,75.1078198198198,3.53227661334286,"up_reg",183
"502","RSPO4","Q2I0M5",37,0,2,0.197,0.559,1,78.7371083012644,3.7390526084139,"up_reg",61
"503","DNAH5","Q8TE73",24,0,1,0.38,0.558,1,86.1050372297479,3.82865082099979,"up_reg",183
"504","DSCC1","Q9BVC3",2,0,1,0.206,0.558,1,92.165723830735,2.24359819610199,"up_reg",20
"505","KIF2C","Q99661",2,8668,7,0.07,0.558,2,74.6576222300387,4.50366121259805,"up_reg",295
"506","ZBP1","Q9H171",2,0,1,0.155,0.556,1,55.8427557603687,4.31514867931818,"up_reg",389
"507","TK1","P04183",2,28,2,0.284,0.554,2,82.3099831460674,5.56990724087294,"up_reg",778
"508","MAP4K1","Q92918",2,0,1,0.1,0.553,2,69.2882779597567,2.85979430620926,"up_reg",52
"509","NGEF","Q8N5V2",2,0,1,0.181,0.553,1,72.0130984455959,2.84924644357967,"up_reg",50
"510","EXO1","Q9UQ84",2,0,2,0.203,0.552,1,63.6393491751173,4.66540434156119,"up_reg",924
"511","SPN","P16150",2,0,1,0.297,0.552,1,53.319008147361,2.35655996701756,"up_reg",3261
"512","UBE2S","Q16763",2,77901,9,0.168,0.552,1,81.850285884455,2.7697283693837,"up_reg",116
"513","ALDH3B1","P43353",5,0,2,0.048,0.55,1,96.2688248215266,2.74979151816434,"up_reg",38
"514","MCM10","Q7L590",2,0,5,0.08,0.549,2,66.8889134545455,4.37652793965569,"up_reg",231
"515","PRKCQ","Q04759",2,0,1,0.202,0.549,2,79.854542603241,2.71162472990549,"up_reg",721
"516","BARX2","Q9UMQ3",2,0,1,0.238,0.548,1,66.3515560640732,7.02129812311912,"up_reg",61
"517","TNFRSF9","Q07011",2,761,2,0.306,0.548,2,81.7623076923077,5.50210154278368,"up_reg",554
"518","ERCC6L","Q2NKX8",2,761,2,0.048,0.546,1,62.794578920827,2.57125551475111,"up_reg",62
"519","ITGA3","P26006",2,2794,5,0.183,0.545,2,84.1693255275034,2.09043295576671,"up_reg",228
"520","MUC5B","Q9HC84",2,1020,3,1.024,0.544,1,81.8296381297019,5.737039441104,"up_reg",1207
"521","HLA-DMB","P28068",2,0,2,0.451,0.541,1,89.0459577603143,2.97387530372296,"up_reg",427
"522","MICB","Q29980",2,117,2,0.152,0.538,1,78.9788026755853,2.65389566896695,"up_reg",735
"523","PTPN3","P26045",2,0,1,0.087,0.538,1,73.6057011903133,2.86000923216685,"up_reg",82
"524","CITED4","Q96RK1",2,761,2,0.279,0.537,1,61.0645731707317,3.90287168652408,"up_reg",42
"525","ECT2","Q9H8V3",2,463,3,0.116,0.537,1,71.662188876652,4.58936618382743,"up_reg",384
"526","RYR1","P21817",2,1899,4,0.107,0.537,2,84.4873487239607,3.08648204562506,"up_reg",7993
"527","TTC30B","Q8N4P2",55,0,1,0.17,0.535,2,93.271462184874,2.93313875908399,"up_reg",4
"528","ALOX5AP","P20292",7,0,1,0.299,0.534,1,89.6076827371695,2.08212964925358,"up_reg",517
"529","THEM6","Q8WUY1",2,0,1,0.187,0.534,1,94.9329089827484,3.57871378321222,"up_reg",6
"530","SMC4","Q9NTJ3",2,4021,6,0.294,0.533,3,81.8996961192297,2.07439165921365,"up_reg",175
"531","MLF1","P58340",2,799,4,0.247,0.532,1,65.9437092264678,2.27892828227918,"up_reg",110
"532","NDC80","O14777",2,2922,3,0.161,0.532,2,78.6095798805165,4.04479455310838,"up_reg",592
"533","LSR","Q86X29",2,4740,5,0.029,0.531,2,57.3279613776628,5.01083549570792,"up_reg",1449
"534","EPPK1","P58107",2,0,1,0.206,0.53,2,83.0886545454545,6.9413260475035,"up_reg",38
"535","KRT18","P05783",2,5320,3,0.125,0.53,1,80.2997508896797,5.34170569963388,"up_reg",409
"536","LINGO1","Q96FE5",2,0,1,0.222,0.53,2,86.9701849217639,3.39846279150944,"up_reg",268
"537","TYMS","P04818",2,0,2,0.38,0.529,1,94.1360612082671,2.19795563036686,"up_reg",818
"538","CGN","Q9P2M7",2,0,1,0.153,0.528,1,70.8098504809703,2.90303858386344,"up_reg",1290
"539","IL2RB","P14784",2,377,2,0.064,0.528,1,65.8170250231696,3.61227739746129,"up_reg",374
"540","EGFL6","Q8IUX8",26,0,1,0.125,0.526,1,67.155632157046,6.8607046012617,"up_reg",84
"541","SCNN1A","P37088",2,0,1,0.225,0.525,1,75.7927385424493,5.49612470835897,"up_reg",300
"542","CENPF","P49454",2,10672,3,0.399,0.524,2,72.4119894505495,4.30293483867384,"up_reg",385
"543","GNGT1","P63211",2,9443,6,0.318,0.524,1,88.8391186440678,3.95899984214495,"up_reg",29
"544","RBBP8","Q99708",2,4708,8,0.355,0.524,1,53.5079089635854,2.26084205053213,"up_reg",287
"545","NELL2","Q99435",14,0,1,0.254,0.523,1,80.3271710630232,2.34957080837423,"up_reg",103
"546","TM4SF1","P30408",2,0,1,0.246,0.523,1,81.2796222664016,2.53035726587478,"up_reg",151
"547","CDK5","Q00535",2,4541,5,0.253,0.522,1,91.4416410912191,2.81443878451767,"up_reg",3067
"548","ESRRG","P62508",2,0,1,0.247,0.522,1,76.1837890625,3.28808448141073,"up_reg",338
"549","MCM2","P49736",2,0,2,0.139,0.522,3,76.522590572108,2.38458626458666,"up_reg",1556
"550","PKM","P14618",2,3037,5,0.224,0.522,2,96.786724137931,2.56172539956725,"up_reg",1019
"551","LAIR1","Q6GTX8",2,174,2,0.416,0.521,1,71.9048099547511,2.17292979607296,"up_reg",216
"552","PTPRF","P10586",2,0,1,0.303,0.521,3,82.8602116154873,2.3880582109799,"up_reg",139
"553","KCTD1","Q719H9",2,0,1,0.38,0.519,1,87.0926450676983,3.19051699785156,"up_reg",35
"554","S100A4","P26447",2,7702,4,0.313,0.516,1,85.1867277167277,3.07203666067061,"up_reg",1705
"555","CENPM","Q9NSP4",2,439,4,0.181,0.514,1,89.7646820809249,4.52613523780301,"up_reg",49
"556","KRT15","P19012",2,4,4,0.359,0.513,1,77.1424470246734,3.11287919131071,"up_reg",229
"557","MPZL3","Q6UWV2",40,0,1,0.289,0.513,1,80.7711622807018,2.50961576441102,"up_reg",25
"558","RYR1","P21817",2,1899,4,0.269,0.513,1,80.3515970895862,3.08648204562506,"up_reg",7993
"559","EMB","Q6PCB8",2,2277,2,0.381,0.512,1,78.4755709876543,2.39864134720214,"up_reg",3502
"560","PCDH19","Q8TAB3",2,0,1,0.156,0.512,1,68.7477172810281,2.53100460132521,"up_reg",242
"561","DNAH3","Q8TD57",24,0,1,0.407,0.511,1,85.5775200070354,3.64248377697002,"up_reg",16
"562","DTL","Q9NZJ0",2,0,1,0.101,0.511,2,63.439316223977,4.65130451453724,"up_reg",625
"563","TNFRSF13C","Q96RJ3",2,388,2,0.223,0.511,1,64.475874811463,2.73086541116695,"up_reg",371
"564","ASPM","Q8IZT6",2,8922,4,0.281,0.507,2,68.9559601294939,4.31224278349095,"up_reg",510
"565","DNAH3","Q8TD57",24,0,1,0.093,0.507,1,88.9640359024739,3.64248377697002,"up_reg",16
"566","MUC16","Q8WXI7",2,1521,3,0.129,0.507,3,61.6742145922747,8.4760376195083,"up_reg",1352
"567","PNP","P00491",46,1,2,0.189,0.507,1,94.0517988480284,2.68089377480516,"up_reg",6777
"568","PTPN6","P29350",2,2507,6,0.243,0.507,1,86.4121643202353,3.21764526973045,"up_reg",1532
"569","KIF14","Q15058",2,5312,10,0.127,0.506,1,66.0463600917431,4.4714413072312,"up_reg",163
"570","ITGB4","P16144",2,8018,6,0.154,0.505,1,69.9773278781038,3.97268056534833,"up_reg",363
"571","DSP","P15924",2,2832,2,0.58,0.504,2,77.4571179302046,4.71694329400883,"up_reg",5445
"572","PTTG1","O95997",2,3399,3,0.339,0.504,1,64.5439896707553,5.62000437966215,"up_reg",437
"573","CDKN2A","P42771",2,761,3,0.396,0.503,2,75.5943706896552,8.46369295926538,"up_reg",13656
"574","LPAR3","Q9UBY5",2,0,1,0.018,0.503,1,81.8925825932504,4.65421138107774,"up_reg",129
"575","CDH6","P55285",2,3554,3,0.178,0.502,1,78.7635931222883,5.54172515240201,"up_reg",108
"576","ERBB3","P21860",2,19657,7,0.108,0.502,1,72.8253734800232,4.89596382102969,"up_reg",2709
"577","EPPK1","P58107",2,0,1,0.114,0.501,1,79.2517849639171,6.9413260475035,"up_reg",38
"578","GIPC1","O14908",2,0,1,0.347,0.501,1,81.6576192353173,2.47201394275828,"up_reg",174
"579","CXCL1","P09341",2,1755,4,0.207,0.499,1,82.2711421319797,3.02607851705126,"up_reg",6221
"580","EVPL","Q92817",2,0,1,0.174,0.499,1,73.1754180499201,5.3840711019564,"up_reg",34
"581","KIF23","Q02241",2,5487,6,0.314,0.498,1,73.073534214619,3.44690377706588,"up_reg",207
"582","PPARGC1B","Q86YN6",2,0,1,0.075,0.497,1,50.9616081098098,2.11050964237498,"up_reg",252
"583","IL12RB1","P42701",2,0,1,0.192,0.495,1,77.2554770249221,2.27611975950993,"up_reg",347
"584","CYRIB","Q9NUQ9",2,0,1,0.134,0.494,1,92.1738115548662,2.72086982252679,"up_reg",15
"585","EPPK1","P58107",2,0,1,0.112,0.491,2,82.3916662015071,6.9413260475035,"up_reg",38
"586","FOXP3","Q9BZS1",2,761,2,0.09,0.491,1,58.0664491882141,2.94877868270289,"up_reg",21309
"587","FBP1","P09467",3,1,2,0.373,0.49,1,94.3652827265686,3.02890165899385,"up_reg",548
"588","WNT7A","O00755",2,761,2,0.309,0.489,1,88.7560698529412,9.73461957409878,"up_reg",673
"589","FGFR3","P22607",2,2641,4,0.127,0.488,1,75.3696381632322,3.47678544499442,"up_reg",3416
"590","ANXA3","P12429",2,0,1,0.484,0.487,1,96.3413213448006,4.07119755330012,"up_reg",190
"591","CENPE","Q02224",2,1501,4,0.168,0.487,1,72.3195598895409,2.84735478023687,"up_reg",436
"592","CENPF","P49454",2,10672,3,0.437,0.484,2,70.995527633697,4.30293483867384,"up_reg",385
"593","CDCA8","Q53HL2",2,6045,6,0.388,0.483,1,68.7891859936335,4.98719667566828,"up_reg",205
"594","DNAH5","Q8TE73",24,0,1,0.261,0.481,1,83.927656208337,3.82865082099979,"up_reg",183
"595","ITGB6","P18564",2,0,1,0.064,0.481,1,83.5190707003176,5.41749059354301,"up_reg",168
"596","MRPL13","Q9BYD1",2,2181,4,0.371,0.481,1,93.4965616438356,2.31029458116075,"up_reg",32
"597","MUC5B","Q9HC84",2,1020,3,0.161,0.481,1,60.9324181615486,5.737039441104,"up_reg",1207
"598","TNNC1","P63316",2,0,1,0.394,0.48,1,79.9594691647151,2.85937062369343,"up_reg",127
"599","CD86","P42081",2,4201,4,0.351,0.479,1,79.809625,2.860158832968,"up_reg",12042
"600","WNT2","P09544",2,688,2,0.34,0.478,1,88.0026382978723,2.28329175384641,"up_reg",612
"601","DNAH5","Q8TE73",24,0,1,0.239,0.477,3,83.8064048633298,3.82865082099979,"up_reg",183
"602","LEF1","Q9UJU2",2,4131,5,0.14,0.477,1,57.8391961414791,3.13992682128527,"up_reg",2086
"603","OLR1","P78380",2,0,1,0.388,0.476,1,87.4070948434622,4.41424733898014,"up_reg",1066
"604","CD200R1","Q8TD46",2,0,1,0.414,0.475,1,76.6514552529183,2.58766967056798,"up_reg",259
"605","SH3BGRL3","Q9H299",44,0,1,0.301,0.475,1,96.4317076502732,2.27596755567581,"up_reg",34
"606","CD38","P28907",2,2701,2,0.29,0.474,1,91.071501039501,2.60360528293125,"up_reg",9643
"607","NCF1","P14598",2,1234,2,0.241,0.472,1,83.5663333333333,2.39701766344143,"up_reg",369
"608","CDK1","P06493",2,17675,13,0.514,0.471,1,89.3155051975052,4.50046112077062,"up_reg",5957
"609","LCK","P06239",2,54987,19,0.188,0.471,1,84.3333145792564,2.32922161325836,"up_reg",3794
"610","FBN3","Q75N90",12,0,1,0.191,0.47,1,74.6852258934592,5.05406508485697,"up_reg",53
"611","NDUFS8","O00217",2,0,1,0.547,0.47,1,89.1910072376357,2.65644022979789,"up_reg",70
"612","DEPDC1B","Q8WUY9",2,444,3,0.107,0.469,1,77.3635097813579,4.80303912119731,"up_reg",54
"613","CD52","P31358",2,0,1,0.352,0.466,1,68.5815483870968,2.6339928044082,"up_reg",1238
"614","TFF3","Q07654",2,761,2,0.405,0.466,1,80.138,2.16793682799059,"up_reg",1057
"615","EPPK1","P58107",2,0,1,0.303,0.465,1,81.4640277389928,6.9413260475035,"up_reg",38
"616","EPPK1","P58107",2,0,1,0.325,0.465,1,80.0846162351424,6.9413260475035,"up_reg",38
"617","EPPK1","P58107",2,0,1,0.164,0.464,1,78.6968298068077,6.9413260475035,"up_reg",38
"618","MUC5B","Q9HC84",2,1020,3,0.316,0.464,1,54.5440509579301,5.737039441104,"up_reg",1207
"619","OCLN","Q16625",2,4018,7,0.03,0.464,1,65.4761789397937,3.94278754786723,"up_reg",1993
"620","CNKSR1","Q969H4",2,0,1,0.212,0.463,1,68.4908771617044,2.40383093700493,"up_reg",35
"621","MUC16","Q8WXI7",2,1521,3,0.089,0.463,1,74.6556522545927,8.4760376195083,"up_reg",1352
"622","E2F3","O00716",2,761,2,-0.002,0.462,1,61.4124804177546,2.64304449527347,"up_reg",789
"623","SPON1","Q9HCB6",2,761,2,0.074,0.461,1,77.4239362876518,3.38691062109221,"up_reg",119
"624","DNAH3","Q8TD57",24,0,1,0.143,0.459,1,85.2008183116188,3.64248377697002,"up_reg",16
"625","FAM83D","Q9H4H8",2,0,1,0.14,0.459,1,64.4271687279152,5.05381363922516,"up_reg",58
"626","OAS1","P00973",19,0,2,0.31,0.455,1,84.2137788728057,3.08382669353069,"up_reg",681
"627","CLIC5","Q9NZA1",2,760,2,0.184,0.454,1,68.2100824679291,5.43574562865294,"up_reg",79
"628","CEBPA","P49715",2,18094,5,0.467,0.453,1,63.6736830188679,3.36433132986382,"up_reg",1906
"629","RAB3IP","Q96QF0",48,1,2,0.09,0.453,1,72.3152501344809,2.49476874972334,"up_reg",30
"630","CENPF","P49454",2,10672,3,0.416,0.452,1,70.5056078431373,4.30293483867384,"up_reg",385
"631","S100A1","P23297",2,1966,2,0.469,0.452,2,82.7868783783784,5.00069999855319,"up_reg",521
"632","DOK7","Q18PE1",2,0,1,0.15,0.45,1,66.4231492897347,5.78655448217246,"up_reg",193
"633","NECTIN4","Q96NY8",2,761,2,0.112,0.45,1,78.8969155760842,6.63398229820514,"up_reg",334
"634","EPPK1","P58107",2,0,1,0.164,0.448,1,81.3117876073844,6.9413260475035,"up_reg",38
"635","FBN2","P35556",12,7,3,0.146,0.448,1,73.4091143347967,2.52152392773765,"up_reg",313
"636","LAMA5","O15230",2,3467,4,0.132,0.448,1,83.3129676140119,2.24471894428841,"up_reg",154
"637","BLNK","Q8WV28",2,80581,4,0.308,0.447,1,64.7174023053135,2.93843525295161,"up_reg",282
"638","CXCL14","O95715",2,2123,5,0.298,0.447,1,85.4669323144105,2.06428375578527,"up_reg",483
"639","DEPDC1","Q5TB30",2,0,1,0.111,0.445,1,61.0503570881226,5.97383580165984,"up_reg",91
"640","NEIL3","Q8TAT5",2,1223,6,0.015,0.445,1,70.0085488293609,5.41877151129339,"up_reg",151
"641","ZNF217","O75362",2,6359,7,0.24,0.445,1,50.347349591483,2.07340742532824,"up_reg",219
"642","PI3","P19957",2,58,2,0.417,0.443,1,71.7690610328638,7.67516469825206,"up_reg",9625
"643","ALOX5","P09917",7,0,1,0.355,0.442,1,97.1566551536084,2.08838095367569,"up_reg",521
"644","GRHL2","Q6ISB3",33,0,1,0.092,0.442,1,67.8682325860689,7.17997101441962,"up_reg",231
"645","MSX1","P28360",2,1056,2,0.339,0.442,1,65.8006357078449,2.50171691057236,"up_reg",1214
"646","MYH14","Q7Z406",2,0,1,0.245,0.442,1,74.6509746345121,6.66541701585642,"up_reg",115
"647","GINS3","Q9BRX5",2,2215,4,0.238,0.441,1,88.1613831018519,2.22700808671291,"up_reg",28
"648","IKBKE","Q14164",2,123,2,0.192,0.44,1,88.662316254417,2.97104897129019,"up_reg",1238
"649","PPP1CA","P62136",2,17077,14,0.206,0.44,1,91.5526896813354,2.76358392437339,"up_reg",98
"650","PCDH7","O60245",2,0,1,0.174,0.439,1,76.8991999509924,2.34180963183988,"up_reg",114
"651","KRT5","P13647",2,0,4,0.423,0.438,1,68.774502283105,4.04027156607505,"up_reg",612
"652","KIF18B","Q86Y91",2,764,11,0.2,0.437,1,62.7438713629403,5.53629178176645,"up_reg",74
"653","WAS","P42768",2,2279,3,0.258,0.437,1,70.1298928475757,2.01624614906816,"up_reg",0
"654","NAA38","Q9BRA0",2,0,1,0.488,0.435,1,79.3092864749734,2.16558336862412,"up_reg",16
"655","CA12","O43570",2,0,1,0.413,0.434,1,88.3933477011494,3.79770942939086,"up_reg",388
"656","COL23A1","Q86Y22",1,0,2,0.185,0.433,1,60.2851779846659,4.83081865663302,"up_reg",30
"657","CCL5","P13501",2,9296,3,0.141,0.432,1,89.3350500715308,3.27941354426142,"up_reg",8493
"658","MYO5B","Q9ULV0",41,0,1,0.304,0.432,1,75.5039842865703,3.62175279021954,"up_reg",185
"659","TES","Q9UGI8",2,0,1,0.196,0.431,1,86.4934880239521,2.39487373260793,"up_reg",8760
"660","SMKR1","H3BMG3",2,0,1,0.229,0.43,1,70.6435470941884,5.08322834562861,"up_reg",1
"661","STXBP2","Q15833",2,761,2,0.122,0.43,1,90.5337283051211,2.77228011347978,"up_reg",160
"662","RYR1","P21817",2,1899,4,0.093,0.428,1,84.7220562022554,3.08648204562506,"up_reg",7993
"663","FOXP4","Q8IVH2",2,0,1,0.159,0.427,1,59.2384753971329,2.39275856668806,"up_reg",143
"664","TNFRSF4","P43489",2,0,1,0.295,0.427,1,77.224293398533,2.18387916547058,"up_reg",644
"665","GATA3","P23771",2,29626,9,0.11,0.426,1,58.3175371360665,3.61853222265713,"up_reg",5363
"666","HOXB6","P17509",2,0,3,0.098,0.426,1,66.5483928571429,5.25641082944906,"up_reg",118
"667","EPPK1","P58107",2,0,1,0.32,0.425,1,79.7166317818783,6.9413260475035,"up_reg",38
"668","ORC6","Q9Y5N6",2,4900,4,0.216,0.425,1,81.544630290668,3.38530131381882,"up_reg",101
"669","IFIT2","P09913",2,0,1,0.301,0.424,1,88.9631005732152,2.13523145438083,"up_reg",254
"670","CKS1B","P61024",2,9359,3,0.172,0.423,1,92.1724926686217,2.92938761141013,"up_reg",191
"671","CTNNA2","P26232",2,0,1,0.082,0.423,1,80.5028362057267,4.87668335494244,"up_reg",94
"672","PLS1","Q14651",2,0,2,0.067,0.423,1,87.84443273906,4.69358844096635,"up_reg",352
"673","RGS1","Q08116",2,0,1,0.315,0.422,1,81.9664572112507,2.07446257598685,"up_reg",310
"674","BICDL2","A1A5D9",11,0,1,0.351,0.415,1,80.8258567134269,5.7053357215666,"up_reg",0
"675","EPPK1","P58107",2,0,1,0.175,0.414,2,81.0833869468204,6.9413260475035,"up_reg",38
"676","CDKN3","Q16667",2,0,1,0.472,0.413,1,91.0594891826923,4.40347092252155,"up_reg",184
"677","GAPDH","P04406",2,8828,5,0.345,0.413,1,98.1707061143984,2.45468316033497,"up_reg",8509
"678","JPH1","Q9HDC5",2,0,1,0.144,0.413,1,66.0123494453249,2.55246898225299,"up_reg",27
"679","KNSTRN","Q9Y448",2,0,1,0.402,0.413,1,68.648542591845,2.08294552314659,"up_reg",35
"680","OAS3","Q9Y6K5",19,0,2,0.107,0.413,2,86.8156041251611,2.98804703676378,"up_reg",199
"681","LLGL2","Q6P1M3",2,761,2,0.114,0.412,2,85.392408147963,2.40033542661131,"up_reg",46
"682","TPD52","P55327",2,761,5,0.35,0.412,1,68.1763684210526,4.2697268456772,"up_reg",183
"683","GNLY","P22749",2,761,2,0.379,0.41,1,78.3877320490368,2.55385946822358,"up_reg",401
"684","OTUB2","Q96DC9",2,0,1,0.314,0.41,1,94.2690260416667,2.13380009432812,"up_reg",43
"685","NRG4","Q8WWG1",2,0,3,0.403,0.409,1,78.4885218365062,2.33637856361123,"up_reg",130
"686","RASSF7","Q02833",2,0,1,0.307,0.409,1,74.5704462691896,3.29878614313126,"up_reg",42
"687","DNAH5","Q8TE73",24,0,1,0.17,0.408,1,87.4573729420186,3.82865082099979,"up_reg",183
"688","CCL20","P78556",2,2052,2,0.403,0.405,1,89.3848865153538,5.28308024670815,"up_reg",2596
"689","BUB1","O43683",2,1521,3,0.138,0.403,1,64.124272589836,4.7894896994743,"up_reg",1284
"690","MUC16","Q8WXI7",2,1521,3,0.196,0.403,1,73.854410041841,8.4760376195083,"up_reg",1352
"691","ZC2HC1C","Q53FD0",55,0,1,0.37,0.403,1,61.1750316020885,2.30663843389007,"up_reg",2
"692","FBN3","Q75N90",12,0,1,0.179,0.4,1,75.0089072623537,5.05406508485697,"up_reg",53
"693","MRPL14","Q6P1L8",2,231,4,0.335,0.4,1,86.2202680965147,2.510977288257,"up_reg",12
"694","TACC3","Q9Y6A5",2,727,2,0.259,0.4,1,58.3400047378395,3.74307049858766,"up_reg",369
"695","GRHL1","Q9NZI5",33,0,1,0.206,0.399,0,68.9576923076923,3.06128460822309,"up_reg",64
"696","HLA-DRB1","P01911",2,4530,4,0.309,0.398,0,89.1249692089057,3.2215605178246,"up_reg",10656
"697","MRPL15","Q9P015",2,0,2,0.439,0.396,0,91.0100296735905,2.25278270371624,"up_reg",21
"698","DARS2","Q6PI48",23,0,1,0.102,0.394,0,88.7545831725203,2.26840114857483,"up_reg",103
"699","SORT1","Q99523",2,2539,6,0.176,0.394,0,83.496135101789,2.68629880287706,"up_reg",283
"700","BOP1","Q14137",13,0,1,0.149,0.393,0,80.784320380112,2.16598449919153,"up_reg",120
"701","MAFB","Q9Y5Q3",2,1384,3,0.207,0.393,0,64.8506381292113,2.002627024896,"up_reg",701
"702","OASL","Q15646",2,0,2,0.34,0.392,0,92.2869968892079,5.30828353247979,"up_reg",267
"703","EPPK1","P58107",2,0,1,0.229,0.391,0,80.8731772140136,6.9413260475035,"up_reg",38
"704","CCL2","P13500",2,6612,3,0.274,0.389,0,87.5629350649351,2.2486953066657,"up_reg",20922
"705","SYNGR3","O43761",2,0,1,0.202,0.389,0,80.7308688147296,2.9672951039458,"up_reg",15
"706","SLC7A1","P30825",2,1521,3,0.129,0.387,0,81.6264296233958,2.50685529087026,"up_reg",219
"707","CEP55","Q53EZ4",2,640,2,0.284,0.386,0,82.7930478192328,5.92080509709187,"up_reg",274
"708","FBXL16","Q8N461",31,0,1,0.345,0.386,0,84.4598343456654,4.34468902329469,"up_reg",15
"709","MARS2","Q96GW9",4,0,1,0.093,0.386,0,89.6491247078819,2.31349323350846,"up_reg",31
"710","AP1S3","Q96PC3",2,11076,13,0.308,0.385,0,93.2561723602484,3.11848659730111,"up_reg",40
"711","KCNQ1","P51787",2,1520,2,0.165,0.385,0,68.8445828593098,2.70976862634912,"up_reg",2537
"712","CENPF","P49454",2,10672,3,0.219,0.384,0,70.8340929025329,4.30293483867384,"up_reg",385
"713","HP","P00738",2,0,1,0.249,0.384,0,86.6569547454431,3.61798540731179,"up_reg",99196
"714","PTPRJ","Q12913",2,0,1,0.406,0.384,0,78.5715116731517,2.28521300888319,"up_reg",229
"715","RYR1","P21817",2,1899,4,0.093,0.383,0,80.5476771759634,3.08648204562506,"up_reg",7993
"716","UBE2T","Q9NPD8",2,0,1,0.273,0.383,0,86.0270896464646,5.34437173206261,"up_reg",147
"717","KRT23","Q9C075",2,1409,6,0.182,0.382,0,78.4309623926562,7.80325469491743,"up_reg",48
"718","LSM4","Q9Y4Z0",2,761,2,0.486,0.382,0,77.6395806150979,2.31979804809847,"up_reg",62
"719","TEKT2","Q9UIF3",2,0,6,0.32,0.382,0,91.1042713423398,3.43248265145768,"up_reg",16
"720","MMP7","P09237",2,2130,3,0.296,0.381,0,87.5878133971292,8.41843802660719,"up_reg",3046
"721","HLA-DQA1","P01909",2,0,6,0.385,0.38,0,88.7141500765697,4.55981862735229,"up_reg",1989
"722","MZB1","Q8WU39",29,0,1,0.198,0.38,0,84.7643547273982,3.55387762724853,"up_reg",69
"723","EIF4EBP1","Q13541",2,0,1,0.32,0.379,0,71.2936177474403,2.07041383370828,"up_reg",1560
"724","RRM2","P31350",2,0,1,0.276,0.377,0,80.1260056925996,5.52705328824571,"up_reg",906
"725","ZNF726","A6NNF4",56,0,1,0.407,0.377,0,70.9869224353628,2.1958293181046,"up_reg",4
"726","CDCA5","Q96FF9",2,0,1,0.258,0.376,0,63.5050515995872,4.69277410427445,"up_reg",156
"727","RFXANK","O14593",2,0,1,0.338,0.374,0,79.7051743304699,2.04270276578682,"up_reg",87
"728","KIF1A","Q12756",2,0,11,0.106,0.373,0,71.0182512847248,4.71026176624839,"up_reg",351
"729","SPC24","Q8NBT2",2,0,1,0.345,0.372,0,91.3933649588868,4.99944044860842,"up_reg",79
"730","DDAH1","O94760",2,0,1,0.378,0.37,0,95.8964784205693,2.19867885020408,"up_reg",338
"731","EPPK1","P58107",2,0,1,0.118,0.37,0,82.671392666229,6.9413260475035,"up_reg",38
"732","PIF1","Q9H611",2,0,1,0.062,0.368,0,77.9793572740257,2.84353069532472,"up_reg",476
"733","PIERCE1","Q5BN46",2,0,6,0.223,0.365,0,76.8941324626866,3.02606208644455,"up_reg",6
"734","TNNI1","P19237",2,1141,3,0.252,0.365,0,78.0849108910891,4.02966005323444,"up_reg",90
"735","SEMA3A","Q14563",2,3032,2,0.234,0.363,0,84.4766714559387,3.10267858664391,"up_reg",1503
"736","GNL3L","Q9NVN8",13,0,1,0.138,0.362,0,72.8466702937976,3.25432643787842,"up_reg",26
"737","TYROBP","O43914",2,4887,4,0.285,0.361,0,64.5492966002345,3.69186262065037,"up_reg",602
"738","ASPM","Q8IZT6",2,8922,4,0.161,0.36,0,63.085167830403,4.31224278349095,"up_reg",510
"739","CLDN4","O14493",2,2764,6,0.511,0.36,0,84.5215399610136,7.96626089812627,"up_reg",627
"740","GRB7","Q14451",2,0,1,0.214,0.36,0,78.8887791527844,6.16794551958037,"up_reg",309
"741","ASPM","Q8IZT6",2,8922,4,0.271,0.359,0,70.4000076936228,4.31224278349095,"up_reg",510
"742","BID","P55957",2,0,1,0.136,0.357,0,62.4527255029202,2.04867522689515,"up_reg",19500
"743","COX7B","P24311",2,0,2,0.404,0.355,0,90.2763777089783,2.36059510108695,"up_reg",50
"744","FCGR2B","P31994",2,0,1,0.421,0.355,0,79.0306007509387,2.78322487526555,"up_reg",591
"745","NUDT14","O95848",2,0,1,0.254,0.354,0,94.6694349617422,2.52153745963557,"up_reg",7
"746","CENPW","Q5EE01",2,0,4,0.31,0.353,0,89.6991914893617,3.83194386840882,"up_reg",60
"747","KIFC1","Q9BW19",2,2554,7,0.202,0.353,0,77.8832572975063,3.45485707552521,"up_reg",186
"748","MISP","Q8IVT2",2,1139,2,0.227,0.353,0,54.6958236179015,5.99796074381433,"up_reg",192
"749","CADM3","Q8N126",2,0,1,0.379,0.35,0,84.610085413929,2.43225779096683,"up_reg",41
"750","RUNX3","Q13761",2,9057,5,0.403,0.35,0,62.2155708787684,4.8817019846066,"up_reg",1560
"751","VAMP8","Q9BV40",2,3785,5,0.286,0.35,0,90.4586815920398,4.64783379912574,"up_reg",317
"752","CADM1","Q9BY67",2,1434,3,0.332,0.349,0,81.6101468428781,2.02273915849982,"up_reg",579
"753","CTSS","P25774",2,0,1,0.287,0.348,0,94.5417363221885,2.82164053312143,"up_reg",564
"754","RABIF","P47224",2,0,1,0.33,0.348,0,89.0372783505155,2.43820057838055,"up_reg",29
"755","FTH1","P02794",2,0,1,0.354,0.347,0,95.7672654155496,2.08319515044885,"up_reg",545
"756","ASF1B","Q9NVP2",2,750,3,0.391,0.346,0,85.6471954314721,5.64341988005312,"up_reg",113
"757","ENKUR","Q8TC29",2,0,5,0.369,0.346,0,87.2170647969052,2.84176024015019,"up_reg",12
"758","GREM1","O60565",12,0,1,0.032,0.346,0,73.2447404844291,2.64689283530904,"up_reg",586
"759","DNAH5","Q8TE73",24,0,1,0.497,0.345,0,84.076409754361,3.82865082099979,"up_reg",183
"760","ESCO2","Q56NI9",2,0,1,0.462,0.344,0,58.41526875,4.6843588071681,"up_reg",136
"761","MUC16","Q8WXI7",2,1521,3,0.102,0.344,0,76.3068718298868,8.4760376195083,"up_reg",1352
"762","PPP1R16B","Q96T49",2,0,1,0.19,0.344,0,70.8471591928251,2.19699027148421,"up_reg",45
"763","RPL39L","Q96EH5",2,0,1,0.319,0.343,0,94.0994144144144,3.91538571941729,"up_reg",19
"764","SEMA3F","Q13275",2,0,1,0.253,0.342,0,84.1191994856133,3.71798322755797,"up_reg",283
"765","FCGR3A","P08637",2,622,3,0.351,0.341,0,85.6387159533074,2.76040812248757,"up_reg",763
"766","PRKCI","P41743",2,38,2,0.145,0.34,0,82.4818785222292,2.36098406028683,"up_reg",118
"767","JCHAIN","P01591",35,0,1,0.32,0.338,0,87.0708458498024,3.23682141017071,"up_reg",219
"768","DSP","P15924",2,2832,2,0.165,0.337,0,77.4238286211396,4.71694329400883,"up_reg",5445
"769","RYR1","P21817",2,1899,4,0.093,0.337,0,82.1318734200072,3.08648204562506,"up_reg",7993
"770","CENPF","P49454",2,10672,3,0.173,0.336,0,71.950278588485,4.30293483867384,"up_reg",385
"771","EPPK1","P58107",2,0,1,0.491,0.336,0,81.5679687645254,6.9413260475035,"up_reg",38
"772","PDLIM1","O00151",2,3755,2,0.426,0.336,0,70.208261556697,2.02167597611415,"up_reg",70
"773","SERPINA1","P01009",2,20309,6,0.431,0.336,0,89.0052049802612,4.10715927453018,"up_reg",1052
"774","LAMTOR2","Q9Y2Q5",2,0,1,0.338,0.335,0,91.4897248677249,2.01332260904602,"up_reg",73
"775","TONSL","Q96HA7",2,0,3,0.187,0.335,0,76.4887099820568,2.76862226146298,"up_reg",54
"776","LRP2","P98164",2,761,2,0.423,0.334,0,79.9103796313196,4.92729720940099,"up_reg",452
"777","EPPK1","P58107",2,0,1,0.203,0.333,0,82.9678756035217,6.9413260475035,"up_reg",38
"778","EPPK1","P58107",2,0,1,0.151,0.33,0,82.028489201965,6.9413260475035,"up_reg",38
"779","HLA-DRB5","Q30154",2,206,6,0.385,0.33,0,88.2778386031147,2.84196387081036,"up_reg",548
"780","HOXB5","P09067",2,3032,4,0.277,0.33,0,63.733368777187,5.32704108264985,"up_reg",195
"781","PSMB3","P49720",2,0,1,0.327,0.33,0,97.3788868042527,2.22392194171206,"up_reg",28
"782","MYCN","P04198",2,6049,4,0.286,0.329,0,61.8170166379805,2.58980427642427,"up_reg",3302
"783","TNFAIP6","P98066",2,1198,2,0.207,0.328,0,82.6491016333938,2.97183024667707,"up_reg",536
"784","BCL2A1","Q16548",2,0,1,0.333,0.327,0,87.4124381625442,2.48545519526492,"up_reg",273
"785","MFAP5","Q13361",12,0,1,-0.012,0.327,0,65.7110138584975,3.34399728760194,"up_reg",81
"786","CKMT1A","P12532",8,0,1,0.049,0.325,0,90.0594288304624,6.41766203017076,"up_reg",20
"787","CKMT1B","P12532",8,0,1,0.049,0.325,0,90.0594288304624,4.78730140845204,"up_reg",16
"788","CLSPN","Q9HAW4",2,7028,7,0.285,0.322,0,51.8103624351109,5.40593066651603,"up_reg",151
"789","MUC5B","Q9HC84",2,1020,3,0.121,0.321,0,61.0455455875183,5.737039441104,"up_reg",1207
"790","CLDN9","O95484",2,0,6,0.387,0.32,0,81.1808573216521,7.55571881854017,"up_reg",51
"791","ZWINT","O95229",2,4,2,0.268,0.32,0,79.4582673942701,3.87246715236094,"up_reg",129
"792","GINS2","Q9Y248",2,0,2,0.258,0.318,0,93.4044784053156,2.81738200876097,"up_reg",85
"793","RIPK3","Q9Y572",2,0,1,0.217,0.318,0,67.6172447447447,2.15115947637107,"up_reg",1999
"794","EME1","Q96AY2",2,1520,2,0.155,0.315,0,67.9034920993228,2.21671935185237,"up_reg",191
"795","EPPK1","P58107",2,0,1,0.246,0.315,0,79.7224021252796,6.9413260475035,"up_reg",38
"796","RYR1","P21817",2,1899,4,0.089,0.315,0,81.6991326714801,3.08648204562506,"up_reg",7993
"797","TNFSF13B","Q9Y275",2,761,4,0.316,0.307,0,79.0581332724783,2.66206270844848,"up_reg",1362
"798","MUC16","Q8WXI7",2,1521,3,0.065,0.305,0,75.3993635103926,8.4760376195083,"up_reg",1352
"799","WNT11","O96014",2,0,1,0.355,0.304,0,90.3081748071979,2.26681006330815,"up_reg",623
"800","GMIP","Q9P107",2,0,1,0.172,0.303,0,70.245730651392,2.02251182336153,"up_reg",34
"801","LRP2","P98164",2,761,2,0.155,0.303,0,79.5830828689556,4.92729720940099,"up_reg",452
"802","RTN4R","Q9BZR6",2,761,2,0.24,0.303,0,77.0629635854342,2.67690675851853,"up_reg",339
"803","KIF6","Q6ZMV9",2,0,12,0.091,0.302,0,71.5656070164641,2.59348990589436,"up_reg",83
"804","NOL4L","Q96MY1",2,0,1,0.262,0.302,0,62.4597637079673,2.74512689544311,"up_reg",11
"805","TP73","O15350",2,892,3,0.199,0.3,0,66.4142144026187,3.19630484948722,"up_reg",1569
"806","MELTF","P08582",2,0,1,0.273,0.298,0,89.73720703125,2.74172929520849,"up_reg",38
"807","REC8","O95072",2,0,2,0.349,0.297,0,64.693306122449,3.24758201928476,"up_reg",418
"808","E2F1","Q01094",2,10918,7,0.159,0.295,0,63.7350409463148,2.63554687184838,"up_reg",5117
"809","TACSTD2","P09758",2,0,1,0.332,0.294,0,82.2203,6.97590846459007,"up_reg",296
"810","MYL11","Q96A32",2,761,2,0.286,0.293,0,84.5763915978995,3.63821796446795,"up_reg",0
"811","BEND3","Q5T5X7",2,0,1,0.249,0.292,0,65.3798239277652,2.73334174699192,"up_reg",142
"812","CXCL17","Q6UXB2",2,11398,7,0.06,0.292,0,59.5331502590674,7.54135780777936,"up_reg",104
"813","SALL4","Q9UJQ4",2,0,1,0.204,0.29,0,51.4478101169293,3.87800936267792,"up_reg",846
"814","CD4","P01730",2,3035,4,0.442,0.289,0,85.5718105849582,2.28195039278632,"up_reg",186553
"815","FBN3","Q75N90",12,0,1,0.095,0.287,0,73.7631811190156,5.05406508485697,"up_reg",53
"816","GINS1","Q14691",2,0,2,0.241,0.287,0,93.3026906385617,3.78043753425733,"up_reg",67
"817","MUC5B","Q9HC84",2,1020,3,0.107,0.287,0,72.6600767680645,5.737039441104,"up_reg",1207
"818","SIX1","Q15475",28,2,2,0.184,0.287,0,74.0130162923822,5.36830146753161,"up_reg",721
"819","UBE2C","O00762",2,23230,6,0.355,0.286,0,89.6987066473989,6.91277768344749,"up_reg",434
"820","PPP1R1B","Q9UD71",2,0,1,0.401,0.285,0,66.0413842333954,2.84917999303665,"up_reg",390
"821","CCNE1","P24864",2,4140,5,0.101,0.284,0,79.9765767949106,5.44691181727684,"up_reg",1061
"822","KCNQ3","O43525",2,0,2,0.045,0.284,0,57.1083648628831,3.16291792636992,"up_reg",527
"823","CXCL9","Q07325",2,4000,3,0.304,0.283,0,87.9239755351682,5.2505891604319,"up_reg",3397
"824","PTK6","Q13882",2,5745,4,0.137,0.283,0,89.1669529540481,2.2180463569966,"up_reg",248
"825","S100A2","P29034",2,0,1,0.329,0.282,0,87.0577677419355,5.59504544359039,"up_reg",304
"826","TTC30A","Q86WT1",55,1,2,0.265,0.28,0,93.5052697405264,2.52879078833037,"up_reg",3
"827","DSP","P15924",2,2832,2,0.201,0.279,0,80.8613886260002,4.71694329400883,"up_reg",5445
"828","SELPLG","Q14242",2,0,1,0.376,0.279,0,51.0854746940126,2.63427008886756,"up_reg",66
"829","TFAP2C","Q92754",2,2279,3,0.181,0.278,0,66.8880300838878,5.77442234649117,"up_reg",281
"830","EPHA1","P21709",2,4697,4,0.216,0.277,0,80.6423741765481,4.44143587861081,"up_reg",315
"831","PPL","O60437",2,7508,3,0.357,0.276,0,75.6007488191164,2.01888114767301,"up_reg",2003
"832","PSMB9","P28065",2,0,1,0.362,0.276,0,91.1799448867116,2.7880388202649,"up_reg",173
"833","MSLN","Q13421",2,0,1,0.171,0.275,0,79.0873356686586,7.26728351721647,"up_reg",812
"834","LAMA5","O15230",2,3467,4,0.171,0.274,0,83.8314406137526,2.24471894428841,"up_reg",154
"835","ULBP3","Q9BZM4",2,0,1,0.341,0.273,0,82.8701780264497,4.36556263755891,"up_reg",143
"836","OVGP1","Q12889",2,0,2,0.067,0.271,0,70.7596315096823,2.51993436328681,"up_reg",105
"837","CD300A","Q9UGN4",2,0,1,0.291,0.27,0,70.9676955964087,2.05245543164872,"up_reg",124
"838","COBL","O75128",2,0,1,0.05,0.27,0,50.2815436312087,2.05158509680401,"up_reg",103
"839","SPI1","P17947",2,0,2,0.383,0.269,0,65.9968795620438,2.76608605031148,"up_reg",1314
"840","AP1M2","Q9Y6Q5",2,7501,13,0.188,0.268,0,93.091293078056,8.57028827977859,"up_reg",40
"841","LRP2","P98164",2,761,2,0.148,0.268,0,74.8822931143399,4.92729720940099,"up_reg",452
"842","ST6GALNAC5","Q9BVH7",3,0,1,0.187,0.268,0,82.0984048852702,2.80870126820925,"up_reg",36
"843","IL18","Q14116",2,2672,3,0.438,0.267,0,89.070800256082,3.64249279491338,"up_reg",16116
"844","MUC4","Q99102",2,0,1,0.254,0.266,0,58.5341996187196,3.54232331151815,"up_reg",1209
"845","LRP2","P98164",2,761,2,0.249,0.264,0,84.1110041039672,4.92729720940099,"up_reg",452
"846","DSG2","Q14126",2,17165,3,0.361,0.262,0,65.8334245140263,2.52673714345175,"up_reg",470
"847","IL1B","P01584",2,9795,5,0.104,0.259,0,75.9246709916589,2.91598918369629,"up_reg",9812
"848","LCN2","P80188",2,0,1,0.14,0.259,0,91.9916917293233,9.04245938514641,"up_reg",3659
"849","AIMP2","Q13155",4,0,1,0.116,0.258,0,81.7915338164251,2.48372005917754,"up_reg",94
"850","SH2D2A","Q9NP31",2,761,2,0.085,0.258,0,62.791502966381,2.62568886373312,"up_reg",92
"851","PRICKLE3","O43900",2,0,1,0.183,0.257,0,67.5308519058529,2.18116574680936,"up_reg",13
"852","KIF18A","Q8NI77",2,2337,10,0.186,0.256,0,67.7410391061453,4.34175741136661,"up_reg",144
"853","FAM167A","Q96KS9",29,0,1,0.247,0.255,0,72.6644876325088,4.35654105599728,"up_reg",37
"854","NACC1","Q96RE7",2,0,1,0.205,0.255,0,64.2152070858283,3.3827551263811,"up_reg",102
"855","E2F7","Q96AV8",2,1521,3,0.108,0.254,0,51.2724935952178,4.38038370804332,"up_reg",224
"856","RYR1","P21817",2,1899,4,0.187,0.254,0,79.1197065791872,3.08648204562506,"up_reg",7993
"857","STXBP6","Q8NFX7",52,0,1,0.123,0.254,0,87.121392251816,2.43017149243623,"up_reg",31
"858","LRFN4","Q6PJG9",2,761,2,0.222,0.253,0,78.0872385204082,2.05295058347303,"up_reg",20
"859","EPCAM","P16422",2,77,2,0.289,0.252,0,87.506487704918,7.73842322778857,"up_reg",9825
"860","TNNT1","P13805",2,0,2,0.147,0.251,0,74.9739308855292,6.3105230594869,"up_reg",141
"861","HDGF","P51858",26,0,1,0.359,0.25,0,68.36682952735,2.07182813665021,"up_reg",328
"862","KCNK15","Q9H427",36,0,1,0.042,0.249,0,79.7542264003134,5.07690999412252,"up_reg",19
"863","KRT7","P08729",2,0,4,0.442,0.249,0,75.6942096505824,7.33687397218562,"up_reg",692
"864","BANK1","Q8NDB2",2,0,1,0.1,0.248,0,61.6141832669323,3.73073591008925,"up_reg",117
"865","CLDN16","Q9Y5I7",2,23,6,0.14,0.247,0,69.1026422250316,9.60906597779877,"up_reg",118
"866","BRCA2","P51587",2,32217,9,0.072,0.246,0,55.0772757624977,2.24511924962478,"up_reg",14293
"867","CENPF","P49454",2,10672,3,0.328,0.243,0,70.3329779477147,4.30293483867384,"up_reg",385
"868","RAD51AP1","Q96B01",2,333,5,0.122,0.242,0,58.7984421364985,4.16872616047709,"up_reg",95
"869","FAM181A","Q8N9Y4",2,0,1,0.33,0.241,0,60.5045831803158,8.29465973642789,"up_reg",11
"870","LILRB4","Q8NHJ6",2,0,2,0.423,0.24,0,66.7008059873345,3.93686280625879,"up_reg",208
"871","CABLES1","Q8TDN4",2,0,1,0.107,0.239,0,57.8154208754209,2.36365736862748,"up_reg",61
"872","FKBP1C","Q5VVH2",2,0,1,0.363,0.239,0,95.3890887850467,2.61457911182197,"up_reg",1
"873","TNFRSF8","P28908",2,526,2,0.196,0.238,0,61.2920649233544,2.04767135403881,"up_reg",72
"874","FBN2","P35556",12,7,3,0.059,0.237,0,72.5115954139137,2.52152392773765,"up_reg",313
"875","VGLL1","Q99990",2,0,1,0.305,0.237,0,58.2235029644269,10.2615788480523,"up_reg",32
"876","FBN3","Q75N90",12,0,1,0.244,0.236,0,75.0682173240526,5.05406508485697,"up_reg",53
"877","KRT14","P02533",2,0,4,0.398,0.236,0,75.9289046034387,3.3103094353237,"up_reg",716
"878","NTN1","O95631",2,761,2,0.246,0.236,0,88.7174857384323,3.11800676786435,"up_reg",738
"879","MYCL","P12524",11,0,1,0.386,0.235,0,65.0250794211084,7.72621121404001,"up_reg",137
"880","CDT1","Q9H211",2,761,3,0.393,0.234,0,74.9077927289896,4.82558010668219,"up_reg",656
"881","H2AC11","P0C0S8",2,0,1,0.416,0.234,0,91.3035750251762,4.07757747853173,"up_reg",1
"882","RHOV","Q96L33",2,6094,5,0.401,0.233,0,85.6868963646229,3.84625474735136,"up_reg",86
"883","CLDN1","O95832",2,15884,6,0.392,0.231,0,84.7003894472362,2.94298005951132,"up_reg",1280
"884","H2AC8","P04908",2,12365,8,0.384,0.231,0,91.0890261044177,2.06834575447028,"up_reg",1
"885","CXCL10","P02778",2,0,2,0.109,0.23,0,90.0851058201058,6.23537763885449,"up_reg",8876
"886","GRN","P28799",2,761,2,0.14,0.23,0,76.9841714285714,2.14348778306664,"up_reg",3094
"887","HLA-DPB1","P04440",2,0,4,0.168,0.229,0,87.1375744265495,3.11318315694515,"up_reg",1195
"888","SYNGR2","O43760",50,0,1,0.192,0.229,0,81.6683229107447,2.40866303255961,"up_reg",14
"889","CDCA4","Q9BXL8",2,2277,2,0.09,0.228,0,63.8040043883708,2.59958780547738,"up_reg",44
"890","MATK","P42679",2,3136,3,0.135,0.225,0,83.7821193053108,2.48256675827421,"up_reg",1410
"891","MUC5B","Q9HC84",2,1020,3,0.071,0.225,0,65.9286524822695,5.737039441104,"up_reg",1207
"892","CDH1","P12830",2,23050,9,0.076,0.224,0,79.8905516739447,4.93346708424773,"up_reg",5706
"893","MPPED2","Q15777",2,0,1,0.12,0.222,0,95.3671483050847,4.41739815739051,"up_reg",28
"894","RSPO1","Q2MKA7",37,8,4,0.111,0.221,0,75.3636517412935,3.02505518019883,"up_reg",350
"895","TNFAIP2","Q03169",52,0,1,0.238,0.221,0,85.9486219702893,2.99310729517167,"up_reg",97
"896","UHRF1","Q96T88",2,16747,6,0.21,0.221,0,81.267136731777,4.08013579053152,"up_reg",696
"897","MUC16","Q8WXI7",2,1521,3,0.085,0.22,0,75.5409531293335,8.4760376195083,"up_reg",1352
"898","CD48","P09326",2,761,2,0.445,0.219,0,83.7272325102881,3.05447925507316,"up_reg",1312
"899","EPPK1","P58107",2,0,1,0.118,0.219,0,79.6151993752297,6.9413260475035,"up_reg",38
"900","PRKCZ","Q05513",2,4419,5,0.054,0.219,0,80.5342322254943,2.4699777229285,"up_reg",130
"901","EYA4","O95677",28,0,1,0.371,0.218,0,64.0340073755378,3.01243569909468,"up_reg",144
"902","CDC20","Q12834",2,13778,4,0.319,0.217,0,84.8543494038362,6.47507392933079,"up_reg",1650
"903","PMAIP1","Q13794",2,3032,2,0.317,0.217,0,82.9101421800948,3.89696052937759,"up_reg",738
"904","NRTN","Q99748",2,1521,3,0.352,0.216,0,79.0434585987261,5.71285062999292,"up_reg",249
"905","CDH2","P19022",2,2326,5,0.099,0.215,0,79.1765300313123,2.55978679715389,"up_reg",1215
"906","NHERF1","O14745",2,1521,3,0.202,0.212,0,72.4747214076246,3.09734769825955,"up_reg",466
"907","ITGA4","P13612",2,7750,3,0.145,0.211,0,84.56352897474,2.10744591421387,"up_reg",277
"908","KRT80","Q6KB66",2,0,5,0.411,0.209,0,76.7673063877897,5.73173591093573,"up_reg",32
"909","MET","P08581",2,3305,3,0.093,0.209,0,79.587631988288,2.69556074501316,"up_reg",276508
"910","LRP2","P98164",2,761,2,0.16,0.207,0,84.4168919905127,4.92729720940099,"up_reg",452
"911","MUC5B","Q9HC84",2,1020,3,0.067,0.207,0,75.11553673938,5.737039441104,"up_reg",1207
"912","CFAP90","A4QMS7",2,0,1,0.256,0.204,0,75.3620233139051,2.65716766832829,"up_reg",0
"913","LSP1","P33241",2,563,2,0.145,0.204,0,60.5691034482759,2.31101520693039,"up_reg",316
"914","ARL11","Q969Q4",2,0,1,0.147,0.203,0,88.13514,3.12510004247802,"up_reg",38
"915","DNMT3B","Q9UBC3",2,56,2,0.077,0.203,0,73.5754261490406,2.14833639259475,"up_reg",2407
"916","SDC1","P18827",2,4415,6,0.4,0.203,0,55.993032427695,4.33571704661155,"up_reg",1549
"917","HOXB4","P17483",2,0,3,0.094,0.202,0,68.074049331963,4.78587587801789,"up_reg",429
"918","MAP7","Q14244",2,0,1,0.366,0.202,0,62.5428796343321,3.09292223899534,"up_reg",94
"919","UQCRFS1","P47985",2,0,1,0.381,0.202,0,81.755927168184,2.08837743329976,"up_reg",57
"920","IL1RN","P18510",2,0,1,0.197,0.201,0,87.1319288256228,4.13266146322315,"up_reg",3592
"921","TRIB1","Q96RU8",2,0,1,0.268,0.201,0,77.9467487001733,2.87573630708918,"up_reg",271
"922","HLA-DQB1","P01920",2,13782,6,0.257,0.2,0,87.1120975378788,4.14804428103704,"up_reg",3668
"923","SPINT1","O43278",51,0,1,0.107,0.2,0,77.018365901319,6.14110953719155,"up_reg",238
"924","KRT19","P08727",2,1083,4,0.374,0.199,0,81.4000710135571,3.09812394413034,"up_reg",448
"925","PLK4","O00444",2,767,3,0.133,0.199,0,66.9229360313316,2.64455056606217,"up_reg",485
"926","LAMA5","O15230",2,3467,4,0.149,0.195,0,79.6042862512922,2.24471894428841,"up_reg",154
"927","POLR2F","P61218",2,3038,7,0.081,0.195,0,79.1027739387957,4.94200361392489,"up_reg",32
"928","CKS2","P33552",2,0,1,0.368,0.194,0,92.8712195121951,4.4400397469607,"up_reg",168
"929","LTB","Q06643",2,1331,3,0.279,0.194,0,78.3980803571429,5.29664027342599,"up_reg",2405
"930","PARS2","Q7L3T8",2,0,1,0.407,0.194,0,88.4674263524371,2.17483971369816,"up_reg",24
"931","S100A9","P06702",2,2897,5,0.328,0.187,0,94.9059482758621,2.28967828293167,"up_reg",2190
"932","SH2B2","O14492",2,0,2,0.2,0.184,0,64.2378313758389,2.60618353741574,"up_reg",59
"933","APLP1","P51693",2,0,1,0.12,0.183,0,69.7225207264114,4.23773470515897,"up_reg",286
"934","CCL28","Q9NRJ3",2,7221,4,0.193,0.182,0,73.2239418254764,3.99131296540368,"up_reg",357
"935","HMGA1","P17096",2,1520,2,0.159,0.181,0,65.4623716381418,6.59190743852389,"up_reg",1299
"936","SOX17","Q9H6I2",2,6,2,0.278,0.181,0,59.278843427835,4.87937396674421,"up_reg",1021
"937","ARL4C","P56559",2,0,1,0.393,0.18,0,93.5208940397351,4.73347316253469,"up_reg",65
"938","FBN3","Q75N90",12,0,1,0.157,0.18,0,75.7985602397989,5.05406508485697,"up_reg",53
"939","PCBD1","P61457",2,0,1,0.378,0.18,0,96.5693742621015,2.01414181242519,"up_reg",30
"940","DOK5","Q9P104",2,0,1,0.2,0.179,0,78.3601885278781,5.67395735958656,"up_reg",38
"941","CXCL11","O14625",2,1773,3,0.353,0.178,0,77.9241944444444,7.14329673314335,"up_reg",1585
"942","CHAC2","Q8WUX2",17,0,1,0.084,0.176,0,93.5245263870095,2.63067505996169,"up_reg",16
"943","NDUFA4L2","Q9NRX3",2,9789,8,0.201,0.175,0,84.6393295292439,2.34106717306034,"up_reg",53
"944","WWC1","Q8IX03",2,3714,3,0.055,0.175,0,61.5014188267394,5.14718842217627,"up_reg",174
"945","LRP8","Q14114",2,1520,2,0.423,0.171,0,73.6217830508475,2.24671084233811,"up_reg",139
"946","KSR2","Q6VAB6",2,0,1,0.284,0.169,0,61.4117679704017,5.96069029052937,"up_reg",79
"947","C4orf48","Q5BLP8",14,0,1,0.365,0.167,0,78.2373870056497,4.02816961967445,"up_reg",3
"948","PCLAF","Q15004",2,0,1,0.264,0.167,0,66.1263971462545,5.4014911255445,"up_reg",103
"949","LRP2","P98164",2,761,2,0.183,0.166,0,76.028838808942,4.92729720940099,"up_reg",452
"950","CLEC5A","Q9NY25",2,348,2,0.252,0.165,0,85.4513777191826,2.90417533962513,"up_reg",115
"951","DNAH5","Q8TE73",24,0,1,0.245,0.161,0,81.8147265486726,3.82865082099979,"up_reg",183
"952","NMU","P48645",2,0,1,0.141,0.161,0,63.7295382395382,8.37179697033439,"up_reg",1511
"953","EXOSC4","Q9NPD3",2,0,1,0.335,0.159,0,89.831854054054,2.63661216772742,"up_reg",25
"954","BORA","Q6PGQ7",2,0,1,0.259,0.158,0,50.7324294049008,2.02595308218199,"up_reg",4796
"955","LRP2","P98164",2,761,2,0.221,0.158,0,82.1040018323408,4.92729720940099,"up_reg",452
"956","NDUFB3","O43676",2,0,1,0.294,0.157,0,86.4614074074074,2.01394774686082,"up_reg",28
"957","CCL8","P80075",2,0,2,0.258,0.153,0,89.5862929936306,3.84502947520666,"up_reg",703
"958","CLDN7","O95471",2,1242,6,0.254,0.152,0,82.249462571977,6.59641871614085,"up_reg",302
"959","IFIT3","O14879",2,5526,3,0.158,0.152,0,75.7469633774161,2.37504639815119,"up_reg",344
"960","GALNT5","Q7Z7M9",2,0,1,0.076,0.151,0,69.1837631965789,3.32732533917997,"up_reg",15
"961","MUC16","Q8WXI7",2,1521,3,0.095,0.146,0,75.5181759078666,8.4760376195083,"up_reg",1352
"962","PDZK1IP1","Q13113",2,761,2,0.247,0.145,0,65.2075262543757,7.37981924696958,"up_reg",81
"963","ESPN","B1AK53",2,3036,5,0.114,0.144,0,68.309967416602,7.44399033277266,"up_reg",202
"964","RGCC","Q9H4X1",2,0,1,0.314,0.141,0,71.5815444770283,2.36674850054825,"up_reg",128
"965","COL9A2","Q14055",1,0,3,0.053,0.14,0,55.6342726281352,4.19634868150031,"up_reg",167
"966","KLK8","O60259",2,0,1,0.329,0.14,0,88.5364256619145,7.91443619797542,"up_reg",184
"967","POMK","Q9H5K3",2,761,2,0.236,0.139,0,91.6573646723647,5.58536995622298,"up_reg",24
"968","TNFRSF21","O75509",2,2279,3,0.215,0.137,0,69.4073781579471,2.41851405304105,"up_reg",172
"969","CHI3L1","P36222",2,761,3,0.134,0.135,0,94.9914594414894,4.96739226600162,"up_reg",1596
"970","COX6B1","P14854",2,13,2,0.393,0.135,0,94.9016783216783,2.4892630729757,"up_reg",35
"971","FOXQ1","Q9C009",2,0,1,0.151,0.132,0,62.1169364754098,8.57006493885049,"up_reg",207
"972","PITX1","P78337",2,0,1,0.326,0.132,0,63.2664494569758,4.7580018813039,"up_reg",479
"973","EPPK1","P58107",2,0,1,0.162,0.131,0,79.6003888111888,6.9413260475035,"up_reg",38
"974","RAB25","P57735",41,0,1,0.148,0.13,0,87.0835269207501,7.15616368621822,"up_reg",189
"975","CDKN2B","P42772",2,0,1,0.321,0.128,0,90.7613967022308,2.45377761980437,"up_reg",2033
"976","CLIC3","O95833",20,0,1,0.143,0.127,0,94.1589930740543,4.90039579455239,"up_reg",48
"977","CARD11","Q9BXL7",2,761,2,0.121,0.124,0,72.0489495663347,2.48191927626447,"up_reg",557
"978","ESM1","Q9NQ30",2,0,1,0.181,0.124,0,73.1434532374101,3.03880839451662,"up_reg",509
"979","MUC5B","Q9HC84",2,1020,3,0.184,0.124,0,56.9629171632896,5.737039441104,"up_reg",1207
"980","TUBB4A","P04350",2,2031,4,0.19,0.124,0,92.2430899683817,3.28222858885035,"up_reg",118
"981","ITGB7","P26010",2,2752,2,0.268,0.121,0,82.8438634114154,3.32452646495875,"up_reg",73
"982","POU5F1","Q01860",2,14481,8,0.257,0.119,0,66.3453514906146,3.7407928592927,"up_reg",3858
"983","TNF","P01375",2,6688,6,0.273,0.119,0,85.007671460177,6.26545807518689,"up_reg",221351
"984","LILRB1","Q8NHL6",2,1319,3,0.177,0.118,0,73.0394250801282,2.3348166016989,"up_reg",396
"985","VAV3","Q9UKW4",2,68848,8,0.067,0.117,0,84.4155135292406,4.54707940641908,"up_reg",321
"986","LRP2","P98164",2,761,2,0.108,0.115,0,82.2163365437034,4.92729720940099,"up_reg",452
"987","FEN1","P39748",2,0,3,0.078,0.113,0,90.0350552024088,2.2306670140135,"up_reg",874
"988","TMEM30B","Q3MIR4",9,0,1,0.223,0.113,0,92.3544758795793,3.02173359842122,"up_reg",13
"989","MUC5B","Q9HC84",2,1020,3,0.166,0.11,0,54.6158542663477,5.737039441104,"up_reg",1207
"990","KRT16","P08779",2,2509,5,0.333,0.106,0,74.4327290448343,4.14159188391389,"up_reg",182
"991","SH3RF2","Q8TEC5",2,0,1,0.059,0.105,0,57.5924928212491,2.72959322844385,"up_reg",18
"992","CLU","P10909",2,1521,5,0.158,0.104,0,76.870855513308,2.49197915018335,"up_reg",2364
"993","ESRP2","Q9H6T0",2,0,1,0.052,0.103,0,74.3253738656987,4.9501242956069,"up_reg",77
"994","SKA1","Q96BD8",2,3740,3,0.218,0.102,0,85.822417794971,5.47659665917804,"up_reg",114
"995","COX5B","P10606",2,41,3,0.105,0.096,0,85.6927063740857,2.42743243770339,"up_reg",136
"996","RIPK4","P57078",2,15,2,0.135,0.096,0,74.6051683998137,6.18465902702772,"up_reg",100
"997","ISG15","P05161",2,10014,6,0.503,0.095,0,86.5401352426412,4.58387644330487,"up_reg",1808
"998","LYZ","P61626",2,0,1,0.19,0.093,0,94.4546413137424,3.17669925940884,"up_reg",688
"999","SFN","P31947",2,73299,6,0.296,0.091,0,93.3850436569081,5.3270388800022,"up_reg",2478
"1000","HMGA2","P52926",2,761,2,0.202,0.089,0,65.1368231046931,5.1658145836045,"up_reg",1858
"1001","CARD9","Q9H257",2,0,1,0.125,0.087,0,81.1542614678899,3.24036157952704,"up_reg",539
"1002","CDCA7","Q9BWT1",2,0,1,0.158,0.087,0,66.7129878869448,3.8258042107613,"up_reg",85
"1003","FAAP24","Q9BTP7",2,761,2,0.199,0.087,0,90.1873317450864,2.41647683609951,"up_reg",35
"1004","CHMP4C","Q96CF2",2,0,1,0.263,0.083,0,77.3580584099513,4.7359377907834,"up_reg",64
"1005","GDF15","Q99988",2,0,1,0.062,0.082,0,75.4146035058431,2.19544625272701,"up_reg",2514
"1006","LRFN1","Q9P244",2,1520,3,0.146,0.082,0,70.5854971468096,3.12735830318981,"up_reg",11
"1007","CSF2RA","P15509",2,0,1,0.11,0.079,0,82.0785437788018,2.32626575104282,"up_reg",117
"1008","E2F2","Q14209",2,0,1,0.18,0.079,0,64.0825988023952,5.44644735326835,"up_reg",639
"1009","H2AX","P16104",2,8754,10,0.328,0.078,0,87.3299156513589,2.52832167333576,"up_reg",7218
"1010","ILDR2","Q71H61",2,0,1,0.046,0.075,0,56.5369393878776,2.55430340210488,"up_reg",23
"1011","CCNB2","O95067",2,21505,5,0.089,0.073,0,80.3833301857098,4.94008744174133,"up_reg",453
"1012","SPP1","P10451",2,2257,2,0.312,0.072,0,53.139786977492,5.38930749426236,"up_reg",4958
"1013","ILDR1","Q86SU0",2,0,1,0.115,0.071,0,58.9638745471014,8.29279606667864,"up_reg",49
"1014","RYR1","P21817",2,1899,4,0.098,0.071,0,85.545491355778,3.08648204562506,"up_reg",7993
"1015","CCNF","P41002",2,0,1,0.276,0.059,0,72.4470043909579,2.58257910356522,"up_reg",183
"1016","COL10A1","Q03692",1,5,4,-0.01,0.058,0,61.4977457264957,4.04168877247956,"up_reg",679
"1017","PPP2R2B","Q00005",2,3032,3,0.106,0.055,0,90.4117550123592,3.66449641593121,"up_reg",113
"1018","LRP2","P98164",2,761,2,0.183,0.052,0,82.0804532216964,4.92729720940099,"up_reg",452
"1019","SGO1","Q5FBB7",2,0,1,0.108,0.05,0,55.1732355555556,5.33859227033888,"up_reg",255
"1020","EPPK1","P58107",2,0,1,0.207,0.048,0,78.8788004473856,6.9413260475035,"up_reg",38
"1021","NKD2","Q969F2",2,0,1,0.151,0.047,0,56.9239235127479,2.14919099879017,"up_reg",86
"1022","RAP1GAP","P47736",2,2277,2,0.06,0.047,0,70.9969603097774,3.71306867272556,"up_reg",184
"1023","SKAP1","Q86WV1",2,0,1,0.224,0.046,0,71.4392302429011,5.2750637523735,"up_reg",75
"1024","COL26A1","Q96A83",1,8,5,0.004,0.044,0,60.6550078492936,3.86348675902207,"up_reg",8
"1025","TGM1","P22735",2,1487,3,0.097,0.042,0,85.1360117162761,2.97433907674741,"up_reg",253
"1026","WDR93","Q6P2C0",2,3795,6,0.147,0.041,0,76.9917697815311,2.26760924165427,"up_reg",2
"1027","LRP2","P98164",2,761,2,0.123,0.038,0,71.9996573462125,4.92729720940099,"up_reg",452
"1028","COL22A1","Q8NFW1",1,0,3,0.106,0.037,0,54.7452308776877,2.38392913842261,"up_reg",58
"1029","EPS8L1","Q8TE68",2,0,1,0.064,0.026,0,75.6164732932437,5.10148906377599,"up_reg",11
"1030","DYRK1B","Q9Y463",25,0,1,0.097,0.022,0,74.5322511799713,2.19555749601732,"up_reg",164
"1031","HOXB7","P09629",2,761,4,-0.001,0.021,0,66.8695204262877,5.29020996790547,"up_reg",318
"1032","JUP","P14923",2,14648,4,0.091,0.021,0,81.1056283866457,2.57833699647302,"up_reg",484
"1033","MUC16","Q8WXI7",2,1521,3,0.186,0.021,0,67.4367753793949,8.4760376195083,"up_reg",1352
"1034","MAD2L1","Q13257",2,3785,3,0.178,0.019,0,93.7585265700483,3.42675915228635,"up_reg",681
"1035","C15orf48","Q9C002",2,0,2,0.212,0.018,0,89.8482448377581,5.13480042376737,"up_reg",21
"1036","SYTL1","Q8IYJ3",2,3037,4,0.036,0.011,0,72.7778081248565,4.34269764145154,"up_reg",40
"1037","DUSP23","Q9BVJ7",2,0,1,0.465,0.001,0,97.6467322497861,2.21336949752944,"up_reg",17
