"","external_gene_name","uniprot_gn_id","cluster","betweenness","degree_centrality","pocket","druggability","num_drug_pockets","struct_score","Log2.Fold.Change.","regulation","citation_score"
"1","MAPK15","Q8TD08",12,0,1,0.055,1,1,69.3901375711575,3.122,"up_reg",63
"2","CD9","P21926",2,8090,5,0.063,0.994,1,88.1191475042064,3.709,"up_reg",2701
"3","CENPU","Q71F23",2,1272,2,0.002,0.994,1,65.518599280144,2.242,"up_reg",59
"4","MELK","Q14680",2,0,1,0.159,0.993,1,70.6437161388783,3.257,"up_reg",658
"5","KIF11","P52732",2,20,4,0.141,0.991,1,74.7686384864088,2.709,"up_reg",819
"6","TEAD4","Q15561",2,641,3,0.243,0.986,2,76.5831209630065,2.493,"up_reg",380
"7","LAMP3","Q9UQV4",2,0,1,0.179,0.983,1,67.1807731793391,2.696,"up_reg",245
"8","SYK","P43405",2,2215,5,0.203,0.979,2,84.3303645320197,3.345,"up_reg",5391
"9","LGR6","Q9HBX8",20,0,1,0.408,0.967,2,78.1741924492299,3.002,"up_reg",190
"10","SGPP2","Q8IWX5",26,0,1,0.102,0.966,1,84.2117957635157,3.172,"up_reg",40
"11","VDR","P11473",2,0,1,0.284,0.966,1,84.695411101217,2.067,"up_reg",8873
"12","LAPTM5","Q13571",19,0,1,0.239,0.964,2,69.275031085605,2.704,"up_reg",113
"13","NQO1","P15559",2,321,2,0.254,0.963,1,98.3285341273477,2.721,"up_reg",5530
"14","SLC16A3","O15427",7,0,1,0.025,0.963,1,83.5874261119082,2.082,"up_reg",194
"15","ADGRG1","Q9Y653",2,0,1,0.294,0.96,2,78.0137559284933,3.804,"up_reg",168
"16","STC2","O76061",2,0,2,0.27,0.96,2,73.2958494623656,2.461,"up_reg",353
"17","CYBA","P13498",2,0,1,0.48,0.957,1,77.0298854447439,3.235,"up_reg",1043
"18","TTK","P33981",2,1275,3,0.087,0.956,1,63.954351783879,3.038,"up_reg",2044
"19","PLK1","P53350",2,6276,12,0.175,0.953,2,85.1698896752706,3.073,"up_reg",2967
"20","DSP","P15924",2,0,1,0.154,0.95,1,78.5653919845316,4.367,"up_reg",5440
"21","IL32","P24001",2,0,1,0.099,0.95,2,71.1900160599572,2.701,"up_reg",625
"22","ASPM","Q8IZT6",2,470,3,0.434,0.949,4,62.6404820392025,2.226,"up_reg",510
"23","NDUFB9","Q9Y6M9",2,318,2,-0.051,0.948,1,96.1323201555412,2.212,"up_reg",33
"24","GJB2","P29033",16,0,1,0.236,0.943,2,86.3863956639566,2.514,"up_reg",2562
"25","PTGS1","P23219",2,0,1,0.142,0.943,1,94.1155716054478,5.016,"up_reg",3039
"26","IFI27","P40305",2,0,1,0.066,0.942,1,52.1421118012422,4.244,"up_reg",271
"27","TNFRSF12A","Q9NP84",2,321,2,0.111,0.942,1,73.2729085303186,4.099,"up_reg",445
"28","DERL3","Q96Q80",14,0,1,0.283,0.941,1,84.1738721605917,2.238,"up_reg",28
"29","RORC","P51449",2,0,1,0.252,0.94,1,75.843762254902,2.549,"up_reg",1288
"30","RAC3","P60763",2,960,5,0.341,0.937,1,93.8337150466045,2.004,"up_reg",299
"31","IFIT1","P09914",2,0,1,0.057,0.93,1,94.1743924993578,2.187,"up_reg",577
"32","ASPM","Q8IZT6",2,470,3,0.335,0.927,1,64.3894747828991,2.226,"up_reg",510
"33","CDC45","O75419",2,4,2,0.323,0.926,1,92.8874267100977,2.5,"up_reg",594
"34","NR2F6","P10588",2,0,1,0.399,0.917,1,79.7500198675497,2.946,"up_reg",89
"35","LGALS9","O00182",2,957,2,0.247,0.914,3,85.1284844141885,2.709,"up_reg",532
"36","EPPK1","P58107",2,949,2,0.247,0.908,1,77.4693065625581,2.867,"up_reg",38
"37","CENPF","P49454",2,768,3,0.122,0.906,1,71.418744961032,3.443,"up_reg",385
"38","HCST","Q9UBK5",2,321,2,0.33,0.904,2,67.318977443609,2.05,"up_reg",246
"39","ASS1","P00966",2,0,1,0.103,0.902,1,95.635373589509,2.828,"up_reg",401
"40","AGR2","O95994",2,2205,2,0.263,0.901,1,87.4194598436389,2.004,"up_reg",449
"41","PBK","Q96KB5",2,0,1,0.152,0.901,1,84.9070023696682,3.13,"up_reg",780
"42","CHD7","Q9P2D1",2,0,1,0.147,0.899,1,66.1702183561157,2.15,"up_reg",639
"43","TOP2A","P11388",2,5632,7,0.045,0.897,1,76.4083174292472,4.32,"up_reg",1326
"44","DSP","P15924",2,0,1,0.293,0.89,1,79.7218725811253,4.367,"up_reg",5440
"45","GJB1","P08034",16,0,1,0.333,0.89,1,80.0505017761989,3.88,"up_reg",358
"46","KLHL14","Q9P2G3",3,0,1,0.483,0.887,1,88.1400905432596,3.845,"up_reg",22
"47","ANPEP","P15144",2,321,2,0.232,0.886,1,93.7512643826761,2.404,"up_reg",188
"48","HMMR","O75330",2,0,1,0.192,0.886,2,76.1048990670059,2.789,"up_reg",249
"49","ESPL1","Q14674",2,0,1,0.619,0.885,1,75.7783475713937,2.486,"up_reg",146
"50","TUBA1C","Q9BQE3",2,641,3,0.219,0.883,1,91.6524379811805,3.068,"up_reg",52
"51","PKP3","Q9Y446",2,729,3,0.07,0.881,1,69.2845051361487,4.854,"up_reg",90
"52","TJP3","O95049",2,0,4,0.067,0.88,2,66.5840854341737,4.128,"up_reg",60
"53","ADRA2C","P18825",2,0,1,0.165,0.879,1,74.6529307384087,2.493,"up_reg",242
"54","BAIAP2L1","Q9UHR4",2,2837,4,0.324,0.876,2,74.9357797246558,3.228,"up_reg",46
"55","TSPAN15","O95858",2,321,2,0.296,0.875,2,87.9429849462366,3.485,"up_reg",34
"56","HLA-DOA","P06340",2,812,3,0.429,0.874,1,90.2530256410256,2.145,"up_reg",61
"57","MND1","Q9BWT6",2,321,2,0.288,0.874,1,91.0672405518896,2.42,"up_reg",120
"58","LAPTM4B","Q86VI4",19,0,1,0.211,0.865,1,61.6772465531225,3.005,"up_reg",179
"59","MARVELD3","Q96A59",2,0,2,0.108,0.86,1,65.321573780874,2.377,"up_reg",36
"60","HTR3A","P46098",8,0,1,0.422,0.858,2,83.464506789649,2.831,"up_reg",265
"61","RASSF10","A6NK89",2,0,1,0.264,0.856,1,73.2395758032129,2.614,"up_reg",52
"62","BUB1B","O60566",2,1036,5,0.211,0.846,2,64.7205771748185,2.462,"up_reg",471
"63","LAMB3","Q13751",2,0,1,0.212,0.844,2,78.1076788482835,3.332,"up_reg",288
"64","ASPM","Q8IZT6",2,470,3,0.121,0.835,1,67.4665928669883,2.226,"up_reg",510
"65","TYMP","P19971",25,0,1,0.402,0.833,2,93.0189263278127,2.354,"up_reg",270
"66","TMC6","Q7Z403",30,0,1,0.125,0.83,6,72.5528661616162,2.056,"up_reg",76
"67","CENPF","P49454",2,768,3,0.372,0.826,1,72.0016993930739,3.443,"up_reg",385
"68","GJB3","O75712",16,1,2,0.462,0.826,4,79.180516605166,2.421,"up_reg",328
"69","LAMC2","Q13753",2,0,1,0.153,0.822,1,74.8619472127916,3.724,"up_reg",472
"70","ASPM","Q8IZT6",2,470,3,0.163,0.82,2,68.8386483283961,2.226,"up_reg",510
"71","CENPA","P49450",2,7667,4,0.14,0.815,2,82.0783628318584,3.577,"up_reg",1087
"72","BMP7","P18075",2,0,1,0.232,0.814,2,76.7069445242886,4.724,"up_reg",3267
"73","KIF20A","O95235",2,1574,6,0.333,0.814,3,67.3045557924662,3.514,"up_reg",301
"74","DSP","P15924",2,0,1,0.471,0.813,1,76.5758148306901,4.367,"up_reg",5440
"75","CXCL16","Q9H2A7",2,0,1,0.204,0.808,2,65.9756153050672,2.827,"up_reg",927
"76","ASPM","Q8IZT6",2,470,3,0.163,0.803,2,63.4932934706704,2.226,"up_reg",510
"77","ALG3","Q92685",3,0,1,0.084,0.8,1,89.1900450958286,2.134,"up_reg",130
"78","TPM3","P06753",2,1907,5,0.348,0.799,1,91.788884064264,2.095,"up_reg",485
"79","TREM2","Q9NZC2",2,0,1,0.411,0.799,1,77.0499219620959,2.588,"up_reg",1701
"80","MUC16","Q8WXI7",2,321,2,0.18,0.798,1,55.9683919501677,6.368,"up_reg",1348
"81","VANGL1","Q8TAA9",2,0,2,0.038,0.796,2,75.8569196217494,2.019,"up_reg",163
"82","B3GNT3","Q9Y2A9",2,0,1,0.149,0.793,1,88.4237204658902,3.373,"up_reg",42
"83","CENPF","P49454",2,768,3,0.307,0.792,6,71.5561330839123,3.443,"up_reg",385
"84","SCARA3","Q6AZY7",27,0,1,0.222,0.79,4,71.0654396325459,2.559,"up_reg",53
"85","AURKB","Q96GD4",2,0,2,0.06,0.789,2,79.8540354046243,3.996,"up_reg",1367
"86","MX2","P20592",2,0,1,0.177,0.784,1,78.0171242849714,2.122,"up_reg",1097
"87","FCER1G","P30273",2,0,1,0.48,0.783,1,72.3376617647059,2.819,"up_reg",172
"88","CDC25C","P30307",2,0,1,0.362,0.777,1,64.1824899598394,2.412,"up_reg",1460
"89","HLA-DPA1","P20036",2,3057,2,0.282,0.776,1,90.6430843373494,3.405,"up_reg",361
"90","CHD7","Q9P2D1",2,0,1,0.117,0.775,1,68.0234329019677,2.15,"up_reg",639
"91","FGF18","O76093",2,0,1,0.38,0.771,2,87.6706049822064,3.729,"up_reg",395
"92","ST14","Q9Y5Y6",28,0,1,0.16,0.771,2,81.2573001802885,5.928,"up_reg",575
"93","ASPM","Q8IZT6",2,470,3,0.107,0.769,2,62.0182791688865,2.226,"up_reg",510
"94","CENPF","P49454",2,768,3,0.416,0.769,3,73.1536007249142,3.443,"up_reg",385
"95","ANLN","Q9NQW6",2,324,3,0.121,0.76,1,59.8741904323827,2.435,"up_reg",227
"96","ASPM","Q8IZT6",2,470,3,0.305,0.756,1,71.8200900482733,2.226,"up_reg",510
"97","LMNB1","P20700",2,3720,2,0.275,0.754,2,82.6346633684663,2.537,"up_reg",199
"98","UNC5A","Q6ZN44",24,0,1,0.108,0.737,1,78.2555968210301,2.117,"up_reg",71
"99","SPTBN2","O15020",2,0,1,0.242,0.736,3,76.775214383059,3.338,"up_reg",97
"100","DSP","P15924",2,0,1,0.212,0.733,3,80.8030049830931,4.367,"up_reg",5440
"101","KRT8","P05787",2,634,2,0.432,0.721,1,76.3267437533227,6.403,"up_reg",424
"102","MUC16","Q8WXI7",2,321,2,0.177,0.72,2,77.3666569129481,6.368,"up_reg",1348
"103","MMP9","P14780",2,1905,4,0.191,0.717,2,82.256276634164,3.29,"up_reg",34200
"104","SEL1L3","Q68CR1",14,0,1,0.193,0.716,1,82.634629181338,2.52,"up_reg",15
"105","ATP6V0E2","Q8NHE4",2,321,2,0.416,0.712,1,94.3748466257669,2.162,"up_reg",8
"106","CACNG4","Q9UBN1",8,0,1,0.125,0.712,1,65.7244111931597,3.4,"up_reg",36
"107","KPNA2","P52292",2,641,4,0.024,0.711,1,86.1073162939297,3.719,"up_reg",312
"108","SPC25","Q9HBM1",2,0,1,0.39,0.708,1,90.2554752851711,2.749,"up_reg",106
"109","PERP","Q96FX8",2,439,4,0.129,0.705,1,82.3515537848606,2.746,"up_reg",673
"110","FOXM1","Q08050",2,321,4,0.173,0.701,1,51.0762881727687,3.956,"up_reg",2249
"111","CRB3","Q9BUF7",13,0,1,0.297,0.7,1,70.3484105960265,4.238,"up_reg",484
"112","CCNB1","P14635",2,15642,14,0.078,0.699,1,77.7724150162578,2.99,"up_reg",2282
"113","CSPG5","O95196",2,0,1,0.081,0.686,1,52.8866974869606,2.018,"up_reg",42
"114","NCAPH","Q15003",23,0,1,0.198,0.683,1,60.7197876747799,2.89,"up_reg",71
"115","RAB6B","Q9NRW1",2,0,1,0.239,0.683,1,86.024744835966,2.163,"up_reg",35
"116","SKA3","Q8IX90",2,1434,3,0.354,0.683,1,64.7586888273315,2.877,"up_reg",97
"117","COMP","P49747",2,0,1,0.18,0.681,2,88.5665641202904,2.398,"up_reg",119691
"118","USP18","Q9UMW8",2,0,1,0.065,0.678,1,84.0559308510638,2.486,"up_reg",351
"119","TRIP13","Q15645",2,321,2,0.249,0.677,2,86.9794004094765,2.801,"up_reg",196
"120","ASPM","Q8IZT6",2,470,3,0.448,0.675,3,63.9280011713521,2.226,"up_reg",510
"121","PKMYT1","Q99640",2,1016,4,0.142,0.674,1,75.590281030445,3.636,"up_reg",107
"122","ASPM","Q8IZT6",2,470,3,0.197,0.67,3,66.2575664052618,2.226,"up_reg",510
"123","DLGAP5","Q15398",2,640,2,0.128,0.669,1,56.3710199490026,2.926,"up_reg",180
"124","RAD54L","Q92698",2,0,1,0.171,0.669,1,80.5122278481013,2.042,"up_reg",180
"125","CHD7","Q9P2D1",2,0,1,0.141,0.668,1,74.055763275304,2.15,"up_reg",639
"126","KIF4A","O95239",2,1080,2,0.244,0.668,3,72.1712231759657,2.363,"up_reg",226
"127","CAPG","P40121",2,321,2,0.313,0.665,1,86.7052873986735,3.269,"up_reg",247
"128","FOLR1","P15328",2,0,1,0.09,0.662,1,91.1136580706781,8.425,"up_reg",356
"129","COX5A","P20674",2,3461,7,0.376,0.66,1,88.1096183206107,2.026,"up_reg",134
"130","MCM4","P33991",2,1094,4,0.217,0.658,3,73.7432969464523,2.258,"up_reg",448
"131","NEK2","P51955",2,0,2,0.136,0.658,2,78.7481933351694,3.426,"up_reg",489
"132","TPX2","Q9ULW0",2,321,2,0.402,0.656,1,64.2385140295534,4.732,"up_reg",682
"133","NCAPG","Q9BPX3",23,0,1,0.163,0.655,1,82.5022967581047,2.526,"up_reg",252
"134","HLA-DRA","P01903",2,945,2,0.277,0.653,1,89.585865479723,3.805,"up_reg",1221
"135","RNF43","Q68DV7",20,0,1,0.124,0.651,1,54.6022126389119,2.47,"up_reg",369
"136","PARD6B","Q9BYG5",13,1,2,0.345,0.647,1,71.2440158566012,2.024,"up_reg",40
"137","AQP5","P55064",2,0,1,0.392,0.643,1,93.5050600600601,4.815,"up_reg",1155
"138","CDR2L","Q86X02",2,0,1,0.434,0.641,2,74.2011666666667,2.858,"up_reg",26
"139","DMTN","Q08495",2,0,1,0.221,0.641,1,64.6346295717412,2.517,"up_reg",60
"140","RAD51","Q06609",2,912,5,0.282,0.64,1,91.5906682116647,2.372,"up_reg",5826
"141","DSP","P15924",2,0,1,0.4,0.639,1,76.9987516176344,4.367,"up_reg",5440
"142","CLDN10","P78369",2,2044,7,0.4,0.636,1,79.6963308095515,4.208,"up_reg",99
"143","EPPK1","P58107",2,949,2,0.182,0.634,2,80.5469190528634,2.867,"up_reg",38
"144","MYBL2","P10244",2,0,1,0.066,0.633,1,58.4505143475907,4.894,"up_reg",478
"145","CD24","P25063",2,0,1,0.228,0.632,1,63.8901060070671,8.032,"up_reg",4009
"146","CLDN3","O15551",2,316,4,0.271,0.631,1,81.4275857843137,8.923,"up_reg",485
"147","L1CAM","P32004",2,962,4,0.068,0.631,1,79.3527939240506,2.71,"up_reg",2436
"148","CCL4","P13236",2,1276,3,0.27,0.626,1,88.9764185393258,2.053,"up_reg",14595
"149","KRT17","Q04695",2,160,2,0.276,0.626,1,79.6090828138914,4.59,"up_reg",270
"150","PLAU","P00749",18,0,1,0.414,0.626,1,82.3034746760895,3.259,"up_reg",569
"151","NUF2","Q9BZD4",2,0,1,0.317,0.622,2,89.4283280839895,2.833,"up_reg",201
"152","CRB2","Q5IJ48",2,0,2,0.11,0.62,1,77.5833023603546,2.262,"up_reg",224
"153","C1QC","P02747",2,0,1,0.29,0.619,1,81.1674174008811,2.399,"up_reg",158
"154","MAL2","Q969L2",2,0,1,0.336,0.619,1,84.150243902439,7.001,"up_reg",176
"155","CCND1","P24385",2,1570,4,0.313,0.616,2,88.5515780518928,2.832,"up_reg",6385
"156","SLC34A2","O95436",2,0,1,0.04,0.616,3,72.9698965387509,7.372,"up_reg",287
"157","CKAP2","Q8WWK9",10,0,1,0.332,0.615,2,59.5370678783383,2.062,"up_reg",74
"158","CENPN","Q96H22",2,0,1,0.3,0.612,1,86.2099712952996,2.256,"up_reg",67
"159","IL2RG","P31785",2,0,2,0.234,0.609,1,76.8157961783439,2.289,"up_reg",1135
"160","CD74","P04233",2,641,3,0.198,0.605,1,70.6713779863481,3.6,"up_reg",1181
"161","ESRP1","Q6NXG1",15,0,1,0.187,0.604,1,78.0681606168892,5.719,"up_reg",197
"162","IQGAP3","Q86VI3",2,0,1,0.181,0.604,2,79.626746793641,2.578,"up_reg",85
"163","DSC2","Q02487",2,250,2,0.275,0.6,1,76.5627940128297,3.274,"up_reg",297
"164","APOBEC3B","Q9UH17",2,0,1,0.283,0.593,1,88.3310271437384,2.683,"up_reg",399
"165","OAS2","P29728",10,2,3,0.27,0.588,1,87.7412699776594,3.276,"up_reg",278
"166","CXCR4","P61073",2,0,1,0.122,0.585,1,82.8083891660727,3.293,"up_reg",15911
"167","BCL11A","Q9H165",2,0,1,0.176,0.584,3,52.4647473008919,3.849,"up_reg",705
"168","NRARP","Q7Z6K4",2,0,1,0.142,0.584,1,82.9288041002278,2.142,"up_reg",46
"169","RACGAP1","Q9H0H5",2,634,5,0.133,0.584,2,69.8631812700965,2.784,"up_reg",171
"170","DSP","P15924",2,0,1,0.224,0.581,1,80.1721034363068,4.367,"up_reg",5440
"171","CA9","Q16790",7,0,1,0.253,0.58,2,76.9837717546362,2.557,"up_reg",2014
"172","HLA-DRA","A0A0G2JMH6",2,945,2,0.196,0.578,1,89.9354104846687,3.805,"up_reg",1221
"173","FCGR1A","P12314",2,0,1,0.35,0.568,2,84.9618617021277,2.045,"up_reg",253
"174","CLDN6","P56747",2,248,6,0.114,0.566,1,80.7301104294478,5.022,"up_reg",113
"175","MRPL3","P09001",21,0,1,0.309,0.566,1,87.3616685001834,2.011,"up_reg",27
"176","MARVELD2","Q8N4S9",2,1275,4,0.305,0.564,1,67.2056255526083,2.487,"up_reg",78
"177","RPS6KA1","Q15418",2,826,3,0.06,0.562,3,77.4625317324185,2.369,"up_reg",451
"178","KIF2C","Q99661",2,855,4,0.07,0.558,2,74.6576222300387,3.115,"up_reg",295
"179","TK1","P04183",2,316,3,0.284,0.554,2,82.3099831460674,4.627,"up_reg",777
"180","UBE2S","Q16763",2,20387,9,0.168,0.552,1,81.850285884455,2.597,"up_reg",116
"181","HLA-DMB","P28068",2,0,1,0.451,0.541,1,89.0459577603143,2.989,"up_reg",427
"182","CITED4","Q96RK1",9,1,2,0.279,0.537,1,61.0645731707317,2.908,"up_reg",42
"183","ECT2","Q9H8V3",2,0,3,0.116,0.537,1,71.662188876652,3.377,"up_reg",384
"184","IGKV2D-28","P01615",2,2371,8,0.087,0.535,1,90.5837073707371,2.826,"up_reg",4
"185","THEM6","Q8WUY1",30,0,1,0.187,0.534,1,94.9329089827484,2.835,"up_reg",6
"186","NDC80","O14777",2,2233,4,0.161,0.532,2,78.6095798805165,2.65,"up_reg",592
"187","LSR","Q86X29",2,0,2,0.029,0.531,2,57.3279613776628,4.591,"up_reg",1446
"188","EPPK1","P58107",2,949,2,0.206,0.53,2,83.0886545454545,2.867,"up_reg",38
"189","KRT18","P05783",2,2520,5,0.125,0.53,1,80.2997508896797,5.838,"up_reg",409
"190","TYMS","P04818",2,0,2,0.38,0.529,1,94.1360612082671,2.476,"up_reg",818
"191","CENPF","P49454",2,768,3,0.399,0.524,2,72.4119894505495,3.443,"up_reg",385
"192","RBBP8","Q99708",2,321,3,0.355,0.524,1,53.5079089635854,2.03,"up_reg",287
"193","TM4SF1","P30408",2,0,1,0.246,0.523,1,81.2796222664016,2.427,"up_reg",151
"194","CDK5","Q00535",2,0,2,0.253,0.522,1,91.4416410912191,2.103,"up_reg",3066
"195","MCM2","P49736",2,0,2,0.139,0.522,3,76.522590572108,2.474,"up_reg",1556
"196","S100A4","P26447",2,621,2,0.313,0.516,1,85.1867277167277,2.289,"up_reg",1705
"197","CENPM","Q9NSP4",2,0,1,0.181,0.514,1,89.7646820809249,3.002,"up_reg",49
"198","DTL","Q9NZJ0",2,0,1,0.101,0.511,2,63.439316223977,2.34,"up_reg",625
"199","ASPM","Q8IZT6",2,470,3,0.281,0.507,2,68.9559601294939,2.226,"up_reg",510
"200","MUC16","Q8WXI7",2,321,2,0.129,0.507,3,61.6742145922747,6.368,"up_reg",1348
"201","PNP","P00491",25,0,1,0.189,0.507,1,94.0517988480284,2.375,"up_reg",6776
"202","PTPN6","P29350",2,4961,4,0.243,0.507,1,86.4121643202353,2.699,"up_reg",1532
"203","ITGB4","P16144",2,960,4,0.154,0.505,1,69.9773278781038,3.695,"up_reg",363
"204","DSP","P15924",2,0,1,0.58,0.504,2,77.4571179302046,4.367,"up_reg",5440
"205","PTTG1","O95997",2,0,4,0.339,0.504,1,64.5439896707553,4.734,"up_reg",437
"206","CDKN2A","P42771",2,0,2,0.396,0.503,2,75.5943706896552,7.308,"up_reg",13650
"207","LPAR3","Q9UBY5",2,0,1,0.018,0.503,1,81.8925825932504,3.452,"up_reg",129
"208","CDH6","P55285",2,4752,2,0.178,0.502,1,78.7635931222883,3.847,"up_reg",108
"209","ERBB3","P21860",2,3078,6,0.108,0.502,1,72.8253734800232,4.024,"up_reg",2707
"210","EPPK1","P58107",2,949,2,0.114,0.501,1,79.2517849639171,2.867,"up_reg",38
"211","CXCL1","P09341",2,959,5,0.207,0.499,1,82.2711421319797,2.243,"up_reg",6209
"212","EVPL","Q92817",2,0,1,0.174,0.499,1,73.1754180499201,3.204,"up_reg",34
"213","KIF23","Q02241",2,1639,4,0.314,0.498,1,73.073534214619,2.401,"up_reg",207
"214","RHOF","Q9HBH0",2,3427,3,0.216,0.497,1,92.2032789855072,2.464,"up_reg",82
"215","EPPK1","P58107",2,949,2,0.112,0.491,2,82.3916662015071,2.867,"up_reg",38
"216","ANXA3","P12429",2,0,1,0.484,0.487,1,96.3413213448006,3.309,"up_reg",190
"217","CENPF","P49454",2,768,3,0.437,0.484,2,70.995527633697,3.443,"up_reg",385
"218","CDCA8","Q53HL2",2,641,5,0.388,0.483,1,68.7891859936335,3.284,"up_reg",204
"219","LEF1","Q9UJU2",2,657,4,0.14,0.477,1,57.8391961414791,2.03,"up_reg",2084
"220","CDK1","P06493",2,8984,11,0.514,0.471,1,89.3155051975052,3.397,"up_reg",5952
"221","NDUFS8","O00217",2,0,1,0.547,0.47,1,89.1910072376357,2.066,"up_reg",70
"222","DEPDC1B","Q8WUY9",2,0,1,0.107,0.469,1,77.3635097813579,2.157,"up_reg",54
"223","EPPK1","P58107",2,949,2,0.325,0.465,1,80.0846162351424,2.867,"up_reg",38
"224","EPPK1","P58107",2,949,2,0.303,0.465,1,81.4640277389928,2.867,"up_reg",38
"225","EPPK1","P58107",2,949,2,0.164,0.464,1,78.6968298068077,2.867,"up_reg",38
"226","MUC16","Q8WXI7",2,321,2,0.089,0.463,1,74.6556522545927,6.368,"up_reg",1348
"227","SPON1","Q9HCB6",4,0,1,0.074,0.461,1,77.4239362876518,2.812,"up_reg",119
"228","FAM83D","Q9H4H8",2,0,2,0.14,0.459,1,64.4271687279152,3.418,"up_reg",57
"229","OAS1","P00973",10,0,2,0.31,0.455,1,84.2137788728057,2.742,"up_reg",681
"230","CLIC5","Q9NZA1",2,0,1,0.184,0.454,1,68.2100824679291,3.622,"up_reg",79
"231","CEBPA","P49715",2,960,4,0.467,0.453,1,63.6736830188679,2.139,"up_reg",1907
"232","CENPF","P49454",2,768,3,0.416,0.452,1,70.5056078431373,3.443,"up_reg",385
"233","S100A1","P23297",2,321,2,0.469,0.452,2,82.7868783783784,7.86,"up_reg",521
"234","DOK7","Q18PE1",2,0,1,0.15,0.45,1,66.4231492897347,3.656,"up_reg",193
"235","NDUFC2","O95298",2,318,2,0.321,0.45,2,90.9661791044776,2.198,"up_reg",29
"236","EPPK1","P58107",2,949,2,0.164,0.448,1,81.3117876073844,2.867,"up_reg",38
"237","DEPDC1","Q5TB30",2,0,1,0.111,0.445,1,61.0503570881226,2.235,"up_reg",91
"238","PI3","P19957",2,321,2,0.417,0.443,1,71.7690610328638,4.624,"up_reg",9622
"239","MYH14","Q7Z406",2,0,1,0.245,0.442,1,74.6509746345121,4.614,"up_reg",115
"240","PPP1CA","P62136",2,934,5,0.206,0.44,1,91.5526896813354,2.399,"up_reg",98
"241","KIF18B","Q86Y91",2,0,3,0.2,0.437,1,62.7438713629403,2.776,"up_reg",74
"242","CCL5","P13501",2,6784,5,0.141,0.432,1,89.3350500715308,2.701,"up_reg",8479
"243","MYO5B","Q9ULV0",22,0,1,0.304,0.432,1,75.5039842865703,3.554,"up_reg",185
"244","AURKA","O14965",2,0,5,0.139,0.431,1,75.9057868649318,2.348,"up_reg",2465
"245","SMKR1","H3BMG3",2,0,1,0.229,0.43,1,70.6435470941884,2.668,"up_reg",1
"246","STXBP2","Q15833",2,321,2,0.122,0.43,1,90.5337283051211,2.856,"up_reg",160
"247","EPPK1","P58107",2,949,2,0.32,0.425,1,79.7166317818783,2.867,"up_reg",38
"248","CKS1B","P61024",2,1862,3,0.172,0.423,1,92.1724926686217,2.524,"up_reg",191
"249","PLS1","Q14651",2,0,1,0.067,0.423,1,87.84443273906,2.578,"up_reg",352
"250","TUBB3","Q13509",2,0,1,0.202,0.422,1,91.4775007068137,2.807,"up_reg",932
"251","MIF","P14174",2,640,3,0.417,0.418,1,98.5943085714286,2.353,"up_reg",6372
"252","C2","P06681",6,0,1,0.079,0.417,1,88.4958757062147,3.097,"up_reg",83261
"253","EPPK1","P58107",2,949,2,0.175,0.414,2,81.0833869468204,2.867,"up_reg",38
"254","CDKN3","Q16667",2,0,1,0.472,0.413,1,91.0594891826923,3.296,"up_reg",184
"255","GAPDH","P04406",2,3136,3,0.345,0.413,1,98.1707061143984,2.302,"up_reg",8500
"256","OAS3","Q9Y6K5",10,0,2,0.107,0.413,2,86.8156041251611,2.389,"up_reg",199
"257","TPD52","P55327",2,321,4,0.35,0.412,1,68.1763684210526,4.381,"up_reg",183
"258","RASSF7","Q02833",2,0,1,0.307,0.409,1,74.5704462691896,2.925,"up_reg",42
"259","CCL20","P78556",2,321,2,0.403,0.405,1,89.3848865153538,2.375,"up_reg",2592
"260","BUB1","O43683",2,641,3,0.138,0.403,1,64.124272589836,3.174,"up_reg",1283
"261","MUC16","Q8WXI7",2,321,2,0.196,0.403,1,73.854410041841,6.368,"up_reg",1348
"262","MRPL14","Q6P1L8",21,0,1,0.335,0.4,1,86.2202680965147,2.001,"up_reg",12
"263","TACC3","Q9Y6A5",2,0,1,0.259,0.4,1,58.3400047378395,2.6,"up_reg",369
"264","HLA-DRB1","P01911",2,0,2,0.309,0.398,0,89.1249692089057,3.096,"up_reg",10647
"265","SORT1","Q99523",2,321,4,0.176,0.394,0,83.496135101789,2.984,"up_reg",283
"266","OASL","Q15646",2,0,1,0.34,0.392,0,92.2869968892079,2.659,"up_reg",267
"267","EPPK1","P58107",2,949,2,0.229,0.391,0,80.8731772140136,2.867,"up_reg",38
"268","CCL2","P13500",2,1585,3,0.274,0.389,0,87.5629350649351,2.675,"up_reg",20906
"269","SLC7A1","P30825",2,321,2,0.129,0.387,0,81.6264296233958,2.011,"up_reg",218
"270","CEP55","Q53EZ4",2,321,3,0.284,0.386,0,82.7930478192328,3.412,"up_reg",273
"271","CENPF","P49454",2,768,3,0.219,0.384,0,70.8340929025329,3.443,"up_reg",385
"272","KRT23","Q9C075",2,634,3,0.182,0.382,0,78.4309623926562,4.261,"up_reg",47
"273","MMP7","P09237",2,640,3,0.296,0.381,0,87.5878133971292,6.437,"up_reg",3045
"274","HLA-DQA1","P01909",2,321,3,0.385,0.38,0,88.7141500765697,3.337,"up_reg",1988
"275","RRM2","P31350",2,0,1,0.276,0.377,0,80.1260056925996,4.218,"up_reg",904
"276","CDCA5","Q96FF9",2,0,1,0.258,0.376,0,63.5050515995872,3.512,"up_reg",156
"277","KIF1A","Q12756",2,1410,6,0.106,0.373,0,71.0182512847248,2.574,"up_reg",351
"278","SPC24","Q8NBT2",2,0,1,0.345,0.372,0,91.3933649588868,3.081,"up_reg",79
"279","EPPK1","P58107",2,949,2,0.118,0.37,0,82.671392666229,2.867,"up_reg",38
"280","TYROBP","O43914",2,0,1,0.285,0.361,0,64.5492966002345,3.283,"up_reg",600
"281","ASPM","Q8IZT6",2,470,3,0.161,0.36,0,63.085167830403,2.226,"up_reg",510
"282","CD47","Q08722",2,6884,5,0.24,0.36,0,86.5745961227787,2.62,"up_reg",2510
"283","CLDN4","O14493",2,0,4,0.511,0.36,0,84.5215399610136,7.512,"up_reg",625
"284","GRB7","Q14451",2,0,1,0.214,0.36,0,78.8887791527844,4.794,"up_reg",309
"285","ASPM","Q8IZT6",2,470,3,0.271,0.359,0,70.4000076936228,2.226,"up_reg",510
"286","COX7B","P24311",2,323,4,0.404,0.355,0,90.2763777089783,2.339,"up_reg",50
"287","CENPW","Q5EE01",2,0,1,0.31,0.353,0,89.6991914893617,2.474,"up_reg",60
"288","KIFC1","Q9BW19",2,577,3,0.202,0.353,0,77.8832572975063,2.618,"up_reg",186
"289","MISP","Q8IVT2",2,347,2,0.227,0.353,0,54.6958236179015,3.798,"up_reg",191
"290","RUNX3","Q13761",2,972,3,0.403,0.35,0,62.2155708787684,2.292,"up_reg",1559
"291","VAMP8","Q9BV40",2,957,4,0.286,0.35,0,90.4586815920398,4.243,"up_reg",316
"292","CTSS","P25774",2,0,1,0.287,0.348,0,94.5417363221885,2.249,"up_reg",562
"293","ASF1B","Q9NVP2",2,0,1,0.391,0.346,0,85.6471954314721,4.052,"up_reg",113
"294","MUC16","Q8WXI7",2,321,2,0.102,0.344,0,76.3068718298868,6.368,"up_reg",1348
"295","FCGR3A","P08637",2,699,2,0.351,0.341,0,85.6387159533074,2.36,"up_reg",762
"296","JCHAIN","P01591",2,0,1,0.32,0.338,0,87.0708458498024,2.403,"up_reg",216
"297","DSP","P15924",2,0,1,0.165,0.337,0,77.4238286211396,4.367,"up_reg",5440
"298","CENPF","P49454",2,768,3,0.173,0.336,0,71.950278588485,3.443,"up_reg",385
"299","EPPK1","P58107",2,949,2,0.491,0.336,0,81.5679687645254,2.867,"up_reg",38
"300","SERPINA1","P01009",2,1439,5,0.431,0.336,0,89.0052049802612,3.375,"up_reg",1051
"301","TNNI3","P19429",2,481,3,0.175,0.334,0,78.1710985748219,3.024,"up_reg",281
"302","EPPK1","P58107",2,949,2,0.203,0.333,0,82.9678756035217,2.867,"up_reg",38
"303","EPPK1","P58107",2,949,2,0.151,0.33,0,82.028489201965,2.867,"up_reg",38
"304","HLA-DRB5","Q30154",2,3,3,0.385,0.33,0,88.2778386031147,2.685,"up_reg",548
"305","SDC3","O75056",2,0,1,0.322,0.329,0,53.0157990012484,2.148,"up_reg",173
"306","CKMT1A","P12532",11,0,1,0.049,0.325,0,90.0594288304624,2.831,"up_reg",20
"307","CKMT1B","P12532",11,0,1,0.049,0.325,0,90.0594288304624,3.112,"up_reg",16
"308","CLDN9","O95484",2,191,6,0.387,0.32,0,81.1808573216521,2.698,"up_reg",51
"309","ZWINT","O95229",2,0,1,0.268,0.32,0,79.4582673942701,3.063,"up_reg",129
"310","EPPK1","P58107",2,949,2,0.246,0.315,0,79.7224021252796,2.867,"up_reg",38
"311","CHD7","Q9P2D1",2,0,1,0.065,0.308,0,70.1700842031401,2.15,"up_reg",639
"312","MUC16","Q8WXI7",2,321,2,0.065,0.305,0,75.3993635103926,6.368,"up_reg",1348
"313","NOL4L","Q96MY1",2,0,1,0.262,0.302,0,62.4597637079673,2.713,"up_reg",11
"314","REC8","O95072",2,160,3,0.349,0.297,0,64.693306122449,2.239,"up_reg",418
"315","E2F1","Q01094",2,1297,5,0.159,0.295,0,63.7350409463148,2.013,"up_reg",5116
"316","TACSTD2","P09758",2,0,1,0.332,0.294,0,82.2203,5.937,"up_reg",296
"317","CXCL17","Q6UXB2",2,2189,5,0.06,0.292,0,59.5331502590674,4.291,"up_reg",103
"318","GINS1","Q14691",2,464,3,0.241,0.287,0,93.3026906385617,2.178,"up_reg",67
"319","UBE2C","O00762",2,15543,8,0.355,0.286,0,89.6987066473989,6.387,"up_reg",434
"320","PPP1R1B","Q9UD71",2,0,1,0.401,0.285,0,66.0413842333954,2.34,"up_reg",389
"321","CCNE1","P24864",2,300,3,0.101,0.284,0,79.9765767949106,3.564,"up_reg",1060
"322","CXCL9","Q07325",2,0,2,0.304,0.283,0,87.9239755351682,2.335,"up_reg",3394
"323","S100A2","P29034",2,0,1,0.329,0.282,0,87.0577677419355,3.668,"up_reg",303
"324","DSP","P15924",2,0,1,0.201,0.279,0,80.8613886260002,4.367,"up_reg",5440
"325","TFAP2C","Q92754",9,0,1,0.181,0.278,0,66.8880300838878,3.4,"up_reg",281
"326","EPHA1","P21709",2,0,3,0.216,0.277,0,80.6423741765481,2.114,"up_reg",315
"327","MSLN","Q13421",2,0,1,0.171,0.275,0,79.0873356686586,8.236,"up_reg",808
"328","SPI1","P17947",2,0,1,0.383,0.269,0,65.9968795620438,2.208,"up_reg",1313
"329","AP1M2","Q9Y6Q5",2,6563,12,0.188,0.268,0,93.091293078056,6.172,"up_reg",40
"330","IL18","Q14116",2,321,2,0.438,0.267,0,89.070800256082,2.55,"up_reg",16093
"331","LCN2","P80188",2,0,1,0.14,0.259,0,91.9916917293233,7.445,"up_reg",3658
"332","STXBP6","Q8NFX7",29,0,1,0.123,0.254,0,87.121392251816,2.077,"up_reg",31
"333","EPCAM","P16422",2,0,1,0.289,0.252,0,87.506487704918,7.142,"up_reg",9818
"334","TNNT1","P13805",2,0,2,0.147,0.251,0,74.9739308855292,5.079,"up_reg",141
"335","CCL3","P10147",2,0,1,0.305,0.249,0,89.8919487908962,2.393,"up_reg",4701
"336","KRT7","P08729",2,0,1,0.442,0.249,0,75.6942096505824,7.425,"up_reg",692
"337","CLDN16","Q9Y5I7",2,0,5,0.14,0.247,0,69.1026422250316,3.963,"up_reg",118
"338","TRIM29","Q14134",2,0,1,0.011,0.247,0,62.3691121697705,4.081,"up_reg",178
"339","S100A5","P33763",2,0,1,0.42,0.246,0,93.6318983957219,2.074,"up_reg",50
"340","UBD","O15205",2,0,1,0.376,0.245,0,85.7650658404338,3.138,"up_reg",633
"341","CENPF","P49454",2,768,3,0.328,0.243,0,70.3329779477147,3.443,"up_reg",385
"342","RAD51AP1","Q96B01",2,0,1,0.122,0.242,0,58.7984421364985,2.749,"up_reg",94
"343","FAM181A","Q8N9Y4",2,0,1,0.33,0.241,0,60.5045831803158,2.773,"up_reg",11
"344","LILRB4","Q8NHJ6",2,2232,2,0.423,0.24,0,66.7008059873345,2.526,"up_reg",208
"345","CHD7","Q9P2D1",2,0,1,0.138,0.239,0,61.1611983433871,2.15,"up_reg",639
"346","VGLL1","Q99990",2,0,1,0.305,0.237,0,58.2235029644269,4.06,"up_reg",32
"347","NTN1","O95631",24,0,1,0.246,0.236,0,88.7174857384323,2.001,"up_reg",738
"348","CDT1","Q9H211",2,1678,4,0.393,0.234,0,74.9077927289896,3.489,"up_reg",655
"349","CFB","P00751",6,0,1,0.09,0.232,0,85.8838985024958,4.148,"up_reg",1530
"350","CLDN1","O95832",2,5435,6,0.392,0.231,0,84.7003894472362,2.704,"up_reg",1278
"351","CXCL10","P02778",2,9126,5,0.109,0.23,0,90.0851058201058,5,"up_reg",8864
"352","HLA-DPB1","P04440",2,0,2,0.168,0.229,0,87.1375744265495,2.324,"up_reg",1195
"353","SYNGR2","O43760",27,0,1,0.192,0.229,0,81.6683229107447,2.198,"up_reg",14
"354","CDH1","P12830",2,18603,8,0.076,0.224,0,79.8905516739447,4.187,"up_reg",5699
"355","MPPED2","Q15777",2,0,1,0.12,0.222,0,95.3671483050847,2.439,"up_reg",28
"356","TNFAIP2","Q03169",29,0,1,0.238,0.221,0,85.9486219702893,2.681,"up_reg",97
"357","UHRF1","Q96T88",2,479,5,0.21,0.221,0,81.267136731777,2.227,"up_reg",695
"358","MUC16","Q8WXI7",2,321,2,0.085,0.22,0,75.5409531293335,6.368,"up_reg",1348
"359","CD48","P09326",2,640,2,0.445,0.219,0,83.7272325102881,2.354,"up_reg",1311
"360","EPPK1","P58107",2,949,2,0.118,0.219,0,79.6151993752297,2.867,"up_reg",38
"361","CDC20","Q12834",2,3055,5,0.319,0.217,0,84.8543494038362,5.402,"up_reg",1649
"362","KRT80","Q6KB66",2,323,3,0.411,0.209,0,76.7673063877897,2.851,"up_reg",32
"363","CHD7","Q9P2D1",2,0,1,0.108,0.204,0,64.0893485051316,2.15,"up_reg",639
"364","SDC1","P18827",2,7057,7,0.4,0.203,0,55.993032427695,3.271,"up_reg",1547
"365","HOXB4","P17483",17,0,1,0.094,0.202,0,68.074049331963,2.719,"up_reg",429
"366","TRIB1","Q96RU8",2,0,1,0.268,0.201,0,77.9467487001733,2.685,"up_reg",270
"367","HLA-DQB1","P01920",2,7269,4,0.257,0.2,0,87.1120975378788,3.059,"up_reg",3666
"368","SPINT1","O43278",28,0,1,0.107,0.2,0,77.018365901319,5.629,"up_reg",238
"369","KRT19","P08727",2,5,3,0.374,0.199,0,81.4000710135571,2.837,"up_reg",448
"370","CD68","P34810",2,321,2,0.38,0.197,0,74.3389521640091,2.899,"up_reg",14771
"371","CKS2","P33552",2,12361,6,0.368,0.194,0,92.8712195121951,4.009,"up_reg",168
"372","LTB","Q06643",2,0,1,0.279,0.194,0,78.3980803571429,2.626,"up_reg",2404
"373","APLP1","P51693",4,0,1,0.12,0.183,0,69.7225207264114,2.774,"up_reg",286
"374","CCL28","Q9NRJ3",2,10856,4,0.193,0.182,0,73.2239418254764,2.715,"up_reg",356
"375","HMGA1","P17096",2,0,2,0.159,0.181,0,65.4623716381418,6.133,"up_reg",1299
"376","SOX17","Q9H6I2",2,0,1,0.278,0.181,0,59.278843427835,4.571,"up_reg",1020
"377","CXCL11","O14625",2,0,1,0.353,0.178,0,77.9241944444444,2.822,"up_reg",1583
"378","WWC1","Q8IX03",13,0,1,0.055,0.175,0,61.5014188267394,4.036,"up_reg",174
"379","ATP6V1B1","P15313",2,640,2,0.271,0.172,0,87.1985893259835,5.214,"up_reg",151
"380","NMU","P48645",2,0,1,0.141,0.161,0,63.7295382395382,4.036,"up_reg",1510
"381","CLDN7","O95471",2,646,6,0.254,0.152,0,82.249462571977,6,"up_reg",302
"382","MUC16","Q8WXI7",2,321,2,0.095,0.146,0,75.5181759078666,6.368,"up_reg",1348
"383","PDZK1IP1","Q13113",2,0,1,0.247,0.145,0,65.2075262543757,5.609,"up_reg",81
"384","ESPN","B1AK53",2,960,4,0.114,0.144,0,68.309967416602,5.082,"up_reg",202
"385","RGCC","Q9H4X1",2,0,1,0.314,0.141,0,71.5815444770283,2.296,"up_reg",128
"386","COL9A2","Q14055",1,0,1,0.053,0.14,0,55.6342726281352,2.741,"up_reg",166
"387","KLK8","O60259",18,0,1,0.329,0.14,0,88.5364256619145,7.059,"up_reg",184
"388","CHI3L1","P36222",2,4029,3,0.134,0.135,0,94.9914594414894,5.584,"up_reg",1593
"389","FOXQ1","Q9C009",2,0,1,0.151,0.132,0,62.1169364754098,3.448,"up_reg",206
"390","PITX1","P78337",2,0,1,0.326,0.132,0,63.2664494569758,2.48,"up_reg",479
"391","EPPK1","P58107",2,949,2,0.162,0.131,0,79.6003888111888,2.867,"up_reg",38
"392","RAB25","P57735",22,0,1,0.148,0.13,0,87.0835269207501,5.877,"up_reg",189
"393","CLIC3","O95833",12,0,1,0.143,0.127,0,94.1589930740543,3.111,"up_reg",47
"394","TUBB4A","P04350",2,0,1,0.19,0.124,0,92.2430899683817,2.061,"up_reg",118
"395","CFAP126","Q5VTH2",5,0,2,0.132,0.123,0,76.8137159676233,2.841,"up_reg",2
"396","ESRP2","Q9H6T0",15,0,1,0.052,0.103,0,74.3253738656987,3.012,"up_reg",77
"397","SKA1","Q96BD8",2,0,2,0.218,0.102,0,85.822417794971,2.014,"up_reg",114
"398","CHD7","Q9P2D1",2,0,1,0.653,0.101,0,61.2850644930133,2.15,"up_reg",639
"399","CHD7","Q9P2D1",2,0,1,0.058,0.1,0,58.9883284430589,2.15,"up_reg",639
"400","ISG15","P05161",2,1595,6,0.503,0.095,0,86.5401352426412,4.121,"up_reg",1802
"401","SFN","P31947",2,1835,6,0.296,0.091,0,93.3850436569081,3.792,"up_reg",2475
"402","CDCA7","Q9BWT1",2,0,1,0.158,0.087,0,66.7129878869448,2.376,"up_reg",84
"403","CHMP4C","Q96CF2",2,0,1,0.263,0.083,0,77.3580584099513,3.241,"up_reg",64
"404","CCNB2","O95067",2,8445,7,0.089,0.073,0,80.3833301857098,4.248,"up_reg",453
"405","SPP1","P10451",2,0,2,0.312,0.072,0,53.139786977492,5.574,"up_reg",4957
"406","ILDR1","Q86SU0",2,0,1,0.115,0.071,0,58.9638745471014,2.991,"up_reg",49
"407","CHD7","Q9P2D1",2,0,1,0.057,0.066,0,58.2107583535981,2.15,"up_reg",639
"408","COL10A1","Q03692",1,1,2,-0.01,0.058,0,61.4977457264957,2.111,"up_reg",678
"409","EPPK1","P58107",2,949,2,0.207,0.048,0,78.8788004473856,2.867,"up_reg",38
"410","DEFB1","P60022",2,0,1,0.369,0.031,0,82.1570038910506,5.25,"up_reg",601
"411","EPS8L1","Q8TE68",2,0,1,0.064,0.026,0,75.6164732932437,4.534,"up_reg",11
"412","HOXB7","P09629",17,0,1,-0.001,0.021,0,66.8695204262877,3.517,"up_reg",318
"413","JUP","P14923",2,4651,4,0.091,0.021,0,81.1056283866457,2.332,"up_reg",483
"414","MUC16","Q8WXI7",2,321,2,0.186,0.021,0,67.4367753793949,6.368,"up_reg",1348
"415","MAD2L1","Q13257",2,1901,4,0.178,0.019,0,93.7585265700483,2.442,"up_reg",681
"416","C15orf48","Q9C002",2,0,2,0.212,0.018,0,89.8482448377581,3.243,"up_reg",21
"417","SYTL1","Q8IYJ3",2,640,2,0.036,0.011,0,72.7778081248565,2.791,"up_reg",40
"418","CRIP1","P50238",2,0,1,0.37,0.009,0,82.3943361344538,4.637,"up_reg",118
