"","uniprot_gn_id","external_gene_name","cluster","betweenness","degree_centrality","file_id","ID","pocket","druggability","num_drug_pockets","struct_score"
"226","Q685J3","MUC17",3,0,1,"AF-Q685J3-F12-model_v4","Q685J3-F12",0.13,1,3,55.2405705081575
"229","Q685J3","MUC17",3,0,1,"AF-Q685J3-F5-model_v4","Q685J3-F5",0.317,1,7,50.3874125077656
"231","Q685J3","MUC17",3,0,1,"AF-Q685J3-F3-model_v4","Q685J3-F3",0.321,1,5,57.0481037344398
"232","Q685J3","MUC17",3,0,1,"AF-Q685J3-F2-model_v4","Q685J3-F2",0.338,0.999,8,53.7420016594068
"222","Q685J3","MUC17",3,0,1,"AF-Q685J3-F10-model_v4","Q685J3-F10",0.303,0.998,8,57.3136964859542
"227","Q685J3","MUC17",3,0,1,"AF-Q685J3-F11-model_v4","Q685J3-F11",0.223,0.998,4,55.8011703011423
"228","Q685J3","MUC17",3,0,1,"AF-Q685J3-F13-model_v4","Q685J3-F13",0.184,0.998,9,52.1710827629123
"172","Q02224","CENPE",2,0,1,"AF-Q02224-F6-model_v4","Q02224-F6",0.135,0.997,5,72.5524854202401
"223","Q685J3","MUC17",3,0,1,"AF-Q685J3-F7-model_v4","Q685J3-F7",0.253,0.996,7,51.4707361010457
"230","Q685J3","MUC17",3,0,1,"AF-Q685J3-F1-model_v4","Q685J3-F1",0.162,0.996,6,51.8669174632542
"93","P21926","CD9",3,194,6,"AF-P21926-F1-model_v4","P21926-F1",0.063,0.994,1,88.1191475042064
"195","Q14680","MELK",2,0,1,"AF-Q14680-F1-model_v4","Q14680-F1",0.159,0.993,1,70.6437161388783
"224","Q685J3","MUC17",3,0,1,"AF-Q685J3-F6-model_v4","Q685J3-F6",0.273,0.993,5,57.7093163011998
"225","Q685J3","MUC17",3,0,1,"AF-Q685J3-F17-model_v4","Q685J3-F17",0.018,0.993,2,52.4057740764467
"401","Q9UBH6","XPR1",2,0,1,"AF-Q9UBH6-F1-model_v4","Q9UBH6-F1",0.207,0.993,3,83.7337209705373
"140","P52732","KIF11",2,268,4,"AF-P52732-F1-model_v4","P52732-F1",0.141,0.991,1,74.7686384864088
"118","P35354","PTGS2",2,256,2,"AF-P35354-F1-model_v4","P35354-F1",0.262,0.987,1,93.3276978417266
"203","Q15561","TEAD4",2,0,1,"AF-Q15561-F1-model_v4","Q15561-F1",0.243,0.986,2,76.5831209630065
"68","P07148","FABP1",2,0,1,"AF-P07148-F1-model_v4","P07148-F1",-0.023,0.981,1,94.9501004016064
"344","Q9BZC7","ABCA2",2,3146,2,"AF-Q9BZC7-F1-model_v4","Q9BZC7-F1",0.258,0.976,5,72.3389071383449
"36","O43663","PRC1",2,0,1,"AF-O43663-F1-model_v4","O43663-F1",0.226,0.975,2,80.1142706257473
"363","Q9NPE6","SPAG4",2,0,1,"AF-Q9NPE6-F1-model_v4","Q9NPE6-F1",0.378,0.975,1,71.5642399294325
"322","Q96Q89","KIF20B",2,0,2,"AF-Q96Q89-F1-model_v4","Q96Q89-F1",0.232,0.971,4,63.7483354768835
"152","P62807","H2BC6",2,621,13,"AF-P62807-F1-model_v4","P62807-F1",0.291,0.965,1,87.8297338792221
"153","P62807","H2BC4",2,151,9,"AF-P62807-F1-model_v4","P62807-F1",0.291,0.965,1,87.8297338792221
"154","P62807","H2BC8",2,8042,14,"AF-P62807-F1-model_v4","P62807-F1",0.291,0.965,1,87.8297338792221
"155","P62807","H2BC7",2,2460,13,"AF-P62807-F1-model_v4","P62807-F1",0.291,0.965,1,87.8297338792221
"156","P62807","H2BC10",2,6613,14,"AF-P62807-F1-model_v4","P62807-F1",0.291,0.965,1,87.8297338792221
"170","Q02224","CENPE",2,0,1,"AF-Q02224-F2-model_v4","Q02224-F2",0.126,0.96,2,70.7644444444445
"265","Q8TD57","DNAH3",7,0,1,"AF-Q8TD57-F4-model_v4","Q8TD57-F4",0.164,0.96,4,85.6663929332386
"76","P10276","RARA",2,1179,15,"AF-P10276-F1-model_v4","P10276-F1",0.362,0.958,1,79.418920518602
"79","P13498","CYBA",2,1015,3,"AF-P13498-F1-model_v4","P13498-F1",0.48,0.957,1,77.0298854447439
"100","P23527","H2BC17",2,676,9,"AF-P23527-F1-model_v4","P23527-F1",0.371,0.957,2,88.0009928352098
"115","P33981","TTK",2,1015,4,"AF-P33981-F1-model_v4","P33981-F1",0.087,0.956,1,63.954351783879
"347","Q9BZV2","SLC19A3",3,0,1,"AF-Q9BZV2-F1-model_v4","Q9BZV2-F1",0.137,0.955,2,82.1684011184545
"40","O75084","FZD7",2,511,3,"AF-O75084-F1-model_v4","O75084-F1",0.435,0.953,3,84.1490576150067
"142","P53350","PLK1",2,2827,10,"AF-P53350-F1-model_v4","P53350-F1",0.175,0.953,2,85.1698896752706
"101","P24001","IL32",2,0,1,"AF-P24001-F1-model_v4","P24001-F1",0.099,0.95,2,71.1900160599572
"169","Q02224","CENPE",2,0,1,"AF-Q02224-F3-model_v4","Q02224-F3",0.416,0.949,1,70.8415997235899
"255","Q8IZT6","ASPM",2,650,4,"AF-Q8IZT6-F10-model_v4","Q8IZT6-F10",0.434,0.949,4,62.6404820392025
"24","O15230","LAMA5",5,3,2,"AF-O15230-F12-model_v4","O15230-F12",0.086,0.946,2,79.2431394807853
"191","Q14432","PDE3A",2,0,1,"AF-Q14432-F1-model_v4","Q14432-F1",0.272,0.945,3,61.4864284900285
"332","Q99880","H2BC13",2,818,19,"AF-Q99880-F1-model_v4","Q99880-F1",0.414,0.944,2,87.4487040816327
"99","P23219","PTGS1",2,0,1,"AF-P23219-F1-model_v4","P23219-F1",0.142,0.943,1,94.1155716054478
"373","Q9NRC6","SPTBN5",2,0,1,"AF-Q9NRC6-F9-model_v4","Q9NRC6-F9",0.088,0.942,1,80.5840741069054
"113","P33778","H2BC3",2,1035,12,"AF-P33778-F1-model_v4","P33778-F1",0.423,0.941,2,87.6427142857143
"276","Q8TD57","DNAH3",7,0,1,"AF-Q8TD57-F14-model_v4","Q8TD57-F14",0.099,0.941,1,85.2511541897445
"164","P98095","FBLN2",8,0,1,"AF-P98095-F1-model_v4","P98095-F1",0.228,0.938,1,67.6160731319555
"39","O60814","H2BC12",2,5,10,"AF-O60814-F1-model_v4","O60814-F1",0.241,0.937,1,88.0577868852459
"148","P60763","RAC3",2,2502,5,"AF-P60763-F1-model_v4","P60763-F1",0.341,0.937,1,93.8337150466045
"5","O00482","NR5A2",2,1897,15,"AF-O00482-F1-model_v4","O00482-F1",0.203,0.936,2,72.8614365541327
"329","Q99877","H2BC15",2,611,19,"AF-Q99877-F1-model_v4","Q99877-F1",0.313,0.935,1,87.691308793456
"383","Q9NYC9","DNAH9",2,0,1,"AF-Q9NYC9-F12-model_v4","Q9NYC9-F12",0.087,0.93,2,85.7943238180196
"395","Q9NYC9","DNAH9",2,0,1,"AF-Q9NYC9-F13-model_v4","Q9NYC9-F13",0.158,0.928,1,84.3100259136806
"256","Q8IZT6","ASPM",2,650,4,"AF-Q8IZT6-F7-model_v4","Q8IZT6-F7",0.335,0.927,1,64.3894747828991
"44","O75419","CDC45",2,256,2,"AF-O75419-F1-model_v4","O75419-F1",0.323,0.926,1,92.8874267100977
"14","O14975","SLC27A2",4,0,1,"AF-O14975-F1-model_v4","O14975-F1",0.206,0.925,1,92.7394009681323
"328","Q99741","CDC6",2,1,2,"AF-Q99741-F1-model_v4","Q99741-F1",0.244,0.922,2,69.8394804010939
"301","Q8WXX0","DNAH7",7,0,1,"AF-Q8WXX0-F5-model_v4","Q8WXX0-F5",0.424,0.921,2,88.3114077237943
"19","O15230","LAMA5",5,3,2,"AF-O15230-F10-model_v4","O15230-F10",0.241,0.919,3,79.9928498342018
"25","O15230","LAMA5",5,3,2,"AF-O15230-F1-model_v4","O15230-F1",0.244,0.918,2,82.4136653161217
"307","Q92674","CENPI",2,8343,10,"AF-Q92674-F1-model_v4","Q92674-F1",0.058,0.915,3,72.7981596597415
"123","P49454","CENPF",2,1,3,"AF-P49454-F7-model_v4","P49454-F7",0.122,0.906,1,71.418744961032
"320","Q96KB5","PBK",2,0,2,"AF-Q96KB5-F1-model_v4","Q96KB5-F1",0.152,0.901,1,84.9070023696682
"78","P11388","TOP2A",2,2019,9,"AF-P11388-F1-model_v4","P11388-F1",0.045,0.897,1,76.4083174292472
"103","P26012","ITGB8",5,0,2,"AF-P26012-F1-model_v4","P26012-F1",0.085,0.896,1,76.4670721097541
"334","Q9BQS7","HEPH",6,0,1,"AF-Q9BQS7-F1-model_v4","Q9BQS7-F1",0.288,0.895,2,89.662720356483
"331","Q99879","H2BC14",2,8412,15,"AF-Q99879-F1-model_v4","Q99879-F1",0.365,0.888,2,86.1224313326551
"323","Q96R06","SPAG5",2,1011,5,"AF-Q96R06-F1-model_v4","Q96R06-F1",0.223,0.887,2,63.8131142310147
"42","O75330","HMMR",2,0,1,"AF-O75330-F1-model_v4","O75330-F1",0.192,0.886,2,76.1048990670059
"82","P15144","ANPEP",3,76,2,"AF-P15144-F1-model_v4","P15144-F1",0.232,0.886,1,93.7512643826761
"194","Q14674","ESPL1",2,0,1,"AF-Q14674-F1-model_v4","Q14674-F1",0.619,0.885,1,75.7783475713937
"263","Q8TD57","DNAH3",7,0,1,"AF-Q8TD57-F15-model_v4","Q8TD57-F15",0.172,0.885,2,86.9610395148299
"114","P33897","ABCD1",4,0,1,"AF-P33897-F1-model_v4","P33897-F1",0.179,0.884,1,81.7340458668492
"9","O14578","CIT",2,0,1,"AF-O14578-F1-model_v4","O14578-F1",0.129,0.882,1,70.152782431933
"174","Q02224","CENPE",2,0,1,"AF-Q02224-F8-model_v4","Q02224-F8",0.191,0.88,2,74.1531594148887
"310","Q92887","ABCC2",3,0,2,"AF-Q92887-F1-model_v4","Q92887-F1",0.256,0.879,6,81.4368457086967
"274","Q8TD57","DNAH3",7,0,1,"AF-Q8TD57-F5-model_v4","Q8TD57-F5",0.312,0.878,4,88.0664393804522
"367","Q9NRC6","SPTBN5",2,0,1,"AF-Q9NRC6-F11-model_v4","Q9NRC6-F11",0.288,0.878,4,81.4864283163721
"145","P55157","MTTP",2,0,1,"AF-P55157-F1-model_v4","P55157-F1",0.279,0.871,2,86.9198238327127
"67","P06899","H2BC11",2,0,10,"AF-P06899-F1-model_v4","P06899-F1",0.25,0.87,2,85.698045035824
"380","Q9NS87","KIF15",2,61,2,"AF-Q9NS87-F1-model_v4","Q9NS87-F1",0.241,0.869,1,72.0212966758756
"206","Q15758","SLC1A5",2,2706,2,"AF-Q15758-F1-model_v4","Q15758-F1",0.051,0.866,2,79.5913765385582
"271","Q8TD57","DNAH3",7,0,1,"AF-Q8TD57-F13-model_v4","Q8TD57-F13",0.156,0.864,1,85.291079001521
"166","Q01650","SLC7A5",2,256,3,"AF-Q01650-F1-model_v4","Q01650-F1",0.097,0.862,2,86.240030919866
"356","Q9H967","WDR76",2,4724,4,"AF-Q9H967-F1-model_v4","Q9H967-F1",0.272,0.861,1,75.3804394032291
"309","Q92823","NRCAM",2,256,2,"AF-Q92823-F1-model_v4","Q92823-F1",0.09,0.859,2,78.9562778544666
"375","Q9NRC6","SPTBN5",2,0,1,"AF-Q9NRC6-F2-model_v4","Q9NRC6-F2",0.193,0.859,2,82.1263610263772
"385","Q9NYC9","DNAH9",2,0,1,"AF-Q9NYC9-F16-model_v4","Q9NYC9-F16",0.142,0.858,3,85.5620783752349
"398","Q9NYC9","DNAH9",2,0,1,"AF-Q9NYC9-F15-model_v4","Q9NYC9-F15",0.197,0.856,2,86.2695903549659
"292","Q8WXX0","DNAH7",7,0,1,"AF-Q8WXX0-F15-model_v4","Q8WXX0-F15",0.086,0.848,3,89.7793089015925
"38","O60566","BUB1B",2,514,5,"AF-O60566-F1-model_v4","O60566-F1",0.211,0.846,2,64.7205771748185
"107","P28340","POLD1",2,1045,5,"AF-P28340-F1-model_v4","P28340-F1",0.097,0.843,2,86.9567614224882
"77","P11166","SLC2A1",12,0,1,"AF-P11166-F1-model_v4","P11166-F1",0.19,0.839,1,89.6153121720881
"252","Q8IZT6","ASPM",2,650,4,"AF-Q8IZT6-F3-model_v4","Q8IZT6-F3",0.121,0.835,1,67.4665928669883
"17","O15230","LAMA5",5,3,2,"AF-O15230-F11-model_v4","O15230-F11",0.204,0.833,5,78.9432836520435
"126","P49454","CENPF",2,1,3,"AF-P49454-F9-model_v4","P49454-F9",0.372,0.826,1,72.0016993930739
"218","Q5QNW6","H2BC18",2,1479,9,"AF-Q5QNW6-F1-model_v4","Q5QNW6-F1",0.422,0.825,2,87.956881390593
"250","Q8IZT6","ASPM",2,650,4,"AF-Q8IZT6-F11-model_v4","Q8IZT6-F11",0.163,0.82,2,68.8386483283961
"294","Q8WXX0","DNAH7",7,0,1,"AF-Q8WXX0-F3-model_v4","Q8WXX0-F3",0.157,0.817,2,87.3683936451898
"66","P06744","GPI",2,256,2,"AF-P06744-F1-model_v4","P06744-F1",0.383,0.816,2,97.8407676767677
"122","P49450","CENPA",2,1257,8,"AF-P49450-F1-model_v4","P49450-F1",0.14,0.815,2,82.0783628318584
"49","O95235","KIF20A",2,1026,6,"AF-O95235-F1-model_v4","O95235-F1",0.333,0.814,3,67.3045557924662
"273","Q8TD57","DNAH3",7,0,1,"AF-Q8TD57-F6-model_v4","Q8TD57-F6",0.199,0.807,4,87.745115370962
"372","Q9NRC6","SPTBN5",2,0,1,"AF-Q9NRC6-F3-model_v4","Q9NRC6-F3",0.204,0.805,3,81.9798392311838
"23","O15230","LAMA5",5,3,2,"AF-O15230-F13-model_v4","O15230-F13",0.15,0.804,1,81.6785118626956
"257","Q8IZT6","ASPM",2,650,4,"AF-Q8IZT6-F2-model_v4","Q8IZT6-F2",0.163,0.803,2,63.4932934706704
"284","Q8WXI7","MUC16",2,0,1,"AF-Q8WXI7-F58-model_v4","Q8WXI7-F58",0.18,0.798,1,55.9683919501677
"371","Q9NRC6","SPTBN5",2,0,1,"AF-Q9NRC6-F10-model_v4","Q9NRC6-F10",0.205,0.796,1,80.9546235795455
"47","O94761","RECQL4",2,1863,7,"AF-O94761-F1-model_v4","O94761-F1",0.125,0.793,1,69.0309568099209
"337","Q9BST9","RTKN",16,0,1,"AF-Q9BST9-F1-model_v4","Q9BST9-F1",0.115,0.793,1,72.7382223232553
"96","P22455","FGFR4",2,0,1,"AF-P22455-F1-model_v4","P22455-F1",0.145,0.792,3,74.6104747295333
"125","P49454","CENPF",2,1,3,"AF-P49454-F8-model_v4","P49454-F8",0.307,0.792,6,71.5561330839123
"183","Q13112","CHAF1B",2,0,1,"AF-Q13112-F1-model_v4","Q13112-F1",0.173,0.789,1,75.3852922152922
"318","Q96GD4","AURKB",2,0,2,"AF-Q96GD4-F1-model_v4","Q96GD4-F1",0.06,0.789,2,79.8540354046243
"234","Q6P582","MZT2A",2,256,2,"AF-Q6P582-F1-model_v4","Q6P582-F1",0.264,0.788,1,65.5028370044053
"60","P05023","ATP1A1",2,3857,3,"AF-P05023-F1-model_v4","P05023-F1",0.2,0.787,1,88.6991839051463
"394","Q9NYC9","DNAH9",2,0,1,"AF-Q9NYC9-F10-model_v4","Q9NYC9-F10",0.09,0.786,2,87.2230745175125
"27","O15230","LAMA5",5,3,2,"AF-O15230-F7-model_v4","O15230-F7",0.102,0.782,2,78.1302530086231
"94","P21980","TGM2",2,0,1,"AF-P21980-F1-model_v4","P21980-F1",0.245,0.781,1,92.7830439580651
"296","Q8WXX0","DNAH7",7,0,1,"AF-Q8WXX0-F10-model_v4","Q8WXX0-F10",0.212,0.781,3,85.9511892229458
"110","P30307","CDC25C",2,0,1,"AF-P30307-F1-model_v4","P30307-F1",0.362,0.777,1,64.1824899598394
"144","P54709","ATP1B3",2,2941,3,"AF-P54709-F1-model_v4","P54709-F1",0.329,0.776,1,89.5213558558559
"32","O43379","WDR62",2,256,2,"AF-O43379-F1-model_v4","O43379-F1",0.088,0.77,2,61.3650231402125
"342","Q9BWF2","TRAIP",2,0,1,"AF-Q9BWF2-F1-model_v4","Q9BWF2-F1",0.303,0.77,1,74.9543435155413
"127","P49454","CENPF",2,1,3,"AF-P49454-F10-model_v4","P49454-F10",0.416,0.769,3,73.1536007249142
"248","Q8IZT6","ASPM",2,650,4,"AF-Q8IZT6-F1-model_v4","Q8IZT6-F1",0.107,0.769,2,62.0182791688865
"397","Q9NYC9","DNAH9",2,0,1,"AF-Q9NYC9-F4-model_v4","Q9NYC9-F4",0.401,0.767,4,85.3379933080919
"45","O75473","LGR5",3,22,2,"AF-O75473-F1-model_v4","O75473-F1",0.267,0.766,4,80.7447220247405
"186","Q13415","ORC1",2,7274,7,"AF-Q13415-F1-model_v4","Q13415-F1",0.154,0.765,1,67.9746077283372
"220","Q5T6S3","PHF19",2,7757,13,"AF-Q5T6S3-F1-model_v4","Q5T6S3-F1",0.257,0.765,1,69.8870806241873
"41","O75145","PPFIA3",2,0,1,"AF-O75145-F1-model_v4","O75145-F1",0.306,0.764,3,69.9298802779262
"364","Q9NQW6","ANLN",2,1577,5,"AF-Q9NQW6-F1-model_v4","Q9NQW6-F1",0.121,0.76,1,59.8741904323827
"366","Q9NRC6","SPTBN5",2,0,1,"AF-Q9NRC6-F4-model_v4","Q9NRC6-F4",0.332,0.758,3,80.2626154672395
"251","Q8IZT6","ASPM",2,650,4,"AF-Q8IZT6-F12-model_v4","Q8IZT6-F12",0.305,0.756,1,71.8200900482733
"91","P20700","LMNB1",2,256,3,"AF-P20700-F1-model_v4","P20700-F1",0.275,0.754,2,82.6346633684663
"396","Q9NYC9","DNAH9",2,0,1,"AF-Q9NYC9-F1-model_v4","Q9NYC9-F1",0.154,0.754,1,83.2181195296614
"137","P51530","DNA2",2,911,4,"AF-P51530-F1-model_v4","P51530-F1",0.216,0.741,2,87.5620381561796
"167","Q02224","CENPE",2,0,1,"AF-Q02224-F7-model_v4","Q02224-F7",0.304,0.741,2,72.4408738281586
"15","O15020","SPTBN2",2,510,2,"AF-O15020-F1-model_v4","O15020-F1",0.242,0.736,3,76.775214383059
"303","Q8WXX0","DNAH7",7,0,1,"AF-Q8WXX0-F7-model_v4","Q8WXX0-F7",0.146,0.736,2,88.3695649466192
"266","Q8TD57","DNAH3",7,0,1,"AF-Q8TD57-F3-model_v4","Q8TD57-F3",0.165,0.733,3,84.8697684117125
"11","O14757","CHEK1",2,256,3,"AF-O14757-F1-model_v4","O14757-F1",0.067,0.732,1,78.1344110733873
"69","P08473","MME",3,112,2,"AF-P08473-F1-model_v4","P08473-F1",0.377,0.727,3,96.2247209302326
"136","P50895","BCAM",5,0,1,"AF-P50895-F1-model_v4","P50895-F1",0.182,0.725,3,84.5844937645318
"391","Q9NYC9","DNAH9",2,0,1,"AF-Q9NYC9-F2-model_v4","Q9NYC9-F2",0.275,0.722,1,84.3222623208668
"288","Q8WXI7","MUC16",2,0,1,"AF-Q8WXI7-F66-model_v4","Q8WXI7-F66",0.177,0.72,2,77.3666569129481
"43","O75417","POLQ",2,0,1,"AF-O75417-F1-model_v4","O75417-F1",0.104,0.717,1,59.4862674012494
"139","P52292","KPNA2",2,232,3,"AF-P52292-F1-model_v4","P52292-F1",0.024,0.711,1,86.1073162939297
"260","Q8NEM2","SHCBP1",2,0,1,"AF-Q8NEM2-F1-model_v4","Q8NEM2-F1",0.18,0.711,1,73.6964627259036
"359","Q9HBM1","SPC25",2,0,1,"AF-Q9HBM1-F1-model_v4","Q9HBM1-F1",0.39,0.708,1,90.2554752851711
"29","O15360","FANCA",2,0,1,"AF-O15360-F1-model_v4","O15360-F1",0.135,0.707,1,74.565869508254
"134","P49788","RARRES1",9,0,1,"AF-P49788-F1-model_v4","P49788-F1",0.423,0.702,3,79.9436371379898
"180","Q08050","FOXM1",2,528,4,"AF-Q08050-F1-model_v4","Q08050-F1",0.173,0.701,1,51.0762881727687
"211","Q16875","PFKFB3",11,1,2,"AF-Q16875-F1-model_v4","Q16875-F1",0.182,0.7,1,87.1352712066906
"269","Q8TD57","DNAH3",7,0,1,"AF-Q8TD57-F8-model_v4","Q8TD57-F8",0.127,0.7,3,86.0321524543175
"80","P14635","CCNB1",2,1819,13,"AF-P14635-F1-model_v4","P14635-F1",0.078,0.699,1,77.7724150162578
"378","Q9NRC6","SPTBN5",2,0,1,"AF-Q9NRC6-F12-model_v4","Q9NRC6-F12",0.288,0.697,2,78.326631465903
"193","Q14566","MCM6",2,3274,8,"AF-Q14566-F1-model_v4","Q14566-F1",0.032,0.695,2,77.3392261722341
"202","Q15468","STIL",2,0,1,"AF-Q15468-F1-model_v4","Q15468-F1",0.163,0.693,1,53.6494972568579
"54","P00338","LDHA",11,0,1,"AF-P00338-F1-model_v4","P00338-F1",0.089,0.69,1,96.0605007763975
"388","Q9NYC9","DNAH9",2,0,1,"AF-Q9NYC9-F11-model_v4","Q9NYC9-F11",0.048,0.687,2,87.7892278164613
"30","O15439","ABCC4",3,57,2,"AF-O15439-F1-model_v4","O15439-F1",0.139,0.684,3,83.5914731549991
"187","Q13683","ITGA7",5,4,3,"AF-Q13683-F1-model_v4","Q13683-F1",0.119,0.684,2,79.4751861643534
"198","Q15003","NCAPH",2,256,2,"AF-Q15003-F1-model_v4","Q15003-F1",0.198,0.683,1,60.7197876747799
"245","Q8IX90","SKA3",2,0,2,"AF-Q8IX90-F1-model_v4","Q8IX90-F1",0.354,0.683,1,64.7586888273315
"18","O15230","LAMA5",5,3,2,"AF-O15230-F6-model_v4","O15230-F6",0.157,0.682,2,80.8888927893738
"272","Q8TD57","DNAH3",7,0,1,"AF-Q8TD57-F10-model_v4","Q8TD57-F10",0.134,0.681,1,85.2285164102108
"26","O15230","LAMA5",5,3,2,"AF-O15230-F8-model_v4","O15230-F8",0.061,0.679,2,75.2661202964652
"204","Q15645","TRIP13",2,0,1,"AF-Q15645-F1-model_v4","Q15645-F1",0.249,0.677,2,86.9794004094765
"246","Q8IZT6","ASPM",2,650,4,"AF-Q8IZT6-F8-model_v4","Q8IZT6-F8",0.448,0.675,3,63.9280011713521
"326","Q99640","PKMYT1",2,261,3,"AF-Q99640-F1-model_v4","Q99640-F1",0.142,0.674,1,75.590281030445
"390","Q9NYC9","DNAH9",2,0,1,"AF-Q9NYC9-F17-model_v4","Q9NYC9-F17",0.2,0.671,1,88.3544119362364
"16","O15230","LAMA5",5,3,2,"AF-O15230-F4-model_v4","O15230-F4",0.172,0.67,2,84.3548127784624
"173","Q02224","CENPE",2,0,1,"AF-Q02224-F1-model_v4","Q02224-F1",0.308,0.67,2,71.0705068277311
"253","Q8IZT6","ASPM",2,650,4,"AF-Q8IZT6-F6-model_v4","Q8IZT6-F6",0.197,0.67,3,66.2575664052618
"201","Q15398","DLGAP5",2,762,2,"AF-Q15398-F1-model_v4","Q15398-F1",0.128,0.669,1,56.3710199490026
"308","Q92698","RAD54L",2,0,1,"AF-Q92698-F1-model_v4","Q92698-F1",0.171,0.669,1,80.5122278481013
"50","O95239","KIF4A",2,0,2,"AF-O95239-F1-model_v4","O95239-F1",0.244,0.668,3,72.1712231759657
"120","P41182","BCL6",2,256,2,"AF-P41182-F1-model_v4","P41182-F1",0.071,0.668,1,50.1097116430903
"264","Q8TD57","DNAH3",7,0,1,"AF-Q8TD57-F9-model_v4","Q8TD57-F9",0.115,0.668,1,84.6808236865539
"258","Q8NB91","FANCB",2,0,1,"AF-Q8NB91-F1-model_v4","Q8NB91-F1",0.127,0.662,3,71.9862835472579
"270","Q8TD57","DNAH3",7,0,1,"AF-Q8TD57-F1-model_v4","Q8TD57-F1",0.199,0.662,1,78.2948199226985
"34","O43543","XRCC2",2,176,3,"AF-O43543-F1-model_v4","O43543-F1",0.516,0.659,1,87.09828125
"117","P35052","GPC1",2,1012,2,"AF-P35052-F1-model_v4","P35052-F1",0.159,0.659,1,82.8974554707379
"116","P33991","MCM4",2,0,7,"AF-P33991-F1-model_v4","P33991-F1",0.217,0.658,3,73.7432969464523
"138","P51955","NEK2",2,0,2,"AF-P51955-F1-model_v4","P51955-F1",0.136,0.658,2,78.7481933351694
"28","O15230","LAMA5",5,3,2,"AF-O15230-F2-model_v4","O15230-F2",0.026,0.656,1,82.8635124123555
"403","Q9ULW0","TPX2",2,510,2,"AF-Q9ULW0-F1-model_v4","Q9ULW0-F1",0.402,0.656,1,64.2385140295534
"333","Q9BPX3","NCAPG",2,0,1,"AF-Q9BPX3-F1-model_v4","Q9BPX3-F1",0.163,0.655,1,82.5022967581047
"298","Q8WXX0","DNAH7",7,0,1,"AF-Q8WXX0-F9-model_v4","Q8WXX0-F9",0.177,0.654,2,86.4595719774819
"353","Q9H3R5","CENPH",2,869,8,"AF-Q9H3R5-F1-model_v4","Q9H3R5-F1",0.285,0.649,1,83.391973816717
"184","Q13145","BAMBI",2,0,1,"AF-Q13145-F1-model_v4","Q13145-F1",0.346,0.648,1,64.8537543167242
"210","Q16778","H2BC21",2,75,6,"AF-Q16778-F1-model_v4","Q16778-F1",0.458,0.645,2,88.0431390593047
"6","O00592","PODXL",3,0,1,"AF-O00592-F1-model_v4","O00592-F1",0.288,0.644,1,53.9282365853659
"178","Q06609","RAD51",2,1088,3,"AF-Q06609-F1-model_v4","Q06609-F1",0.282,0.64,1,91.5906682116647
"335","Q9BRT9","GINS4",2,883,2,"AF-Q9BRT9-F1-model_v4","Q9BRT9-F1",0.324,0.635,1,90.748319649699
"75","P10244","MYBL2",2,0,1,"AF-P10244-F1-model_v4","P10244-F1",0.066,0.633,1,58.4505143475907
"31","O15551","CLDN3",3,11,3,"AF-O15551-F1-model_v4","O15551-F1",0.271,0.631,1,81.4275857843137
"84","P16401","H1-5",2,1382,5,"AF-P16401-F1-model_v4","P16401-F1",0.282,0.629,1,64.5559609325772
"297","Q8WXX0","DNAH7",7,0,1,"AF-Q8WXX0-F6-model_v4","Q8WXX0-F6",0.352,0.626,2,89.3561267418124
"408","Q9Y5G3","PCDHGB1",14,0,1,"AF-Q9Y5G3-F1-model_v4","Q9Y5G3-F1",0.109,0.624,2,75.2197294234311
"157","P68431","H3C10",2,1,6,"AF-P68431-F1-model_v4","P68431-F1",0.351,0.623,1,87.2869195189639
"158","P68431","H3C12",2,102,9,"AF-P68431-F1-model_v4","P68431-F1",0.351,0.623,1,87.2869195189639
"159","P68431","H3C11",2,0,4,"AF-P68431-F1-model_v4","P68431-F1",0.351,0.623,1,87.2869195189639
"160","P68431","H3C1",2,5321,13,"AF-P68431-F1-model_v4","P68431-F1",0.351,0.623,1,87.2869195189639
"345","Q9BZD4","NUF2",2,0,1,"AF-Q9BZD4-F1-model_v4","Q9BZD4-F1",0.317,0.622,2,89.4283280839895
"143","P54132","BLM",2,166,2,"AF-P54132-F1-model_v4","P54132-F1",0.161,0.616,1,60.9577520838935
"376","Q9NRC6","SPTBN5",2,0,1,"AF-Q9NRC6-F1-model_v4","Q9NRC6-F1",0.103,0.613,1,80.8388108689804
"275","Q8TD57","DNAH3",7,0,1,"AF-Q8TD57-F11-model_v4","Q8TD57-F11",0.286,0.612,4,84.6699973338073
"212","Q16877","PFKFB4",11,0,1,"AF-Q16877-F1-model_v4","Q16877-F1",0.267,0.607,1,92.1089178515008
"162","P78395","PRAME",2,0,1,"AF-P78395-F1-model_v4","P78395-F1",0.372,0.605,1,81.5777479694807
"242","Q86VI3","IQGAP3",2,0,1,"AF-Q86VI3-F1-model_v4","Q86VI3-F1",0.181,0.604,2,79.626746793641
"233","Q6NZ67","MZT2B",2,0,1,"AF-Q6NZ67-F1-model_v4","Q6NZ67-F1",0.256,0.603,1,65.7536387665198
"121","P46531","NOTCH1",2,5851,6,"AF-P46531-F1-model_v4","P46531-F1",0.203,0.6,2,57.498331130729
"291","Q8WXX0","DNAH7",7,0,1,"AF-Q8WXX0-F14-model_v4","Q8WXX0-F14",0.08,0.6,3,86.9871077199282
"386","Q9NYC9","DNAH9",2,0,1,"AF-Q9NYC9-F5-model_v4","Q9NYC9-F5",0.35,0.6,1,85.9616684378321
"336","Q9BS16","CENPK",2,0,8,"AF-Q9BS16-F1-model_v4","Q9BS16-F1",0.253,0.599,1,81.7073108108108
"61","P05362","ICAM1",3,0,1,"AF-P05362-F1-model_v4","P05362-F1",0.208,0.596,2,88.5748768472906
"279","Q8WV24","PHLDA1",2,0,1,"AF-Q8WV24-F1-model_v4","Q8WV24-F1",0.396,0.593,1,62.4004287515763
"240","Q7Z6K4","NRARP",2,0,1,"AF-Q7Z6K4-F1-model_v4","Q7Z6K4-F1",0.142,0.584,1,82.9288041002278
"350","Q9H0H5","RACGAP1",2,1770,6,"AF-Q9H0H5-F1-model_v4","Q9H0H5-F1",0.133,0.584,2,69.8631812700965
"343","Q9BXS6","NUSAP1",2,254,2,"AF-Q9BXS6-F1-model_v4","Q9BXS6-F1",0.144,0.583,1,63.0871987345413
"149","P62805","H4C1",2,341,10,"AF-P62805-F1-model_v4","P62805-F1",0.336,0.581,1,90.437525
"150","P62805","H4C4",2,520,10,"AF-P62805-F1-model_v4","P62805-F1",0.336,0.581,1,90.437525
"151","P62805","H4C13",2,63,3,"AF-P62805-F1-model_v4","P62805-F1",0.336,0.581,1,90.437525
"219","Q5T2W1","PDZK1",3,44,4,"AF-Q5T2W1-F1-model_v4","Q5T2W1-F1",0.169,0.577,2,78.6556868611319
"168","Q02224","CENPE",2,0,1,"AF-Q02224-F5-model_v4","Q02224-F5",0.235,0.575,2,73.0695095601475
"57","P04626","ERBB2",2,4671,8,"AF-P04626-F1-model_v4","P04626-F1",0.179,0.572,1,74.9091822792672
"352","Q9H2E6","SEMA6A",15,0,1,"AF-Q9H2E6-F1-model_v4","Q9H2E6-F1",0.163,0.564,1,70.7829661438885
"1","A0AVK6","E2F8",2,0,1,"AF-A0AVK6-F1-model_v4","A0AVK6-F1",0.14,0.562,1,53.6931614756577
"327","Q99661","KIF2C",2,2344,4,"AF-Q99661-F1-model_v4","Q99661-F1",0.07,0.558,2,74.6576222300387
"340","Q9BVC3","DSCC1",2,0,1,"AF-Q9BVC3-F1-model_v4","Q9BVC3-F1",0.206,0.558,1,92.165723830735
"55","P04183","TK1",2,12,2,"AF-P04183-F1-model_v4","P04183-F1",0.284,0.554,2,82.3099831460674
"209","Q16763","UBE2S",2,6515,9,"AF-Q16763-F1-model_v4","Q16763-F1",0.168,0.552,1,81.850285884455
"404","Q9UQ84","EXO1",2,1248,3,"AF-Q9UQ84-F1-model_v4","Q9UQ84-F1",0.203,0.552,1,63.6393491751173
"239","Q7L590","MCM10",2,429,3,"AF-Q7L590-F1-model_v4","Q7L590-F1",0.08,0.549,2,66.8889134545455
"90","P20248","CCNA2",2,6431,7,"AF-P20248-F1-model_v4","P20248-F1",0.256,0.547,2,74.7478724026924
"213","Q2NKX8","ERCC6L",2,0,1,"AF-Q2NKX8-F1-model_v4","Q2NKX8-F1",0.048,0.546,1,62.794578920827
"92","P21741","MDK",12,0,1,"AF-P21741-F1-model_v4","P21741-F1",0.343,0.543,1,73.1076378676471
"370","Q9NRC6","SPTBN5",2,0,1,"AF-Q9NRC6-F13-model_v4","Q9NRC6-F13",0.316,0.537,2,80.3608641487048
"12","O14777","NDC80",2,621,3,"AF-O14777-F1-model_v4","O14777-F1",0.161,0.532,2,78.6095798805165
"141","P52815","MRPL12",2,0,1,"AF-P52815-F1-model_v4","P52815-F1",0.472,0.53,1,69.515320855615
"53","O96020","CCNE2",2,0,1,"AF-O96020-F1-model_v4","O96020-F1",0.296,0.527,1,77.7639902676399
"130","P49454","CENPF",2,1,3,"AF-P49454-F1-model_v4","P49454-F1",0.399,0.524,2,72.4119894505495
"133","P49736","MCM2",2,0,2,"AF-P49736-F1-model_v4","P49736-F1",0.139,0.522,3,76.522590572108
"104","P26447","S100A4",16,0,1,"AF-P26447-F1-model_v4","P26447-F1",0.313,0.516,1,85.1867277167277
"381","Q9NSP4","CENPM",2,404,9,"AF-Q9NSP4-F1-model_v4","Q9NSP4-F1",0.181,0.514,1,89.7646820809249
"88","P19012","KRT15",10,0,1,"AF-P19012-F1-model_v4","P19012-F1",0.359,0.513,1,77.1424470246734
"237","Q6PL18","ATAD2",2,0,3,"AF-Q6PL18-F1-model_v4","Q6PL18-F1",0.186,0.513,1,62.5212744745824
"268","Q8TD57","DNAH3",7,0,1,"AF-Q8TD57-F2-model_v4","Q8TD57-F2",0.407,0.511,1,85.5775200070354
"400","Q9NZJ0","DTL",2,38,2,"AF-Q9NZJ0-F1-model_v4","Q9NZJ0-F1",0.101,0.511,2,63.439316223977
"205","Q15648","MED1",2,511,7,"AF-Q15648-F1-model_v4","Q15648-F1",0.111,0.507,1,51.2956233579117
"207","Q16643","DBN1",2,140,2,"AF-Q16643-F1-model_v4","Q16643-F1",0.135,0.507,1,63.0387472615017
"249","Q8IZT6","ASPM",2,650,4,"AF-Q8IZT6-F5-model_v4","Q8IZT6-F5",0.281,0.507,2,68.9559601294939
"267","Q8TD57","DNAH3",7,0,1,"AF-Q8TD57-F7-model_v4","Q8TD57-F7",0.093,0.507,1,88.9640359024739
"283","Q8WXI7","MUC16",2,0,1,"AF-Q8WXI7-F59-model_v4","Q8WXI7-F59",0.129,0.507,3,61.6742145922747
"200","Q15058","KIF14",2,1360,5,"AF-Q15058-F1-model_v4","Q15058-F1",0.127,0.506,1,66.0463600917431
"52","O95997","PTTG1",2,559,4,"AF-O95997-F1-model_v4","O95997-F1",0.339,0.504,1,64.5439896707553
"392","Q9NYC9","DNAH9",2,0,1,"AF-Q9NYC9-F14-model_v4","Q9NYC9-F14",0.124,0.503,1,86.1866639799391
"106","P28289","TMOD1",2,762,2,"AF-P28289-F1-model_v4","P28289-F1",0.096,0.499,1,84.7980252986648
"374","Q9NRC6","SPTBN5",2,0,1,"AF-Q9NRC6-F5-model_v4","Q9NRC6-F5",0.167,0.499,2,79.9200445354948
"175","Q02241","KIF23",2,238,3,"AF-Q02241-F1-model_v4","Q02241-F1",0.314,0.498,1,73.073534214619
"377","Q9NRC6","SPTBN5",2,0,1,"AF-Q9NRC6-F7-model_v4","Q9NRC6-F7",0.063,0.494,2,80.47957938546
"97","P22607","FGFR3",2,511,3,"AF-P22607-F1-model_v4","P22607-F1",0.127,0.488,1,75.3696381632322
"171","Q02224","CENPE",2,0,1,"AF-Q02224-F4-model_v4","Q02224-F4",0.168,0.487,1,72.3195598895409
"146","P56746","CLDN15",3,60,4,"AF-P56746-F1-model_v4","P56746-F1",0.406,0.485,1,81.8100117233294
"128","P49454","CENPF",2,1,3,"AF-P49454-F6-model_v4","P49454-F6",0.437,0.484,2,70.995527633697
"215","Q53HL2","CDCA8",2,256,6,"AF-Q53HL2-F1-model_v4","Q53HL2-F1",0.388,0.483,1,68.7891859936335
"399","Q9NYC9","DNAH9",2,0,1,"AF-Q9NYC9-F7-model_v4","Q9NYC9-F7",0.145,0.48,1,86.9264614019521
"63","P06493","CDK1",2,3985,14,"AF-P06493-F1-model_v4","P06493-F1",0.514,0.471,1,89.3155051975052
"280","Q8WVB6","CHTF18",2,256,2,"AF-Q8WVB6-F1-model_v4","Q8WVB6-F1",0.162,0.47,1,64.9750959121577
"405","Q9Y219","JAG2",2,0,1,"AF-Q9Y219-F1-model_v4","Q9Y219-F1",0.248,0.47,1,72.6745002695418
"278","Q8WUY9","DEPDC1B",2,0,1,"AF-Q8WUY9-F1-model_v4","Q8WUY9-F1",0.107,0.469,1,77.3635097813579
"62","P06280","GLA",1,0,1,"AF-P06280-F1-model_v4","P06280-F1",0.368,0.468,1,94.5038167493434
"285","Q8WXI7","MUC16",2,0,1,"AF-Q8WXI7-F63-model_v4","Q8WXI7-F63",0.089,0.463,1,74.6556522545927
"98","P23142","FBLN1",8,0,1,"AF-P23142-F1-model_v4","P23142-F1",0.382,0.461,1,79.6493333333333
"324","Q96RU7","TRIB3",2,0,1,"AF-Q96RU7-F1-model_v4","Q96RU7-F1",0.175,0.461,2,78.0208758076095
"277","Q8TD57","DNAH3",7,0,1,"AF-Q8TD57-F12-model_v4","Q8TD57-F12",0.143,0.459,1,85.2008183116188
"354","Q9H4H8","FAM83D",2,0,2,"AF-Q9H4H8-F1-model_v4","Q9H4H8-F1",0.14,0.459,1,64.4271687279152
"105","P27487","DPP4",3,107,3,"AF-P27487-F1-model_v4","P27487-F1",0.321,0.453,1,96.406348188522
"131","P49454","CENPF",2,1,3,"AF-P49454-F4-model_v4","P49454-F4",0.416,0.452,1,70.5056078431373
"21","O15230","LAMA5",5,3,2,"AF-O15230-F3-model_v4","O15230-F3",0.132,0.448,1,83.3129676140119
"221","Q5TB30","DEPDC1",2,0,1,"AF-Q5TB30-F1-model_v4","Q5TB30-F1",0.111,0.445,1,61.0503570881226
"262","Q8TAT5","NEIL3",2,140,12,"AF-Q8TAT5-F1-model_v4","Q8TAT5-F1",0.015,0.445,1,70.0085488293609
"243","Q86Y91","KIF18B",2,0,2,"AF-Q86Y91-F1-model_v4","Q86Y91-F1",0.2,0.437,1,62.7438713629403
"177","Q05193","DNM1",2,0,1,"AF-Q05193-F1-model_v4","Q05193-F1",0.166,0.433,1,79.0658625730994
"236","Q6PJG6","BRAT1",2,0,1,"AF-Q6PJG6-F1-model_v4","Q6PJG6-F1",0.415,0.432,1,85.1900290932601
"241","Q86UP0","CDH24",2,256,2,"AF-Q86UP0-F1-model_v4","Q86UP0-F1",0.296,0.432,1,76.2493345178485
"13","O14965","AURKA",2,256,6,"AF-O14965-F1-model_v4","O14965-F1",0.139,0.431,1,75.9057868649318
"304","Q8WXX0","DNAH7",7,0,1,"AF-Q8WXX0-F12-model_v4","Q8WXX0-F12",0.146,0.431,2,86.6785983058404
"3","O00311","CDC7",2,0,2,"AF-O00311-F1-model_v4","O00311-F1",0.307,0.427,1,72.3620397232761
"360","Q9HCM2","PLXNA4",15,0,1,"AF-Q9HCM2-F1-model_v4","Q9HCM2-F1",0.09,0.426,1,83.6145640061757
"411","Q9Y5N6","ORC6",2,0,2,"AF-Q9Y5N6-F1-model_v4","Q9Y5N6-F1",0.216,0.425,1,81.544630290668
"135","P50479","PDLIM4",2,0,1,"AF-P50479-F1-model_v4","P50479-F1",0.362,0.42,1,70.9076950925181
"56","P04406","GAPDH",2,762,2,"AF-P04406-F1-model_v4","P04406-F1",0.345,0.413,1,98.1707061143984
"208","Q16667","CDKN3",2,0,1,"AF-Q16667-F1-model_v4","Q16667-F1",0.472,0.413,1,91.0594891826923
"163","P84098","RPL19",2,511,3,"AF-P84098-F1-model_v4","P84098-F1",0.402,0.406,1,94.6407917174178
"37","O43683","BUB1",2,511,4,"AF-O43683-F1-model_v4","O43683-F1",0.138,0.403,1,64.124272589836
"287","Q8WXI7","MUC16",2,0,1,"AF-Q8WXI7-F61-model_v4","Q8WXI7-F61",0.196,0.403,1,73.854410041841
"412","Q9Y6A5","TACC3",2,0,1,"AF-Q9Y6A5-F1-model_v4","Q9Y6A5-F1",0.259,0.4,1,58.3400047378395
"176","Q03252","LMNB2",2,0,1,"AF-Q03252-F1-model_v4","Q03252-F1",0.194,0.394,0,80.0278409785933
"189","Q14137","BOP1",2,0,1,"AF-Q14137-F1-model_v4","Q14137-F1",0.149,0.393,0,80.784320380112
"384","Q9NYC9","DNAH9",2,0,1,"AF-Q9NYC9-F3-model_v4","Q9NYC9-F3",0.216,0.391,0,84.0431786746039
"311","Q969P0","IGSF8",3,0,1,"AF-Q969P0-F1-model_v4","Q969P0-F1",0.093,0.389,0,88.3859646056369
"214","Q53EZ4","CEP55",2,510,2,"AF-Q53EZ4-F1-model_v4","Q53EZ4-F1",0.284,0.386,0,82.7930478192328
"389","Q9NYC9","DNAH9",2,0,1,"AF-Q9NYC9-F6-model_v4","Q9NYC9-F6",0.184,0.385,0,86.2000725599504
"132","P49454","CENPF",2,1,3,"AF-P49454-F5-model_v4","P49454-F5",0.219,0.384,0,70.8340929025329
"362","Q9NPD8","UBE2T",2,0,1,"AF-Q9NPD8-F1-model_v4","Q9NPD8-F1",0.273,0.383,0,86.0270896464646
"348","Q9C075","KRT23",10,0,1,"AF-Q9C075-F1-model_v4","Q9C075-F1",0.182,0.382,0,78.4309623926562
"368","Q9NRC6","SPTBN5",2,0,1,"AF-Q9NRC6-F6-model_v4","Q9NRC6-F6",0.247,0.38,0,79.5738921412099
"111","P31350","RRM2",2,256,2,"AF-P31350-F1-model_v4","P31350-F1",0.276,0.377,0,80.1260056925996
"317","Q96FF9","CDCA5",2,0,1,"AF-Q96FF9-F1-model_v4","Q96FF9-F1",0.258,0.376,0,63.5050515995872
"181","Q12756","KIF1A",2,2624,9,"AF-Q12756-F1-model_v4","Q12756-F1",0.106,0.373,0,71.0182512847248
"259","Q8NBT2","SPC24",2,0,1,"AF-Q8NBT2-F1-model_v4","Q8NBT2-F1",0.345,0.372,0,91.3933649588868
"409","Q9Y5G8","PCDHGA5",13,0,1,"AF-Q9Y5G8-F1-model_v4","Q9Y5G8-F1",0.102,0.371,0,75.3929261083744
"355","Q9H611","PIF1",2,0,1,"AF-Q9H611-F1-model_v4","Q9H611-F1",0.062,0.368,0,77.9793572740257
"197","Q14781","CBX2",2,5,8,"AF-Q14781-F1-model_v4","Q14781-F1",0.412,0.367,0,57.1826386768448
"8","O14493","CLDN4",3,31,3,"AF-O14493-F1-model_v4","O14493-F1",0.511,0.36,0,84.5215399610136
"192","Q14451","GRB7",2,0,1,"AF-Q14451-F1-model_v4","Q14451-F1",0.214,0.36,0,78.8887791527844
"254","Q8IZT6","ASPM",2,650,4,"AF-Q8IZT6-F9-model_v4","Q8IZT6-F9",0.161,0.36,0,63.085167830403
"247","Q8IZT6","ASPM",2,650,4,"AF-Q8IZT6-F4-model_v4","Q8IZT6-F4",0.271,0.359,0,70.4000076936228
"216","Q5EE01","CENPW",2,252,9,"AF-Q5EE01-F1-model_v4","Q5EE01-F1",0.31,0.353,0,89.6991914893617
"341","Q9BW19","KIFC1",2,69,4,"AF-Q9BW19-F1-model_v4","Q9BW19-F1",0.202,0.353,0,77.8832572975063
"407","Q9Y5G2","PCDHGB2",14,0,1,"AF-Q9Y5G2-F1-model_v4","Q9Y5G2-F1",0.338,0.351,0,75.7500140607424
"188","Q13761","RUNX3",2,256,2,"AF-Q13761-F1-model_v4","Q13761-F1",0.403,0.35,0,62.2155708787684
"65","P06733","ENO1",2,0,1,"AF-P06733-F1-model_v4","P06733-F1",0.465,0.346,0,97.6271523378582
"382","Q9NVP2","ASF1B",2,0,4,"AF-Q9NVP2-F1-model_v4","Q9NVP2-F1",0.391,0.346,0,85.6471954314721
"290","Q8WXI7","MUC16",2,0,1,"AF-Q8WXI7-F67-model_v4","Q8WXI7-F67",0.102,0.344,0,76.3068718298868
"316","Q96EH5","RPL39L",2,0,1,"AF-Q96EH5-F1-model_v4","Q96EH5-F1",0.319,0.343,0,94.0994144144144
"129","P49454","CENPF",2,1,3,"AF-P49454-F2-model_v4","P49454-F2",0.173,0.336,0,71.950278588485
"293","Q8WXX0","DNAH7",7,0,1,"AF-Q8WXX0-F13-model_v4","Q8WXX0-F13",0.129,0.335,0,86.4736501389761
"319","Q96HA7","TONSL",2,2712,5,"AF-Q96HA7-F1-model_v4","Q96HA7-F1",0.187,0.335,0,76.4887099820568
"369","Q9NRC6","SPTBN5",2,0,1,"AF-Q9NRC6-F8-model_v4","Q9NRC6-F8",0.157,0.332,0,80.4522623591018
"295","Q8WXX0","DNAH7",7,0,1,"AF-Q8WXX0-F4-model_v4","Q8WXX0-F4",0.226,0.331,0,87.8369532080822
"235","Q6PCT2","FBXL19",2,0,1,"AF-Q6PCT2-F1-model_v4","Q6PCT2-F1",0.073,0.327,0,67.8321983002833
"70","P0C0L5","C4B",2,0,1,"AF-P0C0L5-F1-model_v4","P0C0L5-F1",0.182,0.325,0,83.4692528185101
"33","O43482","OIP5",2,256,7,"AF-O43482-F1-model_v4","O43482-F1",0.193,0.324,0,76.3264083285136
"357","Q9HAW4","CLSPN",2,511,6,"AF-Q9HAW4-F1-model_v4","Q9HAW4-F1",0.285,0.322,0,51.8103624351109
"406","Q9Y248","GINS2",2,0,1,"AF-Q9Y248-F1-model_v4","Q9Y248-F1",0.258,0.318,0,93.4044784053156
"313","Q96AY2","EME1",2,0,1,"AF-Q96AY2-F1-model_v4","Q96AY2-F1",0.155,0.315,0,67.9034920993228
"179","Q07837","SLC3A1",2,0,1,"AF-Q07837-F1-model_v4","Q07837-F1",0.216,0.312,0,87.8210219503418
"281","Q8WXI7","MUC16",2,0,1,"AF-Q8WXI7-F65-model_v4","Q8WXI7-F65",0.065,0.305,0,75.3993635103926
"346","Q9BZR6","RTN4R",3,60,2,"AF-Q9BZR6-F1-model_v4","Q9BZR6-F1",0.24,0.303,0,77.0629635854342
"300","Q8WXX0","DNAH7",7,0,1,"AF-Q8WXX0-F11-model_v4","Q8WXX0-F11",0.151,0.298,0,86.6613705673759
"165","Q01094","E2F1",2,538,5,"AF-Q01094-F1-model_v4","Q01094-F1",0.159,0.295,0,63.7350409463148
"196","Q14691","GINS1",2,0,1,"AF-Q14691-F1-model_v4","Q14691-F1",0.241,0.287,0,93.3026906385617
"7","O00762","UBE2C",2,9,4,"AF-O00762-F1-model_v4","O00762-F1",0.355,0.286,0,89.6987066473989
"102","P24864","CCNE1",2,1381,6,"AF-P24864-F1-model_v4","P24864-F1",0.101,0.284,0,79.9765767949106
"305","Q8WXX0","DNAH7",7,0,1,"AF-Q8WXX0-F1-model_v4","Q8WXX0-F1",0.347,0.283,0,81.8619127693116
"387","Q9NYC9","DNAH9",2,0,1,"AF-Q9NYC9-F9-model_v4","Q9NYC9-F9",0.145,0.275,0,89.1094176313446
"22","O15230","LAMA5",5,3,2,"AF-O15230-F5-model_v4","O15230-F5",0.171,0.274,0,83.8314406137526
"35","O43609","SPRY1",2,0,1,"AF-O43609-F1-model_v4","O43609-F1",0.224,0.267,0,61.6194959016393
"302","Q8WXX0","DNAH7",7,0,1,"AF-Q8WXX0-F8-model_v4","Q8WXX0-F8",0.046,0.258,0,86.253427372556
"261","Q8NI77","KIF18A",2,0,2,"AF-Q8NI77-F1-model_v4","Q8NI77-F1",0.186,0.256,0,67.7410391061453
"299","Q8WXX0","DNAH7",7,0,1,"AF-Q8WXX0-F2-model_v4","Q8WXX0-F2",0.207,0.256,0,87.7835046113307
"312","Q96AV8","E2F7",2,256,2,"AF-Q96AV8-F1-model_v4","Q96AV8-F1",0.108,0.254,0,51.2724935952178
"339","Q9BV38","WDR18",2,0,1,"AF-Q9BV38-F1-model_v4","Q9BV38-F1",0.095,0.251,0,86.1008168168168
"365","Q9NR12","PDLIM7",2,511,3,"AF-Q9NR12-F1-model_v4","Q9NR12-F1",0.079,0.251,0,71.0318960593946
"89","P19440","GGT1",3,0,1,"AF-P19440-F1-model_v4","P19440-F1",0.391,0.244,0,94.9407121387283
"124","P49454","CENPF",2,1,3,"AF-P49454-F3-model_v4","P49454-F3",0.328,0.243,0,70.3329779477147
"314","Q96B01","RAD51AP1",2,477,4,"AF-Q96B01-F1-model_v4","Q96B01-F1",0.122,0.242,0,58.7984421364985
"358","Q9HBI1","PARVB",5,1,2,"AF-Q9HBI1-F1-model_v4","Q9HBI1-F1",0.063,0.242,0,82.4581709809264
"393","Q9NYC9","DNAH9",2,0,1,"AF-Q9NYC9-F8-model_v4","Q9NYC9-F8",0.233,0.242,0,87.9537472244427
"46","O75525","KHDRBS3",9,0,1,"AF-O75525-F1-model_v4","O75525-F1",0.467,0.235,0,69.7784373859073
"87","P17936","IGFBP3",2,0,1,"AF-P17936-F1-model_v4","P17936-F1",0.282,0.235,0,67.7332911392405
"71","P0C0S8","H2AC11",2,0,1,"AF-P0C0S8-F1-model_v4","P0C0S8-F1",0.416,0.234,0,91.3035750251762
"72","P0C0S8","H2AC13",2,0,2,"AF-P0C0S8-F1-model_v4","P0C0S8-F1",0.416,0.234,0,91.3035750251762
"73","P0C0S8","H2AC16",2,0,1,"AF-P0C0S8-F1-model_v4","P0C0S8-F1",0.416,0.234,0,91.3035750251762
"74","P0C0S8","H2AC15",2,0,1,"AF-P0C0S8-F1-model_v4","P0C0S8-F1",0.416,0.234,0,91.3035750251762
"351","Q9H211","CDT1",2,256,3,"AF-Q9H211-F1-model_v4","Q9H211-F1",0.393,0.234,0,74.9077927289896
"321","Q96KK5","H2AC12",2,0,8,"AF-Q96KK5-F1-model_v4","Q96KK5-F1",0.413,0.233,0,91.9079183673469
"58","P04908","H2AC8",2,1237,9,"AF-P04908-F1-model_v4","P04908-F1",0.384,0.231,0,91.0890261044177
"59","P04908","H2AC4",2,0,1,"AF-P04908-F1-model_v4","P04908-F1",0.384,0.231,0,91.0890261044177
"330","Q99878","H2AC14",2,6601,15,"AF-Q99878-F1-model_v4","Q99878-F1",0.443,0.23,0,91.9054989816701
"109","P30304","CDC25A",2,575,2,"AF-P30304-F1-model_v4","P30304-F1",0.261,0.229,0,63.5796743849493
"238","Q71DI3","H3C13",2,5205,8,"AF-Q71DI3-F1-model_v4","Q71DI3-F1",0.089,0.228,0,87.3041813135985
"325","Q96T88","UHRF1",2,256,9,"AF-Q96T88-F1-model_v4","Q96T88-F1",0.21,0.221,0,81.267136731777
"289","Q8WXI7","MUC16",2,0,1,"AF-Q8WXI7-F64-model_v4","Q8WXI7-F64",0.085,0.22,0,75.5409531293335
"182","Q12834","CDC20",2,829,5,"AF-Q12834-F1-model_v4","Q12834-F1",0.319,0.217,0,84.8543494038362
"10","O14745","NHERF1",3,107,4,"AF-O14745-F1-model_v4","O14745-F1",0.202,0.212,0,72.4747214076246
"4","O00444","PLK4",2,304,3,"AF-O00444-F1-model_v4","O00444-F1",0.133,0.199,0,66.9229360313316
"108","P29323","EPHB2",2,256,2,"AF-P29323-F1-model_v4","P29323-F1",0.129,0.198,0,80.1209851797862
"20","O15230","LAMA5",5,3,2,"AF-O15230-F9-model_v4","O15230-F9",0.149,0.195,0,79.6042862512922
"112","P33552","CKS2",2,0,1,"AF-P33552-F1-model_v4","P33552-F1",0.368,0.194,0,92.8712195121951
"64","P06702","S100A9",2,0,1,"AF-P06702-F1-model_v4","P06702-F1",0.328,0.187,0,94.9059482758621
"410","Q9Y5G9","PCDHGA4",13,0,1,"AF-Q9Y5G9-F1-model_v4","Q9Y5G9-F1",0.1,0.184,0,74.3877826324413
"402","Q9ULT6","ZNRF3",3,0,1,"AF-Q9ULT6-F1-model_v4","Q9ULT6-F1",0.232,0.183,0,51.3089213323884
"86","P17096","HMGA1",2,0,1,"AF-P17096-F1-model_v4","P17096-F1",0.159,0.181,0,65.4623716381418
"85","P16402","H1-3",2,0,2,"AF-P16402-F1-model_v4","P16402-F1",0.228,0.176,0,63.9561107574793
"244","Q8IUE6","H2AC21",2,765,7,"AF-Q8IUE6-F1-model_v4","Q8IUE6-F1",0.379,0.174,0,91.071369168357
"199","Q15004","PCLAF",2,0,1,"AF-Q15004-F1-model_v4","Q15004-F1",0.264,0.167,0,66.1263971462545
"379","Q9NS68","TNFRSF19",3,42,2,"AF-Q9NS68-F1-model_v4","Q9NS68-F1",0.228,0.16,0,60.38073125
"51","O95471","CLDN7",3,76,2,"AF-O95471-F1-model_v4","O95471-F1",0.254,0.152,0,82.249462571977
"282","Q8WXI7","MUC16",2,0,1,"AF-Q8WXI7-F62-model_v4","Q8WXI7-F62",0.095,0.146,0,75.5181759078666
"2","B1AK53","ESPN",2,0,1,"AF-B1AK53-F1-model_v4","B1AK53-F1",0.114,0.144,0,68.309967416602
"161","P78337","PITX1",3,0,1,"AF-P78337-F1-model_v4","P78337-F1",0.326,0.132,0,63.2664494569758
"349","Q9H0E7","USP44",2,0,1,"AF-Q9H0E7-F1-model_v4","Q9H0E7-F1",0.101,0.131,0,72.7060130144214
"338","Q9BUA3","SPINDOC",2,0,5,"AF-Q9BUA3-F1-model_v4","Q9BUA3-F1",0.062,0.118,0,51.1917800138793
"315","Q96BD8","SKA1",2,0,2,"AF-Q96BD8-F1-model_v4","Q96BD8-F1",0.218,0.102,0,85.822417794971
"147","P57739","CLDN2",3,0,3,"AF-P57739-F1-model_v4","P57739-F1",0.093,0.091,0,78.6734610917538
"190","Q14209","E2F2",2,0,1,"AF-Q14209-F1-model_v4","Q14209-F1",0.18,0.079,0,64.0825988023952
"83","P16104","H2AX",2,1161,13,"AF-P16104-F1-model_v4","P16104-F1",0.328,0.078,0,87.3299156513589
"48","O95067","CCNB2",2,254,4,"AF-O95067-F1-model_v4","O95067-F1",0.089,0.073,0,80.3833301857098
"306","Q92522","H1-10",2,192,3,"AF-Q92522-F1-model_v4","Q92522-F1",0.065,0.06,0,66.4111630847029
"119","P41002","CCNF",2,1,2,"AF-P41002-F1-model_v4","P41002-F1",0.276,0.059,0,72.4470043909579
"361","Q9NPC4","A4GALT",1,0,1,"AF-Q9NPC4-F1-model_v4","Q9NPC4-F1",0.089,0.056,0,89.5696012591815
"95","P22223","CDH3",2,0,1,"AF-P22223-F1-model_v4","P22223-F1",0.256,0.053,0,76.6221830329397
"217","Q5FBB7","SGO1",2,0,1,"AF-Q5FBB7-F1-model_v4","Q5FBB7-F1",0.108,0.05,0,55.1732355555556
"81","P14923","JUP",2,510,2,"AF-P14923-F1-model_v4","P14923-F1",0.091,0.021,0,81.1056283866457
"286","Q8WXI7","MUC16",2,0,1,"AF-Q8WXI7-F60-model_v4","Q8WXI7-F60",0.186,0.021,0,67.4367753793949
"185","Q13257","MAD2L1",2,1445,4,"AF-Q13257-F1-model_v4","Q13257-F1",0.178,0.019,0,93.7585265700483
