"","external_gene_name","uniprot_gn_id","ID","cluster","betweenness","degree_centrality","pocket","druggability","num_drug_pockets","struct_score","logFC","regulation","citation_score"
"1","MUC17","Q685J3","Q685J3-F12",3,0,1,0.13,1,3,55.2405705081575,2.93209621105159,"up_reg",99
"2","MUC17","Q685J3","Q685J3-F5",3,0,1,0.317,1,7,50.3874125077656,2.93209621105159,"up_reg",99
"3","MUC17","Q685J3","Q685J3-F3",3,0,1,0.321,1,5,57.0481037344398,2.93209621105159,"up_reg",99
"4","MUC17","Q685J3","Q685J3-F2",3,0,1,0.338,0.999,8,53.7420016594068,2.93209621105159,"up_reg",99
"5","MUC17","Q685J3","Q685J3-F10",3,0,1,0.303,0.998,8,57.3136964859542,2.93209621105159,"up_reg",99
"6","MUC17","Q685J3","Q685J3-F11",3,0,1,0.223,0.998,4,55.8011703011423,2.93209621105159,"up_reg",99
"7","MUC17","Q685J3","Q685J3-F13",3,0,1,0.184,0.998,9,52.1710827629123,2.93209621105159,"up_reg",99
"8","CENPE","Q02224","Q02224-F6",2,0,1,0.135,0.997,5,72.5524854202401,1.26951602554695,"up_reg",436
"9","MUC17","Q685J3","Q685J3-F7",3,0,1,0.253,0.996,7,51.4707361010457,2.93209621105159,"up_reg",99
"10","MUC17","Q685J3","Q685J3-F1",3,0,1,0.162,0.996,6,51.8669174632542,2.93209621105159,"up_reg",99
"11","CD9","P21926","P21926-F1",3,194,6,0.063,0.994,1,88.1191475042064,1.19763020928596,"up_reg",2701
"12","MELK","Q14680","Q14680-F1",2,0,1,0.159,0.993,1,70.6437161388783,1.75287709769629,"up_reg",658
"13","MUC17","Q685J3","Q685J3-F6",3,0,1,0.273,0.993,5,57.7093163011998,2.93209621105159,"up_reg",99
"14","MUC17","Q685J3","Q685J3-F17",3,0,1,0.018,0.993,2,52.4057740764467,2.93209621105159,"up_reg",99
"15","XPR1","Q9UBH6","Q9UBH6-F1",2,0,1,0.207,0.993,3,83.7337209705373,1.31562712118993,"up_reg",176
"16","KIF11","P52732","P52732-F1",2,293,4,0.141,0.991,1,74.7686384864088,1.23577300099621,"up_reg",818
"17","PTGS2","P35354","P35354-F1",2,256,2,0.262,0.987,1,93.3276978417266,2.32862698059374,"up_reg",41091
"18","TEAD4","Q15561","Q15561-F1",2,0,1,0.243,0.986,2,76.5831209630065,1.5950209164224,"up_reg",380
"19","FABP1","P07148","P07148-F1",2,0,1,-0.023,0.981,1,94.9501004016064,7.46207811851609,"up_reg",893
"20","ABCA2","Q9BZC7","Q9BZC7-F1",2,3146,2,0.258,0.976,5,72.3389071383449,1.25859054539232,"up_reg",138
"21","PRC1","O43663","O43663-F1",2,0,1,0.226,0.975,2,80.1142706257473,1.45568791902902,"up_reg",1521
"22","SPAG4","Q9NPE6","Q9NPE6-F1",2,0,1,0.378,0.975,1,71.5642399294325,1.51783508097878,"up_reg",51
"23","KIF20B","Q96Q89","Q96Q89-F1",2,0,2,0.232,0.971,4,63.7483354768835,1.01850773070468,"up_reg",56
"24","H2BC10","P62807","P62807-F1",2,5961,14,0.291,0.965,1,87.8297338792221,1.19742086017872,"up_reg",0
"25","H2BC4","P62807","P62807-F1",2,386,9,0.291,0.965,1,87.8297338792221,1.12067620338952,"up_reg",0
"26","H2BC6","P62807","P62807-F1",2,3612,15,0.291,0.965,1,87.8297338792221,1.51120168645001,"up_reg",0
"27","H2BC7","P62807","P62807-F1",2,5693,14,0.291,0.965,1,87.8297338792221,1.6482629514824,"up_reg",0
"28","H2BC8","P62807","P62807-F1",2,1806,14,0.291,0.965,1,87.8297338792221,1.31323291724831,"up_reg",1
"29","CENPE","Q02224","Q02224-F2",2,0,1,0.126,0.96,2,70.7644444444445,1.26951602554695,"up_reg",436
"30","DNAH3","Q8TD57","Q8TD57-F4",7,0,1,0.164,0.96,4,85.6663929332386,2.30179516810229,"up_reg",16
"31","RARA","P10276","P10276-F1",2,1096,15,0.362,0.958,1,79.418920518602,1.48948861862522,"up_reg",4395
"32","CYBA","P13498","P13498-F1",2,1015,3,0.48,0.957,1,77.0298854447439,1.27298668433821,"up_reg",1043
"33","H2BC17","P23527","P23527-F1",2,6202,10,0.371,0.957,2,88.0009928352098,1.84228775339242,"up_reg",0
"34","TTK","P33981","P33981-F1",2,256,3,0.087,0.956,1,63.954351783879,1.45403650581907,"up_reg",2042
"35","SLC19A3","Q9BZV2","Q9BZV2-F1",3,0,1,0.137,0.955,2,82.1684011184545,3.20388762735079,"up_reg",179
"36","FZD7","O75084","O75084-F1",2,511,3,0.435,0.953,3,84.1490576150067,1.54686289420718,"up_reg",386
"37","PLK1","P53350","P53350-F1",2,3740,10,0.175,0.953,2,85.1698896752706,1.60064405687355,"up_reg",2967
"38","IL32","P24001","P24001-F1",2,0,1,0.099,0.95,2,71.1900160599572,1.53999190076225,"up_reg",623
"39","ASPM","Q8IZT6","Q8IZT6-F10",2,741,4,0.434,0.949,4,62.6404820392025,1.47551523673316,"up_reg",510
"40","CENPE","Q02224","Q02224-F3",2,0,1,0.416,0.949,1,70.8415997235899,1.26951602554695,"up_reg",436
"41","LAMA5","O15230","O15230-F12",5,3,2,0.086,0.946,2,79.2431394807853,2.19606214167148,"up_reg",154
"42","PDE3A","Q14432","Q14432-F1",2,0,1,0.272,0.945,3,61.4864284900285,1.81425732412606,"up_reg",369
"43","H2BC13","Q99880","Q99880-F1",2,926,19,0.414,0.944,2,87.4487040816327,1.72183355257125,"up_reg",0
"44","PTGS1","P23219","P23219-F1",2,0,1,0.142,0.943,1,94.1155716054478,1.69000702753312,"up_reg",3038
"45","SPTBN5","Q9NRC6","Q9NRC6-F9",2,0,1,0.088,0.942,1,80.5840741069054,1.85874495571891,"up_reg",17
"46","DNAH3","Q8TD57","Q8TD57-F14",7,0,1,0.099,0.941,1,85.2511541897445,2.30179516810229,"up_reg",16
"47","H2BC3","P33778","P33778-F1",2,590,12,0.423,0.941,2,87.6427142857143,1.42720846777323,"up_reg",2
"48","FBLN2","P98095","P98095-F1",8,0,1,0.228,0.938,1,67.6160731319555,2.42906566945165,"up_reg",73
"49","H2BC12","O60814","O60814-F1",2,21,10,0.241,0.937,1,88.0577868852459,1.1262710491504,"up_reg",2
"50","RAC3","P60763","P60763-F1",2,2502,5,0.341,0.937,1,93.8337150466045,1.21074016440356,"up_reg",299
"51","NR5A2","O00482","O00482-F1",2,3092,15,0.203,0.936,2,72.8614365541327,1.94220842611759,"up_reg",563
"52","H2BC15","Q99877","Q99877-F1",2,0,17,0.313,0.935,1,87.691308793456,1.13153950869111,"up_reg",0
"53","DNAH9","Q9NYC9","Q9NYC9-F12",2,0,1,0.087,0.93,2,85.7943238180196,3.10971793258756,"up_reg",74
"54","DNAH9","Q9NYC9","Q9NYC9-F13",2,0,1,0.158,0.928,1,84.3100259136806,3.10971793258756,"up_reg",74
"55","ASPM","Q8IZT6","Q8IZT6-F7",2,741,4,0.335,0.927,1,64.3894747828991,1.47551523673316,"up_reg",510
"56","CDC45","O75419","O75419-F1",2,256,2,0.323,0.926,1,92.8874267100977,1.48084265049745,"up_reg",594
"57","SLC27A2","O14975","O14975-F1",4,0,1,0.206,0.925,1,92.7394009681323,1.65646389122171,"up_reg",78
"58","CDC6","Q99741","Q99741-F1",2,4,2,0.244,0.922,2,69.8394804010939,3.35463621839279,"up_reg",1059
"59","DNAH7","Q8WXX0","Q8WXX0-F5",7,0,1,0.424,0.921,2,88.3114077237943,1.51206333200623,"up_reg",21
"60","LAMA5","O15230","O15230-F10",5,3,2,0.241,0.919,3,79.9928498342018,2.19606214167148,"up_reg",154
"61","LAMA5","O15230","O15230-F1",5,3,2,0.244,0.918,2,82.4136653161217,2.19606214167148,"up_reg",154
"62","CENPI","Q92674","Q92674-F1",2,8115,10,0.058,0.915,3,72.7981596597415,1.17371338473514,"up_reg",68
"63","CENPF","P49454","P49454-F7",2,0,3,0.122,0.906,1,71.418744961032,1.5414593193871,"up_reg",385
"64","PBK","Q96KB5","Q96KB5-F1",2,0,2,0.152,0.901,1,84.9070023696682,1.60704601509028,"up_reg",779
"65","TOP2A","P11388","P11388-F1",2,2028,9,0.045,0.897,1,76.4083174292472,2.03075419568085,"up_reg",1326
"66","ITGB8","P26012","P26012-F1",5,0,2,0.085,0.896,1,76.4670721097541,1.64761928058,"up_reg",131
"67","HEPH","Q9BQS7","Q9BQS7-F1",6,0,1,0.288,0.895,2,89.662720356483,1.6746848975766,"up_reg",201
"68","H2BC14","Q99879","Q99879-F1",2,1166,15,0.365,0.888,2,86.1224313326551,1.59222070898207,"up_reg",1
"69","SPAG5","Q96R06","Q96R06-F1",2,1036,5,0.223,0.887,2,63.8131142310147,1.53243066388186,"up_reg",126
"70","ANPEP","P15144","P15144-F1",3,76,2,0.232,0.886,1,93.7512643826761,6.65023315236068,"up_reg",188
"71","HMMR","O75330","O75330-F1",2,0,1,0.192,0.886,2,76.1048990670059,1.77891351591794,"up_reg",249
"72","DNAH3","Q8TD57","Q8TD57-F15",7,0,1,0.172,0.885,2,86.9610395148299,2.30179516810229,"up_reg",16
"73","ESPL1","Q14674","Q14674-F1",2,0,1,0.619,0.885,1,75.7783475713937,1.91147888967904,"up_reg",146
"74","ABCD1","P33897","P33897-F1",4,0,1,0.179,0.884,1,81.7340458668492,1.25865756658411,"up_reg",668
"75","CIT","O14578","O14578-F1",2,0,1,0.129,0.882,1,70.152782431933,1.1162148699126,"up_reg",8626
"76","CENPE","Q02224","Q02224-F8",2,0,1,0.191,0.88,2,74.1531594148887,1.26951602554695,"up_reg",436
"77","ABCC2","Q92887","Q92887-F1",3,0,2,0.256,0.879,6,81.4368457086967,1.50530666465772,"up_reg",2201
"78","DNAH3","Q8TD57","Q8TD57-F5",7,0,1,0.312,0.878,4,88.0664393804522,2.30179516810229,"up_reg",16
"79","SPTBN5","Q9NRC6","Q9NRC6-F11",2,0,1,0.288,0.878,4,81.4864283163721,1.85874495571891,"up_reg",17
"80","MTTP","P55157","P55157-F1",2,0,1,0.279,0.871,2,86.9198238327127,3.18448616997346,"up_reg",429
"81","H2BC11","P06899","P06899-F1",2,383,10,0.25,0.87,2,85.698045035824,1.47967758816573,"up_reg",1
"82","KIF15","Q9NS87","Q9NS87-F1",2,58,2,0.241,0.869,1,72.0212966758756,1.3517848202133,"up_reg",153
"83","SLC1A5","Q15758","Q15758-F1",2,2706,2,0.051,0.866,2,79.5913765385582,1.28684740858986,"up_reg",530
"84","DNAH3","Q8TD57","Q8TD57-F13",7,0,1,0.156,0.864,1,85.291079001521,2.30179516810229,"up_reg",16
"85","SLC7A5","Q01650","Q01650-F1",2,256,3,0.097,0.862,2,86.240030919866,2.70727974781003,"up_reg",853
"86","WDR76","Q9H967","Q9H967-F1",2,4725,4,0.272,0.861,1,75.3804394032291,1.08467031367691,"up_reg",21
"87","NRCAM","Q92823","Q92823-F1",2,256,2,0.09,0.859,2,78.9562778544666,3.48525950713361,"up_reg",323
"88","SPTBN5","Q9NRC6","Q9NRC6-F2",2,0,1,0.193,0.859,2,82.1263610263772,1.85874495571891,"up_reg",17
"89","DNAH9","Q9NYC9","Q9NYC9-F16",2,0,1,0.142,0.858,3,85.5620783752349,3.10971793258756,"up_reg",74
"90","DNAH9","Q9NYC9","Q9NYC9-F15",2,0,1,0.197,0.856,2,86.2695903549659,3.10971793258756,"up_reg",74
"91","DNAH7","Q8WXX0","Q8WXX0-F15",7,0,1,0.086,0.848,3,89.7793089015925,1.51206333200623,"up_reg",21
"92","BUB1B","O60566","O60566-F1",2,514,5,0.211,0.846,2,64.7205771748185,1.5269676102135,"up_reg",471
"93","POLD1","P28340","P28340-F1",2,1025,5,0.097,0.843,2,86.9567614224882,1.34505557448799,"up_reg",318
"94","SLC2A1","P11166","P11166-F1",12,0,1,0.19,0.839,1,89.6153121720881,1.42205097805753,"up_reg",3559
"95","ASPM","Q8IZT6","Q8IZT6-F3",2,741,4,0.121,0.835,1,67.4665928669883,1.47551523673316,"up_reg",510
"96","LAMA5","O15230","O15230-F11",5,3,2,0.204,0.833,5,78.9432836520435,2.19606214167148,"up_reg",154
"97","CENPF","P49454","P49454-F9",2,0,3,0.372,0.826,1,72.0016993930739,1.5414593193871,"up_reg",385
"98","H2BC18","Q5QNW6","Q5QNW6-F1",2,1368,8,0.422,0.825,2,87.956881390593,1.29439193051378,"up_reg",0
"99","ASPM","Q8IZT6","Q8IZT6-F11",2,741,4,0.163,0.82,2,68.8386483283961,1.47551523673316,"up_reg",510
"100","DNAH7","Q8WXX0","Q8WXX0-F3",7,0,1,0.157,0.817,2,87.3683936451898,1.51206333200623,"up_reg",21
"101","GPI","P06744","P06744-F1",2,256,2,0.383,0.816,2,97.8407676767677,1.54521509289398,"up_reg",20915
"102","CENPA","P49450","P49450-F1",2,3036,9,0.14,0.815,2,82.0783628318584,1.77099728172219,"up_reg",1087
"103","KIF20A","O95235","O95235-F1",2,787,6,0.333,0.814,3,67.3045557924662,1.47060525196733,"up_reg",300
"104","DNAH3","Q8TD57","Q8TD57-F6",7,0,1,0.199,0.807,4,87.745115370962,2.30179516810229,"up_reg",16
"105","SPTBN5","Q9NRC6","Q9NRC6-F3",2,0,1,0.204,0.805,3,81.9798392311838,1.85874495571891,"up_reg",17
"106","LAMA5","O15230","O15230-F13",5,3,2,0.15,0.804,1,81.6785118626956,2.19606214167148,"up_reg",154
"107","ASPM","Q8IZT6","Q8IZT6-F2",2,741,4,0.163,0.803,2,63.4932934706704,1.47551523673316,"up_reg",510
"108","MUC16","Q8WXI7","Q8WXI7-F58",2,0,1,0.18,0.798,1,55.9683919501677,4.62714999301996,"up_reg",1348
"109","SPTBN5","Q9NRC6","Q9NRC6-F10",2,0,1,0.205,0.796,1,80.9546235795455,1.85874495571891,"up_reg",17
"110","RECQL4","O94761","O94761-F1",2,1894,7,0.125,0.793,1,69.0309568099209,2.36460364312562,"up_reg",333
"111","RTKN","Q9BST9","Q9BST9-F1",16,0,1,0.115,0.793,1,72.7382223232553,1.28319767232015,"up_reg",69
"112","CENPF","P49454","P49454-F8",2,0,3,0.307,0.792,6,71.5561330839123,1.5414593193871,"up_reg",385
"113","FGFR4","P22455","P22455-F1",2,0,1,0.145,0.792,3,74.6104747295333,1.87529656311145,"up_reg",1190
"114","AURKB","Q96GD4","Q96GD4-F1",2,0,2,0.06,0.789,2,79.8540354046243,1.34826231232047,"up_reg",1367
"115","CHAF1B","Q13112","Q13112-F1",2,0,1,0.173,0.789,1,75.3852922152922,1.00693710069317,"up_reg",92
"116","MZT2A","Q6P582","Q6P582-F1",2,256,2,0.264,0.788,1,65.5028370044053,1.09567376871439,"up_reg",5
"117","ATP1A1","P05023","P05023-F1",2,3856,3,0.2,0.787,1,88.6991839051463,1.21288635643943,"up_reg",567
"118","DNAH9","Q9NYC9","Q9NYC9-F10",2,0,1,0.09,0.786,2,87.2230745175125,3.10971793258756,"up_reg",74
"119","LAMA5","O15230","O15230-F7",5,3,2,0.102,0.782,2,78.1302530086231,2.19606214167148,"up_reg",154
"120","DNAH7","Q8WXX0","Q8WXX0-F10",7,0,1,0.212,0.781,3,85.9511892229458,1.51206333200623,"up_reg",21
"121","TGM2","P21980","P21980-F1",2,0,1,0.245,0.781,1,92.7830439580651,1.90068089332196,"up_reg",588
"122","CDC25C","P30307","P30307-F1",2,0,1,0.362,0.777,1,64.1824899598394,1.54973452216623,"up_reg",1460
"123","ATP1B3","P54709","P54709-F1",2,2942,3,0.329,0.776,1,89.5213558558559,1.75243068346046,"up_reg",51
"124","TRAIP","Q9BWF2","Q9BWF2-F1",2,0,1,0.303,0.77,1,74.9543435155413,1.04552321344671,"up_reg",59
"125","WDR62","O43379","O43379-F1",2,256,2,0.088,0.77,2,61.3650231402125,1.68576113213249,"up_reg",124
"126","ASPM","Q8IZT6","Q8IZT6-F1",2,741,4,0.107,0.769,2,62.0182791688865,1.47551523673316,"up_reg",510
"127","CENPF","P49454","P49454-F10",2,0,3,0.416,0.769,3,73.1536007249142,1.5414593193871,"up_reg",385
"128","DNAH9","Q9NYC9","Q9NYC9-F4",2,0,1,0.401,0.767,4,85.3379933080919,3.10971793258756,"up_reg",74
"129","LGR5","O75473","O75473-F1",3,22,2,0.267,0.766,4,80.7447220247405,3.55028025077128,"up_reg",2019
"130","ORC1","Q13415","Q13415-F1",2,8617,7,0.154,0.765,1,67.9746077283372,1.79992644564815,"up_reg",375
"131","PHF19","Q5T6S3","Q5T6S3-F1",2,7187,13,0.257,0.765,1,69.8870806241873,1.20876976288699,"up_reg",69
"132","PPFIA3","O75145","O75145-F1",2,0,1,0.306,0.764,3,69.9298802779262,2.00753851502369,"up_reg",8
"133","ANLN","Q9NQW6","Q9NQW6-F1",2,1576,5,0.121,0.76,1,59.8741904323827,1.59791723094277,"up_reg",227
"134","SPTBN5","Q9NRC6","Q9NRC6-F4",2,0,1,0.332,0.758,3,80.2626154672395,1.85874495571891,"up_reg",17
"135","ASPM","Q8IZT6","Q8IZT6-F12",2,741,4,0.305,0.756,1,71.8200900482733,1.47551523673316,"up_reg",510
"136","DNAH9","Q9NYC9","Q9NYC9-F1",2,0,1,0.154,0.754,1,83.2181195296614,3.10971793258756,"up_reg",74
"137","LMNB1","P20700","P20700-F1",2,256,3,0.275,0.754,2,82.6346633684663,1.29239405422761,"up_reg",199
"138","CENPE","Q02224","Q02224-F7",2,0,1,0.304,0.741,2,72.4408738281586,1.26951602554695,"up_reg",436
"139","DNA2","P51530","P51530-F1",2,1304,4,0.216,0.741,2,87.5620381561796,1.11138367839174,"up_reg",599
"140","DNAH7","Q8WXX0","Q8WXX0-F7",7,0,1,0.146,0.736,2,88.3695649466192,1.51206333200623,"up_reg",21
"141","SPTBN2","O15020","O15020-F1",2,510,2,0.242,0.736,3,76.775214383059,2.15769926500256,"up_reg",97
"142","DNAH3","Q8TD57","Q8TD57-F3",7,0,1,0.165,0.733,3,84.8697684117125,2.30179516810229,"up_reg",16
"143","CHEK1","O14757","O14757-F1",2,256,3,0.067,0.732,1,78.1344110733873,1.18476561262549,"up_reg",2096
"144","MME","P08473","P08473-F1",3,112,2,0.377,0.727,3,96.2247209302326,2.6321286991768,"up_reg",2260
"145","BCAM","P50895","P50895-F1",5,0,1,0.182,0.725,3,84.5844937645318,2.89021863730961,"up_reg",423
"146","DNAH9","Q9NYC9","Q9NYC9-F2",2,0,1,0.275,0.722,1,84.3222623208668,3.10971793258756,"up_reg",74
"147","MUC16","Q8WXI7","Q8WXI7-F66",2,0,1,0.177,0.72,2,77.3666569129481,4.62714999301996,"up_reg",1348
"148","POLQ","O75417","O75417-F1",2,0,1,0.104,0.717,1,59.4862674012494,1.68932933893685,"up_reg",184
"149","KPNA2","P52292","P52292-F1",2,327,3,0.024,0.711,1,86.1073162939297,1.24147268085607,"up_reg",312
"150","SHCBP1","Q8NEM2","Q8NEM2-F1",2,0,1,0.18,0.711,1,73.6964627259036,1.16728570723445,"up_reg",64
"151","SPC25","Q9HBM1","Q9HBM1-F1",2,0,1,0.39,0.708,1,90.2554752851711,1.31812980200458,"up_reg",106
"152","FANCA","O15360","O15360-F1",2,0,1,0.135,0.707,1,74.565869508254,1.02588014155032,"up_reg",687
"153","RARRES1","P49788","P49788-F1",9,0,1,0.423,0.702,3,79.9436371379898,2.92110636566636,"up_reg",100
"154","FOXM1","Q08050","Q08050-F1",2,633,4,0.173,0.701,1,51.0762881727687,1.64678003301896,"up_reg",2249
"155","DNAH3","Q8TD57","Q8TD57-F8",7,0,1,0.127,0.7,3,86.0321524543175,2.30179516810229,"up_reg",16
"156","PFKFB3","Q16875","Q16875-F1",11,1,2,0.182,0.7,1,87.1352712066906,1.54873341196275,"up_reg",653
"157","CCNB1","P14635","P14635-F1",2,2372,13,0.078,0.699,1,77.7724150162578,1.7977283857172,"up_reg",2282
"158","SPTBN5","Q9NRC6","Q9NRC6-F12",2,0,1,0.288,0.697,2,78.326631465903,1.85874495571891,"up_reg",17
"159","MCM6","Q14566","Q14566-F1",2,1702,7,0.032,0.695,2,77.3392261722341,1.03851952235895,"up_reg",380
"160","STIL","Q15468","Q15468-F1",2,0,1,0.163,0.693,1,53.6494972568579,1.03423876906239,"up_reg",468
"161","LDHA","P00338","P00338-F1",11,0,1,0.089,0.69,1,96.0605007763975,1.06773161342815,"up_reg",2214
"162","DNAH9","Q9NYC9","Q9NYC9-F11",2,0,1,0.048,0.687,2,87.7892278164613,3.10971793258756,"up_reg",74
"163","ABCC4","O15439","O15439-F1",3,57,2,0.139,0.684,3,83.5914731549991,1.19446858578755,"up_reg",841
"164","ITGA7","Q13683","Q13683-F1",5,4,3,0.119,0.684,2,79.4751861643534,1.43857036767839,"up_reg",230
"165","NCAPH","Q15003","Q15003-F1",2,256,2,0.198,0.683,1,60.7197876747799,1.72577929176336,"up_reg",71
"166","SKA3","Q8IX90","Q8IX90-F1",2,253,2,0.354,0.683,1,64.7586888273315,1.52313154590542,"up_reg",97
"167","LAMA5","O15230","O15230-F6",5,3,2,0.157,0.682,2,80.8888927893738,2.19606214167148,"up_reg",154
"168","DNAH3","Q8TD57","Q8TD57-F10",7,0,1,0.134,0.681,1,85.2285164102108,2.30179516810229,"up_reg",16
"169","LAMA5","O15230","O15230-F8",5,3,2,0.061,0.679,2,75.2661202964652,2.19606214167148,"up_reg",154
"170","TRIP13","Q15645","Q15645-F1",2,0,1,0.249,0.677,2,86.9794004094765,1.90975809842277,"up_reg",195
"171","ASPM","Q8IZT6","Q8IZT6-F8",2,741,4,0.448,0.675,3,63.9280011713521,1.47551523673316,"up_reg",510
"172","PKMYT1","Q99640","Q99640-F1",2,216,3,0.142,0.674,1,75.590281030445,2.4126683981023,"up_reg",107
"173","DNAH9","Q9NYC9","Q9NYC9-F17",2,0,1,0.2,0.671,1,88.3544119362364,3.10971793258756,"up_reg",74
"174","ASPM","Q8IZT6","Q8IZT6-F6",2,741,4,0.197,0.67,3,66.2575664052618,1.47551523673316,"up_reg",510
"175","CENPE","Q02224","Q02224-F1",2,0,1,0.308,0.67,2,71.0705068277311,1.26951602554695,"up_reg",436
"176","LAMA5","O15230","O15230-F4",5,3,2,0.172,0.67,2,84.3548127784624,2.19606214167148,"up_reg",154
"177","DLGAP5","Q15398","Q15398-F1",2,762,2,0.128,0.669,1,56.3710199490026,1.47536789778579,"up_reg",180
"178","RAD54L","Q92698","Q92698-F1",2,0,1,0.171,0.669,1,80.5122278481013,1.50906684387165,"up_reg",180
"179","BCL6","P41182","P41182-F1",2,256,2,0.071,0.668,1,50.1097116430903,1.1212946633186,"up_reg",4213
"180","DNAH3","Q8TD57","Q8TD57-F9",7,0,1,0.115,0.668,1,84.6808236865539,2.30179516810229,"up_reg",16
"181","KIF4A","O95239","O95239-F1",2,0,2,0.244,0.668,3,72.1712231759657,1.62389861451544,"up_reg",225
"182","DNAH3","Q8TD57","Q8TD57-F1",7,0,1,0.199,0.662,1,78.2948199226985,2.30179516810229,"up_reg",16
"183","FANCB","Q8NB91","Q8NB91-F1",2,0,1,0.127,0.662,3,71.9862835472579,1.29708244936055,"up_reg",86
"184","GPC1","P35052","P35052-F1",2,1012,2,0.159,0.659,1,82.8974554707379,2.01545520415191,"up_reg",264
"185","XRCC2","O43543","O43543-F1",2,168,3,0.516,0.659,1,87.09828125,1.51248749164196,"up_reg",428
"186","MCM4","P33991","P33991-F1",2,679,7,0.217,0.658,3,73.7432969464523,1.16647268524583,"up_reg",448
"187","NEK2","P51955","P51955-F1",2,0,2,0.136,0.658,2,78.7481933351694,1.91856720595053,"up_reg",489
"188","LAMA5","O15230","O15230-F2",5,3,2,0.026,0.656,1,82.8635124123555,2.19606214167148,"up_reg",154
"189","TPX2","Q9ULW0","Q9ULW0-F1",2,510,2,0.402,0.656,1,64.2385140295534,1.65668492992491,"up_reg",682
"190","NCAPG","Q9BPX3","Q9BPX3-F1",2,0,1,0.163,0.655,1,82.5022967581047,1.66954332119215,"up_reg",252
"191","DNAH7","Q8WXX0","Q8WXX0-F9",7,0,1,0.177,0.654,2,86.4595719774819,1.51206333200623,"up_reg",21
"192","CENPH","Q9H3R5","Q9H3R5-F1",2,0,7,0.285,0.649,1,83.391973816717,1.36059872592309,"up_reg",90
"193","BAMBI","Q13145","Q13145-F1",2,0,1,0.346,0.648,1,64.8537543167242,1.51534838006127,"up_reg",571
"194","H2BC21","Q16778","Q16778-F1",2,0,6,0.458,0.645,2,88.0431390593047,1.30748560347325,"up_reg",2
"195","PODXL","O00592","O00592-F1",3,0,1,0.288,0.644,1,53.9282365853659,1.52956897956397,"up_reg",211
"196","RAD51","Q06609","Q06609-F1",2,1231,3,0.282,0.64,1,91.5906682116647,1.16949931143739,"up_reg",5826
"197","GINS4","Q9BRT9","Q9BRT9-F1",2,571,2,0.324,0.635,1,90.748319649699,1.3419568189153,"up_reg",36
"198","MYBL2","P10244","P10244-F1",2,0,1,0.066,0.633,1,58.4505143475907,2.29687247401837,"up_reg",477
"199","CLDN3","O15551","O15551-F1",3,0,2,0.271,0.631,1,81.4275857843137,4.73991430097182,"up_reg",485
"200","H1-5","P16401","P16401-F1",2,1751,5,0.282,0.629,1,64.5559609325772,1.5815431806684,"up_reg",137
"201","DNAH7","Q8WXX0","Q8WXX0-F6",7,0,1,0.352,0.626,2,89.3561267418124,1.51206333200623,"up_reg",21
"202","PCDHGB1","Q9Y5G3","Q9Y5G3-F1",14,0,1,0.109,0.624,2,75.2197294234311,3.06774800238547,"up_reg",2
"203","H3C1","P68431","P68431-F1",2,2134,12,0.351,0.623,1,87.2869195189639,1.09755894674292,"up_reg",5
"204","H3C10","P68431","P68431-F1",2,496,7,0.351,0.623,1,87.2869195189639,1.82956560669675,"up_reg",0
"205","H3C11","P68431","P68431-F1",2,532,6,0.351,0.623,1,87.2869195189639,1.51181876712282,"up_reg",1
"206","H3C12","P68431","P68431-F1",2,1784,9,0.351,0.623,1,87.2869195189639,2.0029937537752,"up_reg",0
"207","NUF2","Q9BZD4","Q9BZD4-F1",2,0,1,0.317,0.622,2,89.4283280839895,1.25338420329542,"up_reg",201
"208","BLM","P54132","P54132-F1",2,0,2,0.161,0.616,1,60.9577520838935,1.05102832151091,"up_reg",5410
"209","SPTBN5","Q9NRC6","Q9NRC6-F1",2,0,1,0.103,0.613,1,80.8388108689804,1.85874495571891,"up_reg",17
"210","DNAH3","Q8TD57","Q8TD57-F11",7,0,1,0.286,0.612,4,84.6699973338073,2.30179516810229,"up_reg",16
"211","PFKFB4","Q16877","Q16877-F1",11,0,1,0.267,0.607,1,92.1089178515008,1.20581822401034,"up_reg",139
"212","PRAME","P78395","P78395-F1",2,0,1,0.372,0.605,1,81.5777479694807,2.80867169613496,"up_reg",548
"213","IQGAP3","Q86VI3","Q86VI3-F1",2,0,1,0.181,0.604,2,79.626746793641,1.14919564948062,"up_reg",85
"214","MZT2B","Q6NZ67","Q6NZ67-F1",2,0,1,0.256,0.603,1,65.7536387665198,1.51279370104043,"up_reg",3
"215","DNAH7","Q8WXX0","Q8WXX0-F14",7,0,1,0.08,0.6,3,86.9871077199282,1.51206333200623,"up_reg",21
"216","DNAH9","Q9NYC9","Q9NYC9-F5",2,0,1,0.35,0.6,1,85.9616684378321,3.10971793258756,"up_reg",74
"217","NOTCH1","P46531","P46531-F1",2,5821,6,0.203,0.6,2,57.498331130729,1.62097172490457,"up_reg",9053
"218","CENPK","Q9BS16","Q9BS16-F1",2,52,8,0.253,0.599,1,81.7073108108108,1.26508361580261,"up_reg",50
"219","ICAM1","P05362","P05362-F1",3,0,1,0.208,0.596,2,88.5748768472906,1.78732117360263,"up_reg",31115
"220","PHLDA1","Q8WV24","Q8WV24-F1",2,0,1,0.396,0.593,1,62.4004287515763,1.12052662225561,"up_reg",193
"221","NRARP","Q7Z6K4","Q7Z6K4-F1",2,0,1,0.142,0.584,1,82.9288041002278,1.75298576169889,"up_reg",46
"222","RACGAP1","Q9H0H5","Q9H0H5-F1",2,2063,6,0.133,0.584,2,69.8631812700965,1.05567801071095,"up_reg",171
"223","NUSAP1","Q9BXS6","Q9BXS6-F1",2,251,2,0.144,0.583,1,63.0871987345413,1.22841984258027,"up_reg",179
"224","H4C1","P62805","P62805-F1",2,160,8,0.336,0.581,1,90.437525,1.34986367571706,"up_reg",1
"225","H4C13","P62805","P62805-F1",2,85,3,0.336,0.581,1,90.437525,1.73005854574301,"up_reg",0
"226","H4C4","P62805","P62805-F1",2,474,9,0.336,0.581,1,90.437525,1.03412275834843,"up_reg",19
"227","PDZK1","Q5T2W1","Q5T2W1-F1",3,44,4,0.169,0.577,2,78.6556868611319,2.85426966820244,"up_reg",290
"228","CENPE","Q02224","Q02224-F5",2,0,1,0.235,0.575,2,73.0695095601475,1.26951602554695,"up_reg",436
"229","ERBB2","P04626","P04626-F1",2,4671,8,0.179,0.572,1,74.9091822792672,2.80674627494674,"up_reg",36829
"230","SEMA6A","Q9H2E6","Q9H2E6-F1",15,0,1,0.163,0.564,1,70.7829661438885,2.53357206524157,"up_reg",133
"231","E2F8","A0AVK6","A0AVK6-F1",2,0,1,0.14,0.562,1,53.6931614756577,1.321299875254,"up_reg",151
"232","DSCC1","Q9BVC3","Q9BVC3-F1",2,0,1,0.206,0.558,1,92.165723830735,1.27774095905377,"up_reg",20
"233","KIF2C","Q99661","Q99661-F1",2,2315,4,0.07,0.558,2,74.6576222300387,1.87194663662564,"up_reg",295
"234","TK1","P04183","P04183-F1",2,10,2,0.284,0.554,2,82.3099831460674,1.55703841968498,"up_reg",777
"235","EXO1","Q9UQ84","Q9UQ84-F1",2,1561,3,0.203,0.552,1,63.6393491751173,1.72025216591559,"up_reg",922
"236","UBE2S","Q16763","Q16763-F1",2,7646,9,0.168,0.552,1,81.850285884455,2.27562654782529,"up_reg",116
"237","MCM10","Q7L590","Q7L590-F1",2,426,3,0.08,0.549,2,66.8889134545455,1.9873593054655,"up_reg",230
"238","CCNA2","P20248","P20248-F1",2,8009,7,0.256,0.547,2,74.7478724026924,1.42076591643105,"up_reg",778
"239","ERCC6L","Q2NKX8","Q2NKX8-F1",2,0,1,0.048,0.546,1,62.794578920827,1.58230136394671,"up_reg",62
"240","MDK","P21741","P21741-F1",12,0,1,0.343,0.543,1,73.1076378676471,1.61166364418869,"up_reg",948
"241","SPTBN5","Q9NRC6","Q9NRC6-F13",2,0,1,0.316,0.537,2,80.3608641487048,1.85874495571891,"up_reg",17
"242","NDC80","O14777","O14777-F1",2,2,2,0.161,0.532,2,78.6095798805165,1.64682848036424,"up_reg",592
"243","MRPL12","P52815","P52815-F1",2,0,1,0.472,0.53,1,69.515320855615,1.80119469891991,"up_reg",36
"244","CCNE2","O96020","O96020-F1",2,0,1,0.296,0.527,1,77.7639902676399,1.39706032406069,"up_reg",307
"245","CENPF","P49454","P49454-F1",2,0,3,0.399,0.524,2,72.4119894505495,1.5414593193871,"up_reg",385
"246","MCM2","P49736","P49736-F1",2,0,2,0.139,0.522,3,76.522590572108,1.72637982949085,"up_reg",1556
"247","S100A4","P26447","P26447-F1",16,0,1,0.313,0.516,1,85.1867277167277,2.60827156303773,"up_reg",1705
"248","CENPM","Q9NSP4","Q9NSP4-F1",2,251,8,0.181,0.514,1,89.7646820809249,1.64095604985057,"up_reg",49
"249","ATAD2","Q6PL18","Q6PL18-F1",2,1,3,0.186,0.513,1,62.5212744745824,1.35702368919262,"up_reg",166
"250","KRT15","P19012","P19012-F1",10,0,1,0.359,0.513,1,77.1424470246734,2.09643918919925,"up_reg",229
"251","DNAH3","Q8TD57","Q8TD57-F2",7,0,1,0.407,0.511,1,85.5775200070354,2.30179516810229,"up_reg",16
"252","DTL","Q9NZJ0","Q9NZJ0-F1",2,18,2,0.101,0.511,2,63.439316223977,1.40058937904034,"up_reg",625
"253","ASPM","Q8IZT6","Q8IZT6-F5",2,741,4,0.281,0.507,2,68.9559601294939,1.47551523673316,"up_reg",510
"254","DBN1","Q16643","Q16643-F1",2,140,2,0.135,0.507,1,63.0387472615017,1.6649316993866,"up_reg",47
"255","DNAH3","Q8TD57","Q8TD57-F7",7,0,1,0.093,0.507,1,88.9640359024739,2.30179516810229,"up_reg",16
"256","MED1","Q15648","Q15648-F1",2,517,7,0.111,0.507,1,51.2956233579117,1.30249791235315,"up_reg",1102
"257","MUC16","Q8WXI7","Q8WXI7-F59",2,0,1,0.129,0.507,3,61.6742145922747,4.62714999301996,"up_reg",1348
"258","KIF14","Q15058","Q15058-F1",2,1551,5,0.127,0.506,1,66.0463600917431,1.56855654039013,"up_reg",163
"259","PTTG1","O95997","O95997-F1",2,567,4,0.339,0.504,1,64.5439896707553,1.76839577356556,"up_reg",437
"260","DNAH9","Q9NYC9","Q9NYC9-F14",2,0,1,0.124,0.503,1,86.1866639799391,3.10971793258756,"up_reg",74
"261","SPTBN5","Q9NRC6","Q9NRC6-F5",2,0,1,0.167,0.499,2,79.9200445354948,1.85874495571891,"up_reg",17
"262","TMOD1","P28289","P28289-F1",2,762,2,0.096,0.499,1,84.7980252986648,2.35323990719996,"up_reg",153
"263","KIF23","Q02241","Q02241-F1",2,207,3,0.314,0.498,1,73.073534214619,1.5289668269571,"up_reg",207
"264","SPTBN5","Q9NRC6","Q9NRC6-F7",2,0,1,0.063,0.494,2,80.47957938546,1.85874495571891,"up_reg",17
"265","FGFR3","P22607","P22607-F1",2,511,3,0.127,0.488,1,75.3696381632322,1.5034011988877,"up_reg",3412
"266","CENPE","Q02224","Q02224-F4",2,0,1,0.168,0.487,1,72.3195598895409,1.26951602554695,"up_reg",436
"267","CLDN15","P56746","P56746-F1",3,60,4,0.406,0.485,1,81.8100117233294,1.94458258288143,"up_reg",36
"268","CENPF","P49454","P49454-F6",2,0,3,0.437,0.484,2,70.995527633697,1.5414593193871,"up_reg",385
"269","CDCA8","Q53HL2","Q53HL2-F1",2,256,6,0.388,0.483,1,68.7891859936335,1.14243017590352,"up_reg",204
"270","DNAH9","Q9NYC9","Q9NYC9-F7",2,0,1,0.145,0.48,1,86.9264614019521,3.10971793258756,"up_reg",74
"271","CDK1","P06493","P06493-F1",2,4233,14,0.514,0.471,1,89.3155051975052,1.57726941516331,"up_reg",5952
"272","CHTF18","Q8WVB6","Q8WVB6-F1",2,256,2,0.162,0.47,1,64.9750959121577,1.59685064889813,"up_reg",19
"273","JAG2","Q9Y219","Q9Y219-F1",2,0,1,0.248,0.47,1,72.6745002695418,2.12978121238296,"up_reg",318
"274","DEPDC1B","Q8WUY9","Q8WUY9-F1",2,0,1,0.107,0.469,1,77.3635097813579,2.44818717844634,"up_reg",54
"275","GLA","P06280","P06280-F1",1,0,1,0.368,0.468,1,94.5038167493434,1.11732181474387,"up_reg",12784
"276","MUC16","Q8WXI7","Q8WXI7-F63",2,0,1,0.089,0.463,1,74.6556522545927,4.62714999301996,"up_reg",1348
"277","FBLN1","P23142","P23142-F1",8,0,1,0.382,0.461,1,79.6493333333333,5.28639840674976,"up_reg",148
"278","TRIB3","Q96RU7","Q96RU7-F1",2,0,1,0.175,0.461,2,78.0208758076095,1.92649009984119,"up_reg",510
"279","DNAH3","Q8TD57","Q8TD57-F12",7,0,1,0.143,0.459,1,85.2008183116188,2.30179516810229,"up_reg",16
"280","FAM83D","Q9H4H8","Q9H4H8-F1",2,0,2,0.14,0.459,1,64.4271687279152,1.17393384309184,"up_reg",57
"281","DPP4","P27487","P27487-F1",3,107,3,0.321,0.453,1,96.406348188522,3.50696785597627,"up_reg",5879
"282","CENPF","P49454","P49454-F4",2,0,3,0.416,0.452,1,70.5056078431373,1.5414593193871,"up_reg",385
"283","LAMA5","O15230","O15230-F3",5,3,2,0.132,0.448,1,83.3129676140119,2.19606214167148,"up_reg",154
"284","DEPDC1","Q5TB30","Q5TB30-F1",2,0,1,0.111,0.445,1,61.0503570881226,1.83227674169336,"up_reg",91
"285","NEIL3","Q8TAT5","Q8TAT5-F1",2,668,12,0.015,0.445,1,70.0085488293609,1.44950924587478,"up_reg",151
"286","KIF18B","Q86Y91","Q86Y91-F1",2,0,2,0.2,0.437,1,62.7438713629403,1.92030194607751,"up_reg",74
"287","DNM1","Q05193","Q05193-F1",2,0,1,0.166,0.433,1,79.0658625730994,1.79862965388604,"up_reg",259
"288","BRAT1","Q6PJG6","Q6PJG6-F1",2,0,1,0.415,0.432,1,85.1900290932601,1.09620118872138,"up_reg",53
"289","CDH24","Q86UP0","Q86UP0-F1",2,256,2,0.296,0.432,1,76.2493345178485,1.24516966614805,"up_reg",8
"290","AURKA","O14965","O14965-F1",2,256,6,0.139,0.431,1,75.9057868649318,1.27161705336434,"up_reg",2465
"291","DNAH7","Q8WXX0","Q8WXX0-F12",7,0,1,0.146,0.431,2,86.6785983058404,1.51206333200623,"up_reg",21
"292","CDC7","O00311","O00311-F1",2,0,2,0.307,0.427,1,72.3620397232761,1.01020765209483,"up_reg",657
"293","PLXNA4","Q9HCM2","Q9HCM2-F1",15,0,1,0.09,0.426,1,83.6145640061757,2.48330602757402,"up_reg",106
"294","ORC6","Q9Y5N6","Q9Y5N6-F1",2,0,2,0.216,0.425,1,81.544630290668,1.14439532453139,"up_reg",101
"295","PDLIM4","P50479","P50479-F1",2,0,1,0.362,0.42,1,70.9076950925181,2.08186361289215,"up_reg",70
"296","CDKN3","Q16667","Q16667-F1",2,0,1,0.472,0.413,1,91.0594891826923,1.5870940206308,"up_reg",184
"297","GAPDH","P04406","P04406-F1",2,762,2,0.345,0.413,1,98.1707061143984,1.12299091330819,"up_reg",8498
"298","RPL19","P84098","P84098-F1",2,511,3,0.402,0.406,1,94.6407917174178,1.18682789202927,"up_reg",131
"299","BUB1","O43683","O43683-F1",2,511,3,0.138,0.403,1,64.124272589836,1.88129074927325,"up_reg",1283
"300","MUC16","Q8WXI7","Q8WXI7-F61",2,0,1,0.196,0.403,1,73.854410041841,4.62714999301996,"up_reg",1348
"301","TACC3","Q9Y6A5","Q9Y6A5-F1",2,0,1,0.259,0.4,1,58.3400047378395,1.25561596096484,"up_reg",369
"302","LMNB2","Q03252","Q03252-F1",2,0,1,0.194,0.394,0,80.0278409785933,1.01599691059303,"up_reg",73
"303","BOP1","Q14137","Q14137-F1",2,0,1,0.149,0.393,0,80.784320380112,1.4243869712321,"up_reg",120
"304","DNAH9","Q9NYC9","Q9NYC9-F3",2,0,1,0.216,0.391,0,84.0431786746039,3.10971793258756,"up_reg",74
"305","IGSF8","Q969P0","Q969P0-F1",3,0,1,0.093,0.389,0,88.3859646056369,1.00495058047141,"up_reg",48
"306","CEP55","Q53EZ4","Q53EZ4-F1",2,510,2,0.284,0.386,0,82.7930478192328,1.77080030982067,"up_reg",273
"307","DNAH9","Q9NYC9","Q9NYC9-F6",2,0,1,0.184,0.385,0,86.2000725599504,3.10971793258756,"up_reg",74
"308","CENPF","P49454","P49454-F5",2,0,3,0.219,0.384,0,70.8340929025329,1.5414593193871,"up_reg",385
"309","UBE2T","Q9NPD8","Q9NPD8-F1",2,0,1,0.273,0.383,0,86.0270896464646,1.19705374509492,"up_reg",146
"310","KRT23","Q9C075","Q9C075-F1",10,0,1,0.182,0.382,0,78.4309623926562,6.32280521402984,"up_reg",47
"311","SPTBN5","Q9NRC6","Q9NRC6-F6",2,0,1,0.247,0.38,0,79.5738921412099,1.85874495571891,"up_reg",17
"312","RRM2","P31350","P31350-F1",2,256,2,0.276,0.377,0,80.1260056925996,1.55627920610152,"up_reg",904
"313","CDCA5","Q96FF9","Q96FF9-F1",2,0,1,0.258,0.376,0,63.5050515995872,1.75989179224958,"up_reg",156
"314","KIF1A","Q12756","Q12756-F1",2,2693,9,0.106,0.373,0,71.0182512847248,2.91883070200373,"up_reg",351
"315","SPC24","Q8NBT2","Q8NBT2-F1",2,0,1,0.345,0.372,0,91.3933649588868,1.22830604500172,"up_reg",79
"316","PCDHGA5","Q9Y5G8","Q9Y5G8-F1",13,0,1,0.102,0.371,0,75.3929261083744,1.80819513842136,"up_reg",0
"317","PIF1","Q9H611","Q9H611-F1",2,0,1,0.062,0.368,0,77.9793572740257,1.51910218224431,"up_reg",475
"318","CBX2","Q14781","Q14781-F1",2,2,8,0.412,0.367,0,57.1826386768448,2.49378639513751,"up_reg",189
"319","ASPM","Q8IZT6","Q8IZT6-F9",2,741,4,0.161,0.36,0,63.085167830403,1.47551523673316,"up_reg",510
"320","CLDN4","O14493","O14493-F1",3,22,3,0.511,0.36,0,84.5215399610136,1.53790379375603,"up_reg",625
"321","GRB7","Q14451","Q14451-F1",2,0,1,0.214,0.36,0,78.8887791527844,3.70053450906828,"up_reg",309
"322","ASPM","Q8IZT6","Q8IZT6-F4",2,741,4,0.271,0.359,0,70.4000076936228,1.47551523673316,"up_reg",510
"323","CENPW","Q5EE01","Q5EE01-F1",2,198,9,0.31,0.353,0,89.6991914893617,1.25669996853414,"up_reg",60
"324","KIFC1","Q9BW19","Q9BW19-F1",2,67,4,0.202,0.353,0,77.8832572975063,1.65071928434665,"up_reg",186
"325","PCDHGB2","Q9Y5G2","Q9Y5G2-F1",14,0,1,0.338,0.351,0,75.7500140607424,1.61069607808297,"up_reg",2
"326","RUNX3","Q13761","Q13761-F1",2,256,2,0.403,0.35,0,62.2155708787684,1.96682328289111,"up_reg",1559
"327","ASF1B","Q9NVP2","Q9NVP2-F1",2,0,4,0.391,0.346,0,85.6471954314721,1.54058444923228,"up_reg",113
"328","ENO1","P06733","P06733-F1",2,0,1,0.465,0.346,0,97.6271523378582,1.25016989293436,"up_reg",866
"329","MUC16","Q8WXI7","Q8WXI7-F67",2,0,1,0.102,0.344,0,76.3068718298868,4.62714999301996,"up_reg",1348
"330","RPL39L","Q96EH5","Q96EH5-F1",2,0,1,0.319,0.343,0,94.0994144144144,1.33754099813034,"up_reg",19
"331","CENPF","P49454","P49454-F2",2,0,3,0.173,0.336,0,71.950278588485,1.5414593193871,"up_reg",385
"332","DNAH7","Q8WXX0","Q8WXX0-F13",7,0,1,0.129,0.335,0,86.4736501389761,1.51206333200623,"up_reg",21
"333","TONSL","Q96HA7","Q96HA7-F1",2,758,4,0.187,0.335,0,76.4887099820568,1.65914089846716,"up_reg",54
"334","SPTBN5","Q9NRC6","Q9NRC6-F8",2,0,1,0.157,0.332,0,80.4522623591018,1.85874495571891,"up_reg",17
"335","DNAH7","Q8WXX0","Q8WXX0-F4",7,0,1,0.226,0.331,0,87.8369532080822,1.51206333200623,"up_reg",21
"336","FBXL19","Q6PCT2","Q6PCT2-F1",2,0,1,0.073,0.327,0,67.8321983002833,1.26165489788979,"up_reg",64
"337","C4B","P0C0L5","P0C0L5-F1",2,0,1,0.182,0.325,0,83.4692528185101,1.99807005844677,"up_reg",3350
"338","OIP5","O43482","O43482-F1",2,256,7,0.193,0.324,0,76.3264083285136,1.5893829856754,"up_reg",270
"339","CLSPN","Q9HAW4","Q9HAW4-F1",2,511,6,0.285,0.322,0,51.8103624351109,1.26797098805591,"up_reg",151
"340","GINS2","Q9Y248","Q9Y248-F1",2,0,1,0.258,0.318,0,93.4044784053156,1.56418829526577,"up_reg",85
"341","EME1","Q96AY2","Q96AY2-F1",2,0,1,0.155,0.315,0,67.9034920993228,1.27361831735475,"up_reg",191
"342","SLC3A1","Q07837","Q07837-F1",2,0,1,0.216,0.312,0,87.8210219503418,2.72759114212628,"up_reg",276
"343","MUC16","Q8WXI7","Q8WXI7-F65",2,0,1,0.065,0.305,0,75.3993635103926,4.62714999301996,"up_reg",1348
"344","RTN4R","Q9BZR6","Q9BZR6-F1",3,60,2,0.24,0.303,0,77.0629635854342,2.20499457651546,"up_reg",339
"345","DNAH7","Q8WXX0","Q8WXX0-F11",7,0,1,0.151,0.298,0,86.6613705673759,1.51206333200623,"up_reg",21
"346","E2F1","Q01094","Q01094-F1",2,651,5,0.159,0.295,0,63.7350409463148,1.33336268834401,"up_reg",5115
"347","GINS1","Q14691","Q14691-F1",2,0,1,0.241,0.287,0,93.3026906385617,1.66438652516817,"up_reg",67
"348","UBE2C","O00762","O00762-F1",2,9,4,0.355,0.286,0,89.6987066473989,1.85450308327282,"up_reg",434
"349","CCNE1","P24864","P24864-F1",2,1848,6,0.101,0.284,0,79.9765767949106,1.82148638781985,"up_reg",1060
"350","DNAH7","Q8WXX0","Q8WXX0-F1",7,0,1,0.347,0.283,0,81.8619127693116,1.51206333200623,"up_reg",21
"351","DNAH9","Q9NYC9","Q9NYC9-F9",2,0,1,0.145,0.275,0,89.1094176313446,3.10971793258756,"up_reg",74
"352","LAMA5","O15230","O15230-F5",5,3,2,0.171,0.274,0,83.8314406137526,2.19606214167148,"up_reg",154
"353","SPRY1","O43609","O43609-F1",2,0,1,0.224,0.267,0,61.6194959016393,1.2373825790928,"up_reg",315
"354","DNAH7","Q8WXX0","Q8WXX0-F8",7,0,1,0.046,0.258,0,86.253427372556,1.51206333200623,"up_reg",21
"355","DNAH7","Q8WXX0","Q8WXX0-F2",7,0,1,0.207,0.256,0,87.7835046113307,1.51206333200623,"up_reg",21
"356","KIF18A","Q8NI77","Q8NI77-F1",2,0,2,0.186,0.256,0,67.7410391061453,1.81935536215376,"up_reg",143
"357","E2F7","Q96AV8","Q96AV8-F1",2,256,2,0.108,0.254,0,51.2724935952178,1.70555611299129,"up_reg",223
"358","PDLIM7","Q9NR12","Q9NR12-F1",2,511,3,0.079,0.251,0,71.0318960593946,1.52958324919982,"up_reg",174
"359","WDR18","Q9BV38","Q9BV38-F1",2,0,1,0.095,0.251,0,86.1008168168168,1.12220320958827,"up_reg",14
"360","GGT1","P19440","P19440-F1",3,0,1,0.391,0.244,0,94.9407121387283,1.79283216278017,"up_reg",177
"361","CENPF","P49454","P49454-F3",2,0,3,0.328,0.243,0,70.3329779477147,1.5414593193871,"up_reg",385
"362","DNAH9","Q9NYC9","Q9NYC9-F8",2,0,1,0.233,0.242,0,87.9537472244427,3.10971793258756,"up_reg",74
"363","PARVB","Q9HBI1","Q9HBI1-F1",5,1,2,0.063,0.242,0,82.4581709809264,1.24553132862599,"up_reg",81
"364","RAD51AP1","Q96B01","Q96B01-F1",2,497,4,0.122,0.242,0,58.7984421364985,1.4228069098074,"up_reg",94
"365","IGFBP3","P17936","P17936-F1",2,0,1,0.282,0.235,0,67.7332911392405,2.10670817852299,"up_reg",8133
"366","KHDRBS3","O75525","O75525-F1",9,0,1,0.467,0.235,0,69.7784373859073,1.647093796675,"up_reg",63
"367","CDT1","Q9H211","Q9H211-F1",2,256,3,0.393,0.234,0,74.9077927289896,2.4019392768168,"up_reg",655
"368","H2AC11","P0C0S8","P0C0S8-F1",2,0,1,0.416,0.234,0,91.3035750251762,1.78676970959634,"up_reg",1
"369","H2AC13","P0C0S8","P0C0S8-F1",2,0,2,0.416,0.234,0,91.3035750251762,1.68490399771762,"up_reg",1
"370","H2AC15","P0C0S8","P0C0S8-F1",2,0,1,0.416,0.234,0,91.3035750251762,1.29854759032066,"up_reg",0
"371","H2AC16","P0C0S8","P0C0S8-F1",2,0,1,0.416,0.234,0,91.3035750251762,2.10139156296639,"up_reg",0
"372","H2AC12","Q96KK5","Q96KK5-F1",2,0,8,0.413,0.233,0,91.9079183673469,1.69149361283414,"up_reg",0
"373","H2AC4","P04908","P04908-F1",2,0,1,0.384,0.231,0,91.0890261044177,2.12332778962253,"up_reg",0
"374","H2AC8","P04908","P04908-F1",2,7198,9,0.384,0.231,0,91.0890261044177,1.23382176762632,"up_reg",1
"375","H2AC14","Q99878","Q99878-F1",2,1807,15,0.443,0.23,0,91.9054989816701,1.60894313965724,"up_reg",0
"376","CDC25A","P30304","P30304-F1",2,575,2,0.261,0.229,0,63.5796743849493,1.34798442111903,"up_reg",1238
"377","H3C13","Q71DI3","Q71DI3-F1",2,5096,8,0.089,0.228,0,87.3041813135985,2.43898789196366,"up_reg",1
"378","UHRF1","Q96T88","Q96T88-F1",2,256,9,0.21,0.221,0,81.267136731777,1.64496816204453,"up_reg",695
"379","MUC16","Q8WXI7","Q8WXI7-F64",2,0,1,0.085,0.22,0,75.5409531293335,4.62714999301996,"up_reg",1348
"380","CDC20","Q12834","Q12834-F1",2,838,5,0.319,0.217,0,84.8543494038362,2.10197114611437,"up_reg",1649
"381","NHERF1","O14745","O14745-F1",3,107,4,0.202,0.212,0,72.4747214076246,1.16160107471523,"up_reg",466
"382","PLK4","O00444","O00444-F1",2,305,3,0.133,0.199,0,66.9229360313316,1.17606222092814,"up_reg",483
"383","EPHB2","P29323","P29323-F1",2,256,2,0.129,0.198,0,80.1209851797862,1.87284608118393,"up_reg",843
"384","LAMA5","O15230","O15230-F9",5,3,2,0.149,0.195,0,79.6042862512922,2.19606214167148,"up_reg",154
"385","CKS2","P33552","P33552-F1",2,0,1,0.368,0.194,0,92.8712195121951,1.0878407417088,"up_reg",168
"386","S100A9","P06702","P06702-F1",2,0,1,0.328,0.187,0,94.9059482758621,5.14578476066389,"up_reg",2187
"387","PCDHGA4","Q9Y5G9","Q9Y5G9-F1",13,0,1,0.1,0.184,0,74.3877826324413,2.4811734776273,"up_reg",4
"388","ZNRF3","Q9ULT6","Q9ULT6-F1",3,0,1,0.232,0.183,0,51.3089213323884,1.45298840025772,"up_reg",159
"389","HMGA1","P17096","P17096-F1",2,0,1,0.159,0.181,0,65.4623716381418,1.40410602812919,"up_reg",1299
"390","H1-3","P16402","P16402-F1",2,0,2,0.228,0.176,0,63.9561107574793,1.22909511655373,"up_reg",151
"391","H2AC21","Q8IUE6","Q8IUE6-F1",2,765,7,0.379,0.174,0,91.071369168357,1.6665138127752,"up_reg",0
"392","PCLAF","Q15004","Q15004-F1",2,0,1,0.264,0.167,0,66.1263971462545,1.29270552028694,"up_reg",103
"393","TNFRSF19","Q9NS68","Q9NS68-F1",3,42,2,0.228,0.16,0,60.38073125,2.42243732372427,"up_reg",117
"394","CLDN7","O95471","O95471-F1",3,76,2,0.254,0.152,0,82.249462571977,1.35361439596454,"up_reg",302
"395","MUC16","Q8WXI7","Q8WXI7-F62",2,0,1,0.095,0.146,0,75.5181759078666,4.62714999301996,"up_reg",1348
"396","ESPN","B1AK53","B1AK53-F1",2,0,1,0.114,0.144,0,68.309967416602,2.79483105240876,"up_reg",202
"397","PITX1","P78337","P78337-F1",3,0,1,0.326,0.132,0,63.2664494569758,1.88638206103624,"up_reg",479
"398","USP44","Q9H0E7","Q9H0E7-F1",2,0,1,0.101,0.131,0,72.7060130144214,2.2151219877245,"up_reg",60
"399","SPINDOC","Q9BUA3","Q9BUA3-F1",2,0,5,0.062,0.118,0,51.1917800138793,1.08600242081492,"up_reg",8
"400","SKA1","Q96BD8","Q96BD8-F1",2,0,2,0.218,0.102,0,85.822417794971,1.71148186942304,"up_reg",114
"401","CLDN2","P57739","P57739-F1",3,0,2,0.093,0.091,0,78.6734610917538,3.45636979485745,"up_reg",412
"402","E2F2","Q14209","Q14209-F1",2,0,1,0.18,0.079,0,64.0825988023952,1.71630949554964,"up_reg",639
"403","H2AX","P16104","P16104-F1",2,1007,13,0.328,0.078,0,87.3299156513589,1.81145880623169,"up_reg",7213
"404","CCNB2","O95067","O95067-F1",2,257,4,0.089,0.073,0,80.3833301857098,1.67880933018082,"up_reg",453
"405","H1-10","Q92522","Q92522-F1",2,177,3,0.065,0.06,0,66.4111630847029,1.40221788600724,"up_reg",41
"406","CCNF","P41002","P41002-F1",2,1,2,0.276,0.059,0,72.4470043909579,1.35530815169177,"up_reg",183
"407","A4GALT","Q9NPC4","Q9NPC4-F1",1,0,1,0.089,0.056,0,89.5696012591815,2.31305738479481,"up_reg",69
"408","CDH3","P22223","P22223-F1",2,0,1,0.256,0.053,0,76.6221830329397,1.55720215250689,"up_reg",264
"409","SGO1","Q5FBB7","Q5FBB7-F1",2,0,1,0.108,0.05,0,55.1732355555556,1.449569233537,"up_reg",254
"410","JUP","P14923","P14923-F1",2,510,2,0.091,0.021,0,81.1056283866457,2.37500724938771,"up_reg",483
"411","MUC16","Q8WXI7","Q8WXI7-F60",2,0,1,0.186,0.021,0,67.4367753793949,4.62714999301996,"up_reg",1348
"412","MAD2L1","Q13257","Q13257-F1",2,704,4,0.178,0.019,0,93.7585265700483,1.48420656495576,"up_reg",680
