"Protein","Molecularweight","Residues","AvResWeight","Charge","Isoelectric","A280_molar_ext","A280_molar_ext_cyst","A280_ext_coeff","A280_ext_coeff_cyst","Prob","Ala","Arg","Asn","Asp","Cys","Gln","Glu","Gly","His","Ile","Leu","Lys","Met","Phe","Pro","Ser","Thr","Trp","Tyr","Val","Acidic","Aliphatic","Aromatic","Basic","Charged","Non.polar","Polar","Small","Tiny","Glyc_N","Glyc_O","Enzyme.Classification","ph_TYR","ph_THR","ph_SER","Localization","Transmembrane.Helices","Signal.Peptide","Essentiality","PEST.region","Secondary.Structure..Helices.","Secondary.Structure..Betasheet.","Secondary.Structure..turn.","Secondary.Structure..coil.","Tissue.Specificity","Solvent.Accessibility","Biological.Process..1.","Biological.Process..2.","Biological.Process..3.","Molecular.Function..1.","Molecular.Function..2.","Molecular.Function..3.","Maps..1.","Maps..2.","Maps..3.","Degree","Closeness","Betweeness","EigenCent","PageRank","approved","clinical"
"P11802",33729.84,303,111.32,2.5,6.963,29910,30160,0.887,0.894,0.69,7.261,7.591,2.31,5.611,1.32,2.64,6.271,7.921,2.97,3.63,10.891,3.63,2.64,4.29,8.251,4.95,4.95,0.99,2.97,8.911,11.88,30.69,11.22,14.19,26.07,59.07,40.92,51.48,26.4,0,0,"Transferases",0,3,2,"Cytoplasmic",0,"N","Essential","Poor",0.372937294,0.257425743,0.174917492,0.194719472,5.03435414,0.764102564,1,2,3,18,22,24,16,22,54,0.818311949,0.949880767,0.848977548,0.962966428,0.614712878,"1","0"
"P11473",48289.18,427,113.089,0,6.492,17420,18420,0.361,0.381,0.62,4.684,6.792,3.044,7.494,3.981,3.747,6.557,4.684,3.279,5.621,9.836,5.621,3.981,4.215,5.152,10.539,4.215,0.234,1.874,4.45,14.05,24.59,9.6,15.69,29.74,48.71,51.28,48.24,28.1,0,12,"Not-Enzyme",1,0,12,"Nuclear",0,"N","Non-Essential","Potential",0.393442623,0.117096019,0.344262295,0.145199063,4.184343373,0.672661871,1,2,3,1,2,9,15,100,109,0.653560587,0.901671156,0.781437586,0.92664479,0.420765879,"1","0"
"P00533",134277.4,1210,110.973,3.5,6.659,125140,128890,0.932,0.96,0.74,5.95,4.959,5.455,5.041,4.959,4.05,6.364,7.025,2.562,5.702,9.174,5.455,2.066,2.975,6.198,6.942,5.289,1.074,2.975,5.785,11.4,26.61,9.58,12.97,24.38,53.88,46.11,52.64,30.16,13,33,"Transferases",11,5,20,"Extracellular",2,"Y","Essential","Poor",0.285950413,0.234710744,0.311570248,0.167768595,4.757519982,0.610831234,1,2,3,1,2,3,1,2,3,0.897757872,0.973735969,0.935460588,0.965999558,0.755989954,"1","0"
"Q06203",57398.96,517,111.023,2,6.721,50310,51185,0.876,0.892,0.68,5.803,4.836,3.868,4.062,2.708,3.095,8.124,7.93,2.708,6.77,8.897,6.383,1.934,3.095,5.029,6.77,4.836,0.774,3.675,8.704,12.18,30.17,10.25,13.92,26.11,55.31,44.68,49.71,28.04,0,0,"Transferases",0,3,6,"Cytoplasmic",0,"N","UNK","Poor",0.321083172,0.294003868,0.20696325,0.17794971,4.926829736,0.335311573,1,3,4,33,91,95,246,246,246,0.595449104,0.861077084,0.63388971,0.90880367,0.332810341,"1","0"
"P16083",25918.57,231,112.202,-1,6.228,44920,45170,1.733,1.743,0.53,7.792,3.463,2.597,4.762,1.732,5.195,6.494,7.792,2.597,4.329,9.091,6.061,2.165,5.628,4.762,6.061,6.494,2.597,3.463,6.926,11.25,28.13,14.28,12.12,23.37,56.27,43.72,48.91,29.87,0,0,"Oxireductases",0,1,2,"Cytoplasmic",0,"N","Non-Essential","Poor",0.307359307,0.207792208,0.255411255,0.229437229,4.88397662,0.74,5,6,12,9,18,28,246,246,246,0.256023455,0.758714024,0.542849077,0.841476835,0.063720781,"1","0"
"P11387",90725.73,765,118.596,46,9.947,102790,103290,1.133,1.138,0.61,5.229,5.49,4.706,7.451,1.046,3.399,11.111,3.399,3.137,4.706,6.144,17.516,2.484,3.399,4.837,4.052,3.529,1.699,2.745,3.922,18.56,20,10.98,26.14,44.7,39.6,60.39,38.17,17.25,0,1,"Isomerases",4,4,17,"Nuclear",0,"N","Essential","Poor",0.644444444,0.078431373,0.145098039,0.132026144,5.04389568,0.57956778,1,2,3,18,22,24,246,246,246,0.644717312,0.893184815,0.76094448,0.930370476,0.383458132,"1","0"
"Q92731",59216.33,530,111.729,22.5,8.518,62340,63590,1.053,1.074,0.89,6.415,6.038,3.774,3.774,3.962,3.585,5.66,5.283,3.962,3.585,11.509,5.66,3.774,1.887,5.849,11.132,3.585,1.321,3.019,6.226,9.43,27.73,10.18,15.66,25.09,52.83,47.17,50,30.37,4,0,"Not-Enzyme",0,3,18,"Nuclear",0,"N","Non-Essential","Potential",0.41509434,0.162264151,0.273584906,0.149056604,4.339081814,0.695290859,1,2,3,1,2,16,8,26,37,0.642069441,0.907685777,0.777285396,0.930054888,0.393028994,"1","0"
"P05093",57370.52,508,112.934,12.5,8.798,62910,63160,1.097,1.101,0.77,5.906,4.331,5.512,5.512,0.984,3.937,5.118,5.709,2.953,7.087,12.598,7.283,2.362,4.724,5.315,6.299,4.921,1.772,1.772,5.906,10.63,31.49,11.22,14.56,25.19,54.13,45.86,46.06,23.81,0,0,"Oxireductases",2,1,5,"Mitochondrial",0,"Y","Essential","Poor",0.403543307,0.228346457,0.169291339,0.198818898,0.237368919,0.528846154,1,2,3,18,33,44,79,81,98,0.62331306,0.862663424,0.777720567,0.898253856,0.392925333,"1","0"
"P42336",124284.1,1068,116.371,12,7.211,162610,164610,1.308,1.324,0.6,4.213,5.524,5.243,5.431,2.996,4.494,7.116,4.588,2.809,6.648,11.798,6.742,3.652,4.12,4.775,5.431,3.745,1.779,3.652,5.243,12.54,27.9,12.36,15.07,27.62,53.46,46.53,41.66,20.97,0,10,"Transferases",2,1,12,"Nuclear",0,"N","Essential","Potential",0.421348315,0.215355805,0.175093633,0.188202247,5.037939962,0.485451761,1,2,3,15,17,18,1,2,3,0.909507829,0.978569543,0.927992627,0.964013522,0.75721272,"1","0"
"Q96NT5",49770.64,459,108.433,12,8.917,59360,59735,1.193,1.2,0.79,11.329,4.357,1.961,1.961,1.525,3.486,3.268,8.061,2.179,3.486,17.865,2.397,2.397,6.318,5.011,7.625,5.229,1.525,3.05,6.972,5.22,39.65,13.07,8.93,14.16,67.53,32.46,49.67,33.76,1,0,"Not-Enzyme",1,1,5,"PlasmaMembrane",11,"N","Non-Essential","Poor",0.405228758,0.274509804,0.156862745,0.163398693,4.464417234,0.365591398,5,8,18,18,33,34,246,246,246,0.453289703,0.805229645,0.665547969,0.875478589,0.225506112,"1","0"
"Q14524",226939.85,2016,112.569,-28.5,5.147,261960,264585,1.154,1.166,0.57,6.746,5.159,3.819,4.663,2.083,3.522,6.696,5.804,1.339,6.052,11.26,4.117,3.423,6.151,5.258,7.837,5.853,1.637,2.679,5.903,11.35,29.96,11.8,10.61,21.97,56.99,43,47.96,28.32,23,0,"Not-Enzyme",5,11,53,"PlasmaMembrane",21,"N","Essential","Potential",0.369543651,0.243551587,0.19890873,0.187996032,2.103226989,0.419642857,2,3,5,10,13,14,246,246,246,0.674783149,0.852933984,0.808469193,0.910492586,0.483648282,"1","0"
"P09874",113083.79,1014,111.522,31.5,9.332,119180,120055,1.054,1.062,0.84,6.607,3.254,3.55,6.114,1.381,3.353,7.396,7.002,1.874,4.734,8.876,12.426,2.465,2.959,4.339,8.383,4.142,1.282,3.156,6.706,13.51,26.92,9.27,17.55,31.06,49.5,50.49,48.22,27.51,0,0,"Transferases",1,4,29,"Nuclear",0,"N","Essential","Poor",0.479289941,0.159763314,0.174556213,0.186390533,4.927729521,0.61815562,1,2,3,13,14,16,210,246,246,0.777108718,0.93497176,0.849252808,0.956299037,0.573787514,"1","0"
"P09237",29676.84,267,111.149,5,7.86,43890,44015,1.479,1.483,0.84,6.742,4.494,4.12,5.993,1.124,3.371,4.494,9.738,2.996,4.12,10.112,6.367,3.371,4.12,5.993,7.116,4.869,1.873,4.12,4.869,10.48,25.84,13.1,13.85,24.34,56.18,43.82,50.56,29.58,0,0,"Hydrolases",0,1,5,"Mitochondrial",0,"Y","Non-Essential","Poor",0.277153558,0.280898876,0.217228464,0.224719101,2.653036418,0.868131868,5,6,8,33,40,45,4,8,20,0.655974807,0.885660316,0.80128621,0.919030682,0.441845766,"1","0"
"P35916",152757.35,1363,112.074,-6,6.253,216580,218830,1.418,1.433,0.61,7.41,6.676,3.155,5.136,2.715,4.035,7.483,6.383,2.788,3.742,10.271,4.109,1.834,3.228,5.356,8.584,4.696,2.054,3.081,7.263,12.61,28.68,11.15,13.57,26.19,53.33,46.66,50.69,29.78,4,29,"Transferases",10,6,34,"Cytoplasmic",1,"Y","Essential","Poor",0.32355099,0.212765957,0.239911959,0.223771093,4.620755436,0.618464961,3,5,6,1,2,3,3,53,80,0.698929059,0.909509635,0.766388112,0.93445856,0.473159246,"1","0"
"P21453",42810.79,382,112.07,25.5,9.905,49850,50600,1.164,1.182,0.75,6.021,4.974,4.974,2.618,3.403,0.524,2.618,4.45,1.832,9.424,13.613,6.021,2.618,5.236,3.141,11.257,5.759,1.309,3.927,6.283,5.23,35.34,12.3,12.82,18.06,59.42,40.57,47.9,30.89,1,17,"Not-Enzyme",1,2,9,"PlasmaMembrane",7,"N","Essential","Potential",0.311518325,0.337696335,0.214659686,0.136125654,4.713877363,0.454183267,3,5,6,1,2,3,219,246,246,0.767104703,0.881888233,0.75316419,0.943060908,0.505255375,"1","0"
"P30044",22086.43,214,103.208,5,8.862,13980,14230,0.633,0.644,0.89,14.019,5.14,2.804,3.738,1.869,2.336,5.607,13.551,0.935,3.271,9.346,6.075,1.402,4.673,4.206,6.075,3.271,0.935,0.935,9.813,9.34,36.44,7.47,12.15,21.49,64.01,35.98,59.34,38.78,0,0,"Oxireductases",0,0,3,"Chloroplast",0,"N","UNK","Poor",0.373831776,0.275700935,0.130841121,0.219626168,5.042781808,0.75,1,5,12,16,37,70,246,246,246,0.621744615,0.862546308,0.75084272,0.910870777,0.382375609,"1","0"
"Q15910",85363.18,746,114.428,5.5,6.989,71280,73405,0.835,0.86,0.7,5.496,6.971,5.228,7.105,4.558,4.424,8.311,5.094,2.279,4.96,5.63,8.043,1.743,4.155,6.166,6.702,4.558,0.938,2.949,4.692,15.41,20.77,10.32,17.29,32.7,46.38,53.61,49.59,26.4,0,1,"Transferases",1,8,17,"Nuclear",0,"N","Essential","Potential",0.31769437,0.170241287,0.332439678,0.179624665,4.255979988,0.663306452,1,2,3,62,70,95,194,246,246,0.794772156,0.931010998,0.851728304,0.954148873,0.590844964,"1","0"
"Q8TDV5",36888.79,335,110.116,13,8.919,38390,39015,1.041,1.058,0.82,8.657,3.881,1.791,2.09,2.985,3.582,2.388,6.269,2.388,5.97,14.925,3.284,3.284,7.164,3.881,9.552,5.373,1.194,3.284,8.06,4.47,37.61,14.03,9.55,14.03,65.67,34.32,48.65,32.83,0,0,"Not-Enzyme",0,2,4,"PlasmaMembrane",7,"N","UNK","Poor",0.391044776,0.340298507,0.170149254,0.098507463,3.063634381,0.267942584,18,24,38,1,2,3,246,246,246,0.426705758,0.777415956,0.615671445,0.872909976,0.154791396,"1","0"
"Q03405",36977.91,335,110.382,1.5,6.627,37930,39680,1.026,1.073,0.72,3.582,5.97,4.776,3.881,8.657,4.179,6.866,9.254,4.478,2.388,11.343,2.985,2.388,1.493,4.776,7.761,7.761,1.493,2.09,3.881,10.74,21.19,9.55,13.43,24.17,51.34,48.65,54.32,37.01,5,9,"Not-Enzyme",0,0,5,"Extracellular",0,"Y","Non-Essential","Poor",0.197014925,0.217910448,0.411940299,0.173134328,3.982440206,0.642241379,5,16,18,1,2,16,4,6,24,0.66181103,0.884616012,0.849504978,0.918232648,0.470889554,"1","0"
"Q99527",42247.59,375,112.66,12,8.286,38390,39015,0.909,0.923,0.68,8.8,6.133,3.733,2.933,2.933,3.467,3.733,4.267,3.733,6.133,13.6,1.867,2.4,7.2,4.533,6.667,5.333,1.067,2.933,8.533,6.66,37.06,14.93,11.73,18.4,62.4,37.6,47.73,28,4,0,"Not-Enzyme",1,0,3,"PlasmaMembrane",7,"N","Non-Essential","Poor",0.322666667,0.290666667,0.208,0.178666667,4.820735547,0.480519481,1,2,3,1,2,3,144,246,246,0.759093991,0.883731583,0.796880073,0.941424964,0.503608768,"1","0"
"Q12882",111401.42,1025,108.684,4,7.019,96260,98510,0.864,0.884,0.77,8.39,3.707,3.902,4.878,3.512,3.415,5.756,7.707,0.976,6.829,8.098,6.829,2.439,4.195,6.049,7.317,6.146,1.073,2.341,6.439,10.63,29.75,8.58,11.51,22.14,57.07,42.92,54.34,33.07,0,0,"Oxireductases",1,5,12,"Cytoplasmic",0,"N","UNK","Poor",0.298536585,0.287804878,0.229268293,0.184390244,4.938293881,0.543026706,2,3,4,28,33,37,246,246,246,0.847500561,0.923945054,0.891347223,0.940166913,0.697803766,"1","0"
"O00329",119479.14,1044,114.444,11.5,7.159,142210,144085,1.19,1.206,0.58,6.513,5.364,3.64,4.406,2.874,4.981,7.759,4.693,2.969,3.544,13.602,6.418,2.682,4.502,5.172,6.418,4.023,1.724,2.778,5.939,12.16,29.59,11.97,14.75,26.91,54.02,45.97,43.67,24.52,0,3,"Transferases",1,5,14,"Cytoplasmic",0,"N","Non-Essential","Poor",0.449233716,0.158045977,0.186781609,0.205938697,4.155168707,0.471518987,3,5,10,15,17,18,1,3,5,0.853771695,0.964937336,0.864509095,0.958196194,0.680664606,"1","0"
"P43405",72066.21,635,113.49,14.5,8.335,111160,111660,1.542,1.549,0.78,7.087,4.882,4.724,4.252,1.417,4.409,7.559,7.874,2.992,4.094,9.449,7.717,2.992,2.992,5.197,5.984,3.622,1.732,5.354,5.669,11.81,26.29,13.07,15.59,27.4,53.85,46.14,45.82,25.98,0,13,"Transferases",15,6,16,"Cytoplasmic",0,"N","Essential","Potential",0.436220472,0.14488189,0.218897638,0.2,4.383824505,0.637440758,3,5,6,8,13,14,49,51,183,0.825002432,0.951825125,0.904092305,0.951451831,0.656489637,"1","0"
"P07900",84659.71,732,115.655,-35,4.657,59250,59625,0.7,0.704,0.83,4.645,4.098,4.235,7.377,0.956,3.415,13.251,4.372,1.639,6.831,8.47,10.929,2.732,3.415,2.869,5.738,5.874,0.546,3.415,5.191,20.62,25.13,9.01,16.66,37.29,43.44,56.55,41.25,21.58,0,0,"Not-Enzyme",5,4,15,"Cytoplasmic",0,"N","Non-Essential","Potential",0.594262295,0.155737705,0.081967213,0.168032787,5.050903401,0.55187638,1,2,3,8,13,14,5,23,52,0.936385462,0.990807229,0.965710299,0.970570732,0.804948539,"1","0"
"P01116",21655.83,189,114.581,0.5,6.7,13410,13660,0.619,0.631,0.59,4.762,6.349,2.116,7.407,2.646,5.291,7.937,5.82,1.587,7.937,6.349,8.466,2.646,3.175,2.646,4.762,6.878,0,4.762,8.466,15.34,27.51,9.52,16.4,31.74,49.2,50.79,45.5,24.86,1,0,"Not-Enzyme",0,0,3,"Cytoplasmic",0,"N","Essential","Poor",0.412698413,0.243386243,0.174603175,0.169312169,5.0191843,0.834645669,2,3,4,28,33,40,1,8,17,0.821469078,0.953075147,0.86478563,0.954180788,0.644080253,"1","1"
"P04818",35715.96,313,114.109,2.5,6.957,43890,44140,1.229,1.236,0.67,5.431,7.348,2.556,6.709,1.597,4.792,6.07,7.987,2.875,6.07,10.543,4.792,2.875,4.473,7.348,4.792,4.153,1.597,3.514,4.473,12.78,26.51,12.46,15.01,27.79,55.91,44.08,45.04,23.96,0,0,"Transferases",0,2,3,"Cytoplasmic",0,"N","UNK","Poor",0.239616613,0.258785942,0.242811502,0.258785942,3.792293893,0.869109948,1,2,3,18,28,33,88,246,246,0.78257196,0.915696781,0.836385673,0.948870017,0.570372442,"1","1"
"P25100",60462.82,572,105.704,23.5,9.43,67380,68380,1.114,1.131,0.93,12.238,7.867,1.573,2.797,2.972,1.748,4.545,11.014,1.573,2.622,9.441,2.797,1.399,4.72,6.294,8.566,3.846,1.573,2.098,10.315,7.34,34.61,9.96,12.23,19.58,64.68,35.31,59.61,38.63,0,0,"Not-Enzyme",2,3,16,"PlasmaMembrane",7,"N","Non-Essential","Potential",0.307692308,0.267482517,0.18006993,0.244755245,4.224158399,0.595061728,1,2,3,1,2,3,155,246,246,0.711732403,0.854541112,0.727306031,0.928790951,0.438582299,"1","0"
"P35968",151526.81,1356,111.745,-14,5.634,176020,178020,1.162,1.175,0.61,5.015,4.499,3.909,5.088,2.434,3.761,7.596,6.268,1.917,5.9,9.145,6.195,1.917,3.024,5.236,8.333,6.711,1.401,3.54,8.112,12.68,28.17,9.88,12.61,25.29,51.99,48,51.1,28.76,3,45,"Transferases",14,4,35,"Nuclear",2,"Y","Essential","Potential",0.326696165,0.261061947,0.216814159,0.195427729,4.537702912,0.576099211,3,5,6,1,2,3,3,7,33,0.799705255,0.951931962,0.859298546,0.953622948,0.613642788,"1","0"
"Q13885",49906.97,445,112.151,-20,4.518,45840,46215,0.919,0.926,0.62,6.292,4.944,5.169,5.843,1.573,4.944,8.09,7.865,2.247,4.27,7.191,3.371,4.27,5.169,4.494,6.742,6.517,0.899,3.596,6.517,13.93,24.27,11.91,10.56,24.49,52.13,47.86,51.01,28.98,2,0,"Not-Enzyme",0,2,4,"Cytoplasmic",0,"N","UNK","Poor",0.307865169,0.258426966,0.195505618,0.238202247,4.364005687,0.346938776,709,1652,1652,33,40,44,246,246,246,0.737984061,0.909381641,0.804525715,0.938420051,0.52134768,"1","0"
"P35354",68996.12,604,114.232,8.5,7.356,73230,73980,1.061,1.072,0.72,5.132,4.47,4.801,4.305,2.152,5.132,5.96,6.126,3.146,5.629,9.437,5.629,2.483,6.291,6.623,5.795,5.629,0.993,4.47,5.795,10.26,25.99,14.9,13.24,23.51,55.13,44.86,46.35,24.83,4,8,"Oxireductases",1,1,10,"Extracellular",0,"Y","Essential","Poor",0.306291391,0.223509934,0.264900662,0.205298013,4.257125332,0.579945799,1,2,3,23,28,37,2,3,4,0.791833562,0.932857855,0.851094193,0.945812111,0.595945201,"1","0"
"Q00534",36938.36,326,113.308,-0.5,6.413,28420,28795,0.769,0.78,0.52,5.828,6.748,2.147,7.055,1.84,4.294,6.748,5.521,2.761,3.681,11.963,5.521,1.84,4.908,5.215,6.135,5.828,0.92,2.454,8.589,13.8,30.06,11.04,15.03,28.83,52.76,47.23,48.16,25.15,0,0,"Transferases",2,6,4,"Cytoplasmic",0,"N","Non-Essential","Poor",0.40797546,0.239263804,0.13190184,0.220858896,4.921949987,0.647342995,1,3,5,18,22,24,56,100,246,0.756479854,0.93286853,0.80155018,0.956220631,0.52887003,"1","0"
"Q7Z2W7",127685.18,1104,115.657,9.5,7.219,200080,201705,1.567,1.58,0.57,5.707,4.982,5.707,4.982,2.446,3.351,6.703,4.71,2.083,6.25,11.051,6.522,1.993,6.341,2.536,6.159,5.435,2.264,3.804,6.975,11.68,29.98,14.49,13.58,25.27,54.07,45.92,44.65,24.45,8,0,"Not-Enzyme",1,1,16,"PlasmaMembrane",8,"N","Non-Essential","Poor",0.383152174,0.230978261,0.21557971,0.170289855,1.105643864,0.459574468,18,23,24,28,37,70,246,246,246,0.481653187,0.815476845,0.69086219,0.872823109,0.252732599,"1","0"
"P11229",51420.93,460,111.785,22,9.663,95340,96215,1.854,1.871,0.82,8.261,6.957,3.261,2.174,3.261,2.826,5.435,6.304,0.435,4.13,11.739,5.217,2.609,3.478,6.739,7.609,7.609,2.826,3.478,5.652,7.6,29.78,10.21,12.6,20.21,58.47,41.52,50.87,33.04,0,0,"Not-Enzyme",1,4,14,"PlasmaMembrane",7,"N","Non-Essential","Potential",0.27826087,0.247826087,0.247826087,0.226086957,2.517199121,0.537953795,1,3,4,1,2,3,246,246,246,0.751629812,0.88745065,0.787069285,0.93510203,0.506156573,"1","0"
"P37231",57620.15,505,114.099,-6,5.767,32320,32945,0.561,0.572,0.56,5.347,3.762,3.168,7.129,1.98,4.752,6.931,4.158,2.772,6.931,10.297,7.723,3.366,5.347,4.95,7.723,5.149,0.198,3.564,4.752,14.05,27.32,11.88,14.25,28.31,50.89,49.1,44.35,24.35,0,21,"Not-Enzyme",3,2,10,"Nuclear",0,"N","Essential","Potential",0.447524752,0.146534653,0.221782178,0.184158416,4.122795269,0.769480519,1,2,3,1,2,3,42,46,61,0.765641859,0.917649239,0.821287108,0.939520127,0.564048989,"1","0"
"P31749",55686.42,480,116.013,-4.5,5.953,65320,65695,1.173,1.18,0.6,5.208,6.25,2.708,5.833,1.458,3.542,10.208,6.25,2.708,4.167,8.542,7.5,3.333,5.625,4.583,4.792,6.25,1.458,3.75,5.833,16.04,23.75,13.54,16.45,32.5,50.2,49.79,42.91,23.95,0,6,"Transferases",3,4,9,"Cytoplasmic",0,"N","Essential","Potential",0.491666667,0.11875,0.191666667,0.197916667,5.100854131,0.609836066,1,2,3,13,14,18,1,2,3,0.929062922,0.991684628,0.96605655,0.968478513,0.80172312,"1","0"
"P09038",30769.97,288,106.84,34,11.708,21430,21805,0.696,0.709,0.73,9.722,14.236,2.431,3.472,2.083,1.736,4.514,16.319,1.389,2.431,6.25,4.861,1.389,2.778,8.333,6.25,4.167,0.694,2.431,4.514,7.98,22.91,7.29,20.48,28.47,56.94,43.05,57.29,38.54,0,8,"Not-Enzyme",1,1,5,"Nuclear",0,"N","Non-Essential","Poor",0.184027778,0.236111111,0.340277778,0.239583333,4.511407977,0.808411215,3,5,6,8,15,16,7,8,14,0.829755591,0.948427936,0.889217075,0.95410434,0.662399182,"1","0"
"P30411",44460.57,391,113.71,7,8.126,79410,80285,1.786,1.806,0.74,4.604,4.604,4.348,2.558,3.581,4.348,4.092,4.604,1.023,7.417,13.043,3.325,4.348,5.627,3.325,8.951,6.138,3.069,2.302,8.696,6.65,33.76,12.02,8.95,15.6,60.61,39.38,46.8,27.87,0,4,"Not-Enzyme",1,2,6,"PlasmaMembrane",7,"N","Essential","Poor",0.286445013,0.294117647,0.227621483,0.191815857,2.066936731,0.43442623,5,6,8,1,2,3,10,101,140,0.561833842,0.830369346,0.681344151,0.892779831,0.290726174,"1","0"
"P41440",64868.32,591,109.76,17.5,9.079,85260,85885,1.314,1.324,0.86,9.645,5.922,2.03,2.707,1.861,4.907,3.384,6.768,1.861,3.384,13.875,2.2,1.354,5.245,6.768,8.968,4.738,1.523,4.061,8.799,6.09,35.7,12.69,9.98,16.07,63.28,36.71,52.28,31.98,1,0,"Not-Enzyme",0,1,9,"PlasmaMembrane",11,"N","Essential","Poor",0.241962775,0.365482234,0.187817259,0.204737733,4.62789882,0.464864865,5,8,18,18,33,34,246,246,246,0.362523026,0.763889382,0.726280375,0.843227893,0.176103543,"1","0"
"Q16288",94428.19,839,112.549,1,6.554,119750,121250,1.268,1.284,0.69,4.768,4.648,6.555,4.529,2.861,4.052,5.721,6.794,3.337,6.675,10.489,4.052,2.265,4.052,5.483,6.317,5.602,1.788,2.98,7.032,10.25,28.96,12.15,12.03,22.28,55.18,44.81,49.94,26.34,16,15,"Transferases",2,1,6,"PlasmaMembrane",2,"Y","Essential","Poor",0.227651967,0.284862932,0.262216925,0.225268176,4.183760251,0.578651685,1,2,3,1,2,3,246,246,246,0.523080071,0.840729461,0.63235019,0.895223393,0.263537556,"1","0"
"P04626",137910.5,1255,109.889,-14.5,5.761,134650,138275,0.976,1.003,0.65,6.614,5.657,3.267,5.179,4.701,4.94,6.135,8.048,2.789,3.506,10.996,3.108,1.833,2.789,8.685,5.817,5.339,1.195,2.789,6.614,11.31,27.72,9.56,11.55,22.86,57.76,42.23,54.26,30.51,3,0,"Transferases",10,4,20,"Extracellular",2,"Y","Essential","Potential",0.223904382,0.254183267,0.313944223,0.207968127,4.794953745,0.615676359,1,2,3,1,2,3,1,2,5,0.792426918,0.946366337,0.857255332,0.951913517,0.606300404,"1","1"
"O14746",126996.72,1132,112.188,103,11.077,140720,142470,1.108,1.122,0.6,8.746,11.042,1.855,3.004,2.562,4.152,3.975,6.625,3.004,2.032,12.986,3.534,1.06,4.152,7.686,6.625,5.124,1.59,2.473,7.774,6.97,31.53,11.21,17.58,24.55,57.68,42.31,50,29.68,0,15,"Transferases",1,5,20,"Nuclear",0,"N","Non-Essential","Potential",0.280035336,0.290636042,0.236749117,0.192579505,3.647207058,0.544097693,2,3,5,28,32,33,1,8,68,0.705497083,0.916945057,0.820216856,0.941255205,0.470528959,"1","1"
"P07550",46458.67,413,112.491,3.5,7.004,64860,65610,1.396,1.412,0.65,6.053,4.116,5.327,3.874,3.148,4.6,4.6,6.78,2.663,7.506,9.443,3.874,2.421,6.053,2.906,7.022,5.569,1.937,3.39,8.717,8.47,31.71,14.04,10.65,19.12,58.35,41.64,49.39,28.57,0,5,"Not-Enzyme",3,1,5,"PlasmaMembrane",7,"N","Non-Essential","Poor",0.302663438,0.288135593,0.222760291,0.186440678,4.54583762,0.446096654,1,2,3,1,2,3,48,69,75,0.779542461,0.908027074,0.812739865,0.944877723,0.555188514,"1","0"
"P48736",126453.64,1102,114.749,18,7.497,159170,160420,1.259,1.269,0.56,5.808,5.082,3.176,5.808,1.906,5.535,6.624,4.809,3.448,5.808,11.252,7.26,2.178,4.174,4.719,6.08,4.991,1.815,2.995,6.534,12.43,29.4,12.43,15.78,28.22,51.99,48,43.82,23.59,1,11,"Transferases",3,5,26,"Nuclear",0,"N","Non-Essential","Potential",0.404718693,0.204174229,0.19600726,0.195099819,4.198528581,0.494875549,1,2,3,15,16,17,1,16,45,0.859510196,0.967492159,0.876778642,0.959845012,0.68887679,"1","0"
"P08069",154793.05,1367,113.236,-14.5,5.541,209370,212120,1.353,1.37,0.69,5.267,5.852,6.218,4.535,3.219,2.56,8.266,6.657,1.683,5.34,8.486,5.048,2.853,3.438,5.925,7.096,5.048,1.536,4.609,6.364,12.8,25.45,11.26,12.58,25.38,53.69,46.3,50.32,27.28,4,17,"Transferases",6,1,16,"PlasmaMembrane",1,"Y","Essential","Potential",0.294806145,0.223847842,0.275786394,0.20555962,4.975867616,0.57807309,1,2,3,1,2,3,4,8,14,0.791237332,0.953181989,0.850964022,0.954060495,0.596014171,"1","0"
"P43088",40054.56,359,111.573,18,9.079,48930,49805,1.222,1.243,0.79,7.521,3.621,4.178,2.228,3.9,3.343,3.064,4.735,2.786,8.635,13.649,5.292,3.343,5.85,1.95,10.028,5.014,1.95,1.95,6.964,5.29,36.76,12.53,11.69,16.99,60.44,39.55,46.51,31.19,3,8,"Not-Enzyme",0,0,6,"PlasmaMembrane",6,"N","Non-Essential","Poor",0.409470752,0.253481894,0.208913649,0.128133705,4.248967888,0.362445415,1,2,3,1,2,3,42,55,84,0.716210033,0.86288701,0.72383473,0.929885405,0.446711411,"1","0"
"P05023",112896.1,1023,110.358,-15.5,5.147,101760,103135,0.901,0.914,0.5,7.918,4.497,4.106,5.67,2.248,3.617,6.549,7.429,1.466,8.113,9.384,5.474,2.444,4.399,4.301,5.67,5.865,1.173,2.346,7.331,12.21,32.74,9.38,11.43,23.65,57.08,42.91,50.53,29.13,0,0,"Hydrolases",4,2,10,"PlasmaMembrane",10,"N","Essential","Potential",0.34799609,0.261974585,0.197458456,0.19257087,4.72736285,0.391104294,1,2,3,9,13,14,246,246,246,0.618546481,0.88105717,0.783303753,0.900757937,0.394342268,"1","0"
"Q9UI43",27423.62,246,111.478,14.5,9.978,22460,22835,0.819,0.833,0.75,7.724,9.35,2.033,4.878,2.846,4.878,4.472,7.317,2.846,3.252,11.789,4.472,0.813,4.472,5.285,6.504,6.098,1.22,1.626,8.13,9.35,30.89,10.16,16.66,26.01,54.47,45.52,50.81,30.48,0,0,"Transferases",0,1,4,"Mitochondrial",0,"N","UNK","Poor",0.296747967,0.296747967,0.219512195,0.18699187,5.160964047,0.803680982,158,709,1072,95,114,114,246,246,246,0.677823334,0.835411071,0.682317543,0.920459031,0.394059347,"1","0"
"P25025",40759.29,360,113.22,9,8.384,53860,54360,1.321,1.334,0.72,6.111,5,3.889,3.889,2.5,1.667,3.333,4.722,2.222,6.944,18.056,3.611,2.5,6.111,3.611,8.333,5,1.667,3.889,6.944,7.22,38.05,13.88,10.83,18.05,63.05,36.94,45,26.66,0,6,"Not-Enzyme",1,1,9,"PlasmaMembrane",6,"N","Non-Essential","Poor",0.336111111,0.352777778,0.188888889,0.122222222,2.459298551,0.348623853,3,5,6,1,2,3,3,10,19,0.779103526,0.883891418,0.769927233,0.942805745,0.527036928,"1","0"
"P23219",68686.35,599,114.668,7,7.205,95230,95980,1.386,1.397,0.72,4.174,5.509,3.172,4.007,2.17,4.508,6.01,7.513,3.005,4.174,12.354,4.174,3.005,6.511,7.679,5.509,5.008,1.669,4.508,5.342,10.01,26.04,15.69,12.68,22.7,59.09,40.9,44.57,24.37,0,0,"Oxireductases",2,2,11,"Lysosomal",1,"Y","Essential","Poor",0.315525876,0.208681135,0.247078464,0.228714524,3.997118667,0.57223796,1,2,3,46,50,52,2,42,43,0.618546481,0.851614298,0.716037016,0.899912139,0.369490807,"1","0"
"P01130",95376.02,860,110.902,-31.5,4.642,135330,139205,1.419,1.46,0.54,5,5.349,4.767,8.721,7.326,3.953,5.581,7.209,2.209,4.186,7.674,4.186,1.279,3.023,4.535,8.14,5.814,2.326,1.977,6.744,14.3,23.6,9.53,11.74,26.04,51.27,48.72,58.25,33.48,1,8,"Not-Enzyme",0,3,17,"Extracellular",1,"Y","Non-Essential","Poor",0.208139535,0.231395349,0.424418605,0.136046512,4.763957867,0.37745098,1,2,3,23,28,33,88,128,246,0.731361347,0.910341614,0.811760298,0.941113099,0.513571263,"1","0"
"O15123",56919.17,496,114.756,-7,5.261,84800,85300,1.49,1.499,0.56,4.234,2.823,7.46,5.04,1.815,7.863,7.46,5.444,1.613,5.444,9.073,7.46,3.427,3.226,2.016,7.863,6.653,2.016,4.032,5.04,12.5,23.79,10.88,11.89,24.39,45.76,54.23,45.56,26,0,10,"Not-Enzyme",1,3,13,"Nuclear",0,"Y","Essential","Poor",0.401209677,0.183467742,0.211693548,0.203629032,4.477426841,0.715170279,1,2,3,13,14,16,33,219,240,0.598346208,0.865421119,0.652306659,0.916265318,0.337072463,"1","0"
"P49674",47315.09,416,113.738,25.5,10.124,43320,43570,0.916,0.921,0.84,6.25,9.135,4.327,4.808,1.202,3.125,6.01,7.933,2.644,5.048,9.135,6.49,2.885,4.327,5.048,8.173,3.846,0.721,4.327,4.567,10.81,25,12.01,18.26,29.08,51.44,48.55,46.15,27.4,0,0,"Transferases",3,1,11,"Cytoplasmic",0,"N","Non-Essential","Poor",0.3125,0.225961538,0.225961538,0.235576923,5.0445919,0.619217082,3,5,7,18,22,24,246,246,246,0.776885065,0.911408291,0.859618127,0.94553721,0.562287171,"1","0"
"P50135",33295.06,292,114.024,-7,4.975,42400,42775,1.273,1.285,0.56,4.795,2.397,4.452,6.849,2.055,4.452,7.534,6.164,2.055,6.849,10.616,8.562,3.425,5.137,2.74,8.219,4.452,1.712,3.425,4.11,14.38,26.37,12.32,13.01,27.39,51.02,48.97,43.83,25.68,0,0,"Transferases",0,0,2,"Cytoplasmic",0,"N","UNK","Poor",0.445205479,0.229452055,0.147260274,0.178082192,4.825630375,0.809782609,1,2,3,95,114,114,246,246,246,0.426705758,0.788019373,0.616194828,0.86680801,0.171141201,"1","0"
"P10826",50489.13,455,110.965,10,7.791,21890,23015,0.434,0.456,0.84,4.396,4.835,3.077,4.176,3.956,3.736,6.593,5.714,3.077,5.495,10.11,6.593,2.857,3.077,8.791,8.791,7.912,0.22,2.418,4.176,10.76,24.17,8.79,14.5,25.27,51.2,48.79,50.98,30.76,0,33,"Not-Enzyme",1,5,17,"Nuclear",0,"N","Non-Essential","Potential",0.338461538,0.175824176,0.254945055,0.230769231,4.769187092,0.806338028,1,2,3,1,2,16,54,246,246,0.633765986,0.848666534,0.733743062,0.931337449,0.372347209,"1","0"
"P11511",57882.98,503,115.076,6.5,7.464,58330,58830,1.008,1.016,0.62,4.374,5.169,4.374,4.175,1.789,2.187,7.555,5.765,2.584,8.748,10.736,6.561,5.169,5.169,4.573,5.368,4.771,1.193,3.38,6.362,11.73,30.21,12.32,14.31,26.04,57.25,42.74,41.55,22.06,0,0,"Oxireductases",2,2,5,"PlasmaMembrane",0,"N","Non-Essential","Poor",0.467196819,0.194831014,0.192842942,0.145129225,2.306824946,0.558441558,1,2,3,18,33,44,15,37,68,0.6012865,0.851709781,0.72386401,0.898741041,0.354495128,"1","0"
"P09917",77983.24,674,115.702,-9.5,5.537,127200,127950,1.631,1.641,0.62,6.38,5.341,3.858,6.528,1.929,4.599,7.122,4.896,2.522,6.528,8.754,5.638,2.374,5.193,5.045,4.896,4.451,2.226,4.451,7.27,13.65,28.93,14.39,13.5,27.15,55.04,44.95,45.25,22.55,0,0,"Oxireductases",2,2,7,"Cytoplasmic",0,"N","Non-Essential","Poor",0.418397626,0.200296736,0.204747774,0.176557864,4.027432962,0.537735849,3,5,10,33,70,91,77,92,246,0.601176706,0.844091248,0.759514397,0.89436507,0.372725678,"1","0"
"Q9NZQ7",33275.35,290,114.743,3.5,7.171,32890,33265,0.988,1,0.51,5.517,5.172,4.828,4.828,2.069,4.138,7.241,4.138,3.103,6.552,10.345,6.552,2.414,3.793,3.448,4.483,8.621,1.034,3.793,7.931,12.06,30.34,11.72,14.82,26.89,51.03,48.96,45.86,24.82,4,5,"Not-Enzyme",1,1,5,"Extracellular",1,"Y","Non-Essential","Poor",0.365517241,0.289655172,0.151724138,0.193103448,4.318147761,0.691489362,1,3,5,70,114,114,46,213,219,0.610167653,0.863877199,0.711550662,0.917346221,0.354356826,"1","0"
"P00813",40764.45,363,112.299,-4.5,5.798,45840,46090,1.125,1.131,0.55,8.54,4.683,3.581,5.785,1.377,4.132,8.264,6.612,3.03,4.683,9.917,6.612,2.479,2.755,5.785,4.683,4.683,1.102,4.408,6.887,14.05,30.02,11.29,14.32,28.37,54.54,45.45,47.93,25.89,0,1,"Hydrolases",0,2,2,"Cytoplasmic",0,"N","Essential","Poor",0.432506887,0.159779614,0.179063361,0.228650138,3.586045962,0.561702128,1,2,3,33,40,44,88,118,246,0.67375284,0.892353389,0.817075125,0.914021734,0.463294739,"1","0"
"P43116",39760.5,358,111.063,15.5,9.166,45380,46130,1.141,1.16,0.84,8.939,8.939,2.235,3.073,3.631,3.352,3.073,5.866,1.397,5.028,14.525,0.838,3.073,4.749,4.19,10.615,5.587,1.397,3.352,6.145,6.14,34.63,10.89,11.17,17.31,60.89,39.1,50.27,34.63,5,0,"Not-Enzyme",0,1,12,"PlasmaMembrane",7,"N","Non-Essential","Poor",0.290502793,0.290502793,0.273743017,0.145251397,4.476109778,0.376068376,1,2,3,1,2,3,23,26,27,0.67375284,0.83604922,0.666634611,0.918157223,0.398148506,"1","0"
"P08253",73882.3,660,111.943,-11,5.088,127200,128325,1.722,1.737,0.62,7.121,3.939,3.636,8.182,2.879,2.879,5,10,1.515,3.788,7.121,6.818,1.818,7.121,6.667,4.394,6.364,2.273,4.545,3.939,13.18,21.97,15.45,12.27,25.45,57.27,42.72,53.18,30.75,0,0,"Hydrolases",0,5,7,"Extracellular",0,"Y","Non-Essential","Poor",0.225757576,0.222727273,0.339393939,0.212121212,4.318263658,0.598654709,1,2,3,33,58,70,1,2,5,0.756215361,0.919345757,0.839295106,0.938454268,0.562901922,"1","0"
"P23141",62521.08,567,110.266,0.5,6.567,86860,87110,1.389,1.393,0.7,8.113,2.822,3.527,4.056,0.882,3.88,6.526,7.937,2.293,4.233,11.111,6.702,2.822,4.762,6.878,6.173,5.644,2.116,2.469,7.055,10.58,30.51,11.64,11.81,22.39,58.37,41.62,50.26,28.74,1,0,"Hydrolases",2,3,5,"ER",0,"Y","UNK","Poor",0.395061728,0.211640212,0.169312169,0.223985891,3.649518491,0.556179775,5,12,18,95,114,114,246,246,246,0.578729047,0.836166215,0.761248513,0.882623864,0.360382765,"1","0"
"P05129",78447.83,697,112.551,11,7.44,79300,80675,1.011,1.028,0.76,5.165,6.6,2.582,6.169,3.156,3.3,5.739,8.465,3.156,3.874,8.321,5.308,2.296,6.313,8.034,5.452,5.022,1.291,2.869,6.887,11.9,24.24,13.63,15.06,26.97,56.67,43.32,50.93,27.26,0,22,"Transferases",3,4,12,"Cytoplasmic",0,"N","Non-Essential","Potential",0.242467719,0.210903874,0.322812052,0.223816356,1.613056333,0.513333333,2,3,5,18,22,24,18,51,86,0.732970798,0.918129374,0.808726434,0.93493091,0.515147142,"1","0"
"P17948",150768.65,1338,112.682,33,8.464,162500,164500,1.078,1.091,0.81,5.232,5.082,4.335,5.007,2.466,2.915,6.278,5.381,2.242,6.428,9.193,7.549,2.392,3.662,4.559,9.567,7.25,1.196,3.737,5.531,11.28,26.38,10.83,14.87,26.15,49.77,50.22,49.32,29.89,0,40,"Transferases",9,7,32,"Nuclear",0,"Y","Essential","Poor",0.328101644,0.263079223,0.219730942,0.189088191,4.045756961,0.58974359,3,5,6,1,2,3,3,21,33,0.747720872,0.934128312,0.809650913,0.947699823,0.536236006,"1","0"
"Q9ULX7",37667.65,337,111.773,-1.5,6.333,49850,50100,1.323,1.33,0.6,6.528,3.858,3.264,3.561,1.187,6.825,6.528,7.418,4.451,4.451,13.056,3.561,1.187,3.264,5.935,8.012,5.638,1.484,4.451,5.341,10.08,29.37,13.65,11.86,21.95,54.3,45.69,46.88,28.78,1,2,"Lyases",1,0,7,"Extracellular",1,"Y","Non-Essential","Poor",0.332344214,0.237388724,0.207715134,0.222551929,4.071450001,0.684729064,5,8,18,33,91,95,246,246,246,0.472309722,0.803421627,0.660958785,0.872178248,0.233381931,"1","0"
"P04629",87497.14,796,109.921,2,6.613,107370,108620,1.227,1.241,0.7,7.915,5.779,4.02,4.02,2.638,4.648,6.03,9.045,3.518,2.889,12.814,2.764,2.136,4.146,5.905,6.533,4.146,2.01,1.633,7.412,10.05,31.03,11.3,12.06,22.11,58.54,41.45,51.63,30.27,5,12,"Transferases",5,1,9,"Cytoplasmic",1,"Y","Essential","Poor",0.301507538,0.246231156,0.243718593,0.208542714,4.19976241,0.514792899,1,3,5,1,2,3,43,49,86,0.677823334,0.88937966,0.793564173,0.936681394,0.453177563,"1","0"
"P51679",41402.85,360,115.008,4,7.473,70250,71000,1.697,1.715,0.56,5,2.778,3.056,3.611,3.333,2.222,3.611,4.722,1.667,6.389,15,4.722,2.778,7.778,3.056,7.222,6.944,1.667,6.944,7.5,7.22,33.88,18.05,9.16,16.38,64.16,35.83,44.44,27.22,3,6,"Not-Enzyme",1,2,5,"PlasmaMembrane",7,"N","Non-Essential","Poor",0.288888889,0.35,0.238888889,0.122222222,3.938409304,0.379464286,3,5,10,1,2,3,10,209,219,0.762159409,0.859267284,0.70306286,0.939662375,0.495708814,"1","0"
"P04150",85659.29,777,110.244,-1.5,6.299,71280,72530,0.832,0.847,0.82,4.762,3.475,5.148,5.019,2.574,5.405,5.92,6.692,1.416,4.376,10.425,6.564,2.96,3.089,5.792,10.94,6.306,0.901,2.831,5.405,10.94,24.96,8.23,11.45,22.39,49.8,50.19,52.63,31.27,0,2,"Not-Enzyme",1,5,26,"Nuclear",0,"N","Essential","Potential",0.290862291,0.240669241,0.238095238,0.23037323,5.043098654,0.673913043,1,2,3,1,2,9,8,15,57,0.734874773,0.929815416,0.809729621,0.943011911,0.511542449,"1","0"
"P49840",50980.81,483,105.55,11.5,8.908,41830,42330,0.821,0.83,0.97,6.418,5.176,2.692,3.313,1.656,3.52,4.762,13.665,1.449,4.348,9.317,4.555,1.035,3.727,7.867,9.524,6.625,0.621,3.52,6.211,8.07,26.29,9.31,11.18,19.25,58.38,41.61,57.97,37.88,0,1,"Transferases",2,1,12,"Nuclear",0,"N","Non-Essential","Potential",0.225672878,0.269151139,0.198757764,0.306418219,5.105320444,0.658385093,1,2,3,13,14,16,82,124,131,0.698929059,0.930551973,0.78160695,0.943511526,0.471133496,"1","0"
"P06239",58000.61,509,113.95,-12,5.033,88810,89310,1.531,1.54,0.51,5.501,5.697,4.715,5.108,1.768,4.519,8.644,7.269,2.358,5.501,9.627,4.519,2.161,4.322,6.287,5.894,5.305,2.161,3.733,4.912,13.75,25.54,12.57,12.57,26.32,53.24,46.75,46.75,25.73,0,7,"Transferases",4,5,12,"Cytoplasmic",0,"N","Non-Essential","Poor",0.284872299,0.225933202,0.237721022,0.251473477,3.410323661,0.557692308,1,3,5,8,13,14,111,118,124,0.805517366,0.950318769,0.867201996,0.950445067,0.626062078,"1","0"
"P24394",89658.25,825,108.677,-26.5,4.729,132810,134935,1.481,1.505,0.72,6.545,3.273,3.152,3.515,4.242,4.242,8,7.03,2.545,2.788,9.576,3.758,1.576,2.667,10.788,10.909,4.606,2.303,2.303,6.182,11.51,25.09,9.81,9.57,21.09,56,44,56.97,33.33,0,71,"Not-Enzyme",4,3,21,"Nuclear",0,"Y","Non-Essential","Potential",0.204848485,0.23030303,0.301818182,0.263030303,4.78075954,0.59375,3,5,6,1,2,3,26,43,46,0.653560587,0.85152916,0.653044331,0.917761949,0.397109739,"1","0"
"P00915",28870.21,261,110.614,3.5,7.078,44920,44920,1.556,1.556,0.87,7.28,2.682,6.513,5.364,0.383,3.448,4.981,6.13,4.215,3.831,7.663,6.897,1.149,4.215,6.513,11.494,5.364,2.299,3.065,6.513,10.34,25.28,13.79,13.79,24.13,49.04,50.95,55.55,30.65,0,3,"Lyases",2,0,7,"Cytoplasmic",0,"N","UNK","Poor",0.291187739,0.180076628,0.24137931,0.287356322,1.198924388,0.785714286,3,5,10,33,70,91,246,246,246,0.453994377,0.802128145,0.667120491,0.878858312,0.216571399,"1","0"
"Q07820",37337.36,350,106.678,-4,5.339,23950,24075,0.641,0.645,0.73,10.571,8,2.571,4.571,0.571,1.714,8.857,11.714,1.143,4.571,10,3.714,1.714,3.143,6.571,6,5.714,0.857,1.429,6.571,13.42,31.71,6.57,12.85,26.28,57.71,42.28,54.85,34.57,0,0,"Not-Enzyme",1,4,10,"Chloroplast",1,"N","Non-Essential","Potential",0.348571429,0.257142857,0.151428571,0.242857143,4.955377179,0.742358079,3,5,10,28,37,70,12,19,49,0.746580852,0.923859677,0.817932583,0.941455771,0.533157777,"1","1"
"Q8NER1",94956.3,839,113.178,5.5,7.211,109670,110670,1.155,1.165,0.66,6.675,5.244,3.933,5.483,1.907,3.337,5.84,5.721,1.549,4.529,12.157,5.959,2.741,5.602,4.529,7.271,6.555,1.311,3.933,5.721,11.32,29.08,12.39,12.75,24.07,54.82,45.17,47.79,28.12,4,0,"Not-Enzyme",0,1,25,"PlasmaMembrane",6,"N","Non-Essential","Potential",0.379022646,0.228843862,0.234803337,0.157330155,4.84589187,0.56133829,1,2,3,1,2,3,246,246,246,0.601176706,0.866528539,0.787871196,0.910282236,0.386842208,"1","0"
"P22607",87709.64,806,108.821,-9,5.725,91790,92790,1.047,1.058,0.66,8.189,5.459,2.73,5.831,2.109,3.226,6.576,8.437,2.481,2.73,9.926,4.591,2.109,2.978,6.948,7.568,5.335,1.365,2.605,8.809,12.4,29.65,9.42,12.53,24.93,56.2,43.79,55.95,31.63,0,26,"Transferases",4,8,18,"Cytoplasmic",2,"Y","Essential","Potential",0.332506203,0.241935484,0.187344913,0.2382134,3.362566569,0.545787546,3,5,6,1,2,3,7,63,86,0.71473551,0.921522584,0.781585148,0.944908948,0.487636448,"1","0"
"P29274",44707.38,412,108.513,9.5,7.983,54890,55765,1.228,1.247,0.82,10.194,4.612,4.369,2.184,3.641,3.883,3.641,8.252,2.67,7.039,12.136,2.184,1.942,4.854,5.825,6.311,3.398,1.699,2.67,8.495,5.82,37.86,11.89,9.46,15.29,66.74,33.25,52.67,31.79,0,7,"Not-Enzyme",0,2,3,"PlasmaMembrane",7,"N","Non-Essential","Poor",0.262135922,0.303398058,0.247572816,0.186893204,4.415032556,0.447876448,2,3,5,1,2,3,246,246,246,0.704694988,0.871278205,0.765438507,0.924499642,0.453564832,"1","0"
"Q9HBH1",27013.47,243,111.167,10,9.222,46980,47480,1.739,1.758,0.86,9.877,10.7,1.646,3.292,3.292,6.173,4.938,7.819,1.646,1.646,11.523,0.823,2.469,3.292,9.053,4.938,2.058,3.292,0.823,10.7,8.23,33.74,9.05,13.16,21.39,63.78,36.21,52.67,27.98,0,0,"Hydrolases",0,1,2,"Mitochondrial",0,"Y","UNK","Poor",0.181069959,0.33744856,0.205761317,0.275720165,4.97485365,0.793548387,6,17,98,33,91,95,246,246,246,0.471387138,0.828328673,0.476895125,0.897932019,0.18213217,"1","0"
"P00374",21452.73,187,114.72,1.5,7.276,25440,25440,1.186,1.186,0.78,2.674,4.278,5.348,4.813,0.535,3.743,8.556,6.952,1.604,4.813,10.16,9.091,3.743,4.813,6.417,6.417,3.743,1.604,3.209,7.487,13.36,25.13,11.23,14.97,28.34,52.4,47.59,44.38,20.32,0,0,"Oxireductases",0,1,3,"Cytoplasmic",0,"N","UNK","Poor",0.336898396,0.235294118,0.20855615,0.219251337,4.911975028,0.793103448,1,2,3,18,33,34,246,246,246,0.678820273,0.899826526,0.833538152,0.930354599,0.451814326,"1","0"
"Q16881",70906.09,649,109.254,6.5,7.357,68760,69760,0.97,0.984,0.69,8.32,4.622,3.39,4.314,2.619,3.39,7.55,10.169,2.003,6.009,8.475,7.242,1.387,2.928,4.314,4.314,6.626,0.924,3.698,7.55,11.86,30.35,9.55,13.86,25.73,56.54,43.45,51.77,32.2,0,2,"Oxireductases",3,0,5,"Cytoplasmic",0,"N","Essential","Poor",0.345366912,0.219548445,0.227256667,0.207827976,4.877411209,0.528604119,1,5,8,33,44,45,246,246,246,0.76855037,0.903057381,0.843547717,0.925510201,0.578039911,"1","0"
"P48443",50871.22,463,109.873,7.5,7.581,33350,34100,0.656,0.67,0.84,6.911,5.616,3.456,4.536,2.808,2.808,6.263,7.343,2.808,4.536,9.935,5.4,3.456,3.024,6.695,9.719,5.616,0.432,3.24,5.4,10.79,26.78,9.5,13.82,24.62,53.78,46.22,52.48,32.39,0,32,"Not-Enzyme",2,2,15,"Nuclear",0,"N","Non-Essential","Poor",0.343412527,0.213822894,0.218142549,0.22462203,3.914404758,0.729032258,1,2,3,1,2,29,6,246,246,0.587372684,0.853285202,0.656056786,0.908365356,0.322983414,"1","0"
"P31350",44877.68,389,115.367,-8.5,5.054,46410,46660,1.034,1.04,0.63,7.198,5.656,3.342,4.37,1.285,3.085,10.54,4.37,1.799,6.427,9.254,6.17,3.342,7.712,5.141,6.17,4.37,1.542,2.314,5.913,14.91,28.79,13.36,13.62,28.53,54.49,45.5,42.15,23.39,0,0,"Oxireductases",1,0,6,"Cytoplasmic",0,"N","UNK","Poor",0.575835476,0.120822622,0.089974293,0.213367609,3.172661363,0.482300885,6,17,98,33,70,91,246,246,246,0.76855037,0.907696442,0.805856024,0.947464547,0.542614538,"1","0"
"P16234",122669.58,1089,112.644,-34.5,4.812,141530,142530,1.154,1.162,0.59,4.959,4.04,4.04,6.061,1.561,2.296,8.632,5.326,2.296,6.428,9.55,6.336,2.388,2.938,4.683,8.54,6.244,1.194,4.316,8.173,14.69,29.1,10.74,12.67,27.36,51.51,48.48,49.58,26.63,0,39,"Transferases",14,6,27,"Nuclear",3,"Y","Essential","Potential",0.393939394,0.223140496,0.194674013,0.188246097,4.493754741,0.578431373,1,2,3,1,2,3,11,14,16,0.726402774,0.924467996,0.797658046,0.9444257,0.506032052,"1","0"
"P29275",36333.05,332,109.437,8.5,8.25,45380,46255,1.249,1.273,0.72,10.843,3.614,4.819,2.711,4.217,3.313,2.108,5.723,1.506,5.723,13.554,3.012,2.41,5.723,3.916,5.12,6.024,1.506,3.614,10.542,4.81,40.66,12.34,8.13,12.95,67.77,32.22,53.91,31.92,0,1,"Not-Enzyme",0,1,0,"PlasmaMembrane",7,"N","Non-Essential","Poor",0.298192771,0.34939759,0.243975904,0.108433735,4.26762951,0.319634703,6,16,17,1,2,3,219,246,246,0.687447079,0.856488957,0.737339734,0.920291309,0.427418118,"1","0"
"P32239",48419.11,447,108.32,27,10.241,50880,51755,1.051,1.069,0.84,8.725,8.949,2.237,2.237,3.356,2.685,2.461,7.83,1.342,4.027,14.541,1.119,2.237,3.132,7.83,8.725,5.145,1.342,2.685,9.396,4.69,36.68,8.5,11.4,16.1,65.1,34.89,55.48,33.78,0,0,"Not-Enzyme",1,2,5,"PlasmaMembrane",7,"N","Non-Essential","Potential",0.131991051,0.422818792,0.255033557,0.1901566,2.070366325,0.529010239,1,3,4,1,2,3,10,27,110,0.713991572,0.85876695,0.66366273,0.929453558,0.436577211,"1","0"
"P13631",50341.9,454,110.885,4,7.425,21890,22765,0.435,0.452,0.84,5.727,5.947,2.863,4.846,3.304,3.744,7.489,7.709,1.322,3.965,10.132,6.608,3.965,4.405,8.59,7.93,5.286,0.22,2.423,3.524,12.33,23.34,8.37,13.87,26.21,53.96,46.03,49.78,29.95,0,13,"Not-Enzyme",1,3,13,"Nuclear",0,"N","Non-Essential","Potential",0.365638767,0.151982379,0.237885463,0.244493392,4.471572399,0.68683274,1,2,3,1,2,16,6,246,246,0.629394358,0.843612486,0.759034293,0.930485595,0.372957715,"1","0"
"Q13224",166367.24,1484,112.107,10,6.909,186450,188325,1.121,1.132,0.77,5.863,4.987,5.054,6.132,2.022,3.302,5.66,6.671,2.83,5.795,6.806,6.065,2.763,4.784,4.852,9.771,4.919,1.28,3.706,6.739,11.79,25.2,12.6,13.88,25.67,51.28,48.72,52.02,29.24,18,0,"Not-Enzyme",5,1,46,"PlasmaMembrane",4,"Y","UNK","Potential",0.308625337,0.214285714,0.272911051,0.204177898,2.305483294,0.604696673,1,2,3,1,2,3,156,166,246,0.532325512,0.827793678,0.678284876,0.891588628,0.294460843,"1","0"
"Q06278",147917.9,1338,110.551,14.5,7.154,114600,117225,0.775,0.793,0.72,6.951,4.26,4.036,4.111,3.139,3.812,6.726,8.146,2.915,6.652,9.268,6.203,3.214,3.886,5.306,6.203,4.783,0.747,2.99,6.652,10.83,29.52,10.53,13.37,24.21,56.95,43.04,49.32,29.22,0,2,"Oxireductases",6,3,10,"Cytoplasmic",0,"N","UNK","Poor",0.369955157,0.234678625,0.200298954,0.195067265,3.519051346,0.316705336,5,12,18,28,33,37,246,246,246,0.654773614,0.833443543,0.776703271,0.886039788,0.444352361,"1","0"
"P35869",96147.36,848,113.381,-2.5,6.34,67730,68855,0.704,0.716,0.71,4.835,4.127,6.486,5.071,2.123,8.255,5.542,4.953,2.948,4.481,9.552,4.717,2.712,5.189,6.84,8.019,6.25,0.59,3.184,4.127,10.61,22.99,11.91,11.79,22.4,48.58,51.41,48.7,26.17,0,0,"Not-Enzyme",3,1,12,"Nuclear",0,"N","Essential","Poor",0.234669811,0.212264151,0.285377358,0.267688679,4.806155956,0.626223092,1,2,3,37,42,43,180,246,246,0.575324556,0.872801264,0.700819645,0.911549021,0.318916401,"1","0"
"P00918",29246.06,260,112.485,5,7.348,50420,50420,1.724,1.724,0.78,5,2.692,3.846,7.308,0.385,4.231,5,8.462,4.615,3.462,10,9.231,0.769,4.615,6.538,6.923,4.615,2.692,3.077,6.538,12.3,25,15,16.53,28.84,51.53,48.46,49.61,25.38,0,0,"Lyases",1,0,4,"Cytoplasmic",0,"N","Non-Essential","Poor",0.238461538,0.253846154,0.223076923,0.284615385,3.356010243,0.809248555,1,2,3,33,70,91,15,246,246,0.570633655,0.869606138,0.819204829,0.903264481,0.362299156,"1","0"
"P25024",39791.17,350,113.689,13,8.757,52370,52995,1.316,1.332,0.76,6.286,5.143,5.143,3.429,2.857,2,2.571,4.857,2.857,5.714,16.286,3.143,3.429,6.857,3.429,6.571,5.429,1.714,3.714,8.571,6,36.85,15.14,11.14,17.14,63.71,36.28,46.57,26,0,6,"Not-Enzyme",0,1,3,"PlasmaMembrane",6,"N","Non-Essential","Poor",0.34,0.3,0.22,0.14,2.001728369,0.387387387,3,5,10,1,2,3,3,10,19,0.76855037,0.867188754,0.711774683,0.940875522,0.506432886,"1","0"
"Q9Y243",55774.53,479,116.44,-4.5,5.863,68300,68800,1.225,1.234,0.58,3.967,6.054,3.132,7.516,1.67,2.923,8.768,5.846,2.296,5.01,8.351,8.142,3.34,5.428,4.593,5.01,6.889,1.461,4.175,5.428,16.28,22.75,13.36,16.49,32.77,49.26,50.73,44.05,23.38,0,0,"Transferases",2,4,6,"Cytoplasmic",0,"N","Non-Essential","Poor",0.39874739,0.139874739,0.271398747,0.189979123,4.839079595,0.657051282,1,3,4,18,22,24,1,2,3,0.741315958,0.924467996,0.793295861,0.942992801,0.524451734,"1","0"
"P30968",37730.72,328,115.033,19,9.927,64400,64900,1.707,1.72,0.76,6.098,2.744,5.488,2.134,2.439,4.573,1.829,3.354,2.439,5.793,14.939,5.793,3.963,8.537,4.573,8.232,6.098,2.744,3.049,5.183,3.96,32.01,16.76,10.97,14.93,60.67,39.32,43.59,26.22,0,0,"Not-Enzyme",0,1,2,"PlasmaMembrane",7,"N","Non-Essential","Poor",0.323170732,0.286585366,0.237804878,0.152439024,4.010573588,0.54822335,1,3,4,1,2,3,109,144,246,0.727075569,0.870000182,0.729249826,0.930691265,0.460323883,"1","0"
"P07333",107983.76,972,111.094,-3,6.328,147140,148390,1.363,1.374,0.71,6.584,4.115,4.63,4.424,2.16,5.144,5.658,7.099,2.881,3.807,10.7,4.218,1.852,4.012,6.173,8.23,5.144,1.749,3.704,7.716,10.08,28.8,12.34,11.21,21.29,55.55,44.44,52.16,29.21,2,29,"Transferases",8,1,14,"Extracellular",1,"Y","Essential","Potential",0.262345679,0.28600823,0.235596708,0.216049383,4.404705033,0.535031847,3,5,6,1,2,3,26,46,71,0.761653777,0.931363278,0.863888368,0.948397717,0.568244695,"1","0"
"Q06187",76281.24,659,115.753,9.5,7.773,115630,116380,1.516,1.526,0.73,4.401,5.159,3.49,4.097,1.821,4.856,8.801,5.463,2.276,5.159,8.649,8.042,3.035,3.642,5.615,8.194,3.945,1.669,5.615,6.07,12.89,24.27,13.2,15.47,28.37,51.13,48.86,43.09,23.82,2,0,"Transferases",6,3,22,"Nuclear",0,"N","Non-Essential","Poor",0.380880121,0.195751138,0.248861912,0.174506829,3.632691936,0.641148325,1,3,5,8,16,18,246,246,246,0.678820273,0.909690962,0.761303609,0.932100027,0.445650354,"1","0"
"P34972",39680.78,360,110.224,10.5,8.183,60390,61140,1.522,1.541,0.76,8.889,4.444,1.944,4.167,3.611,1.667,3.056,5.833,3.056,4.444,15.833,4.167,3.056,4.167,4.444,9.444,4.722,2.222,3.056,7.778,7.22,36.94,12.5,11.66,18.88,63.33,36.66,50.83,32.5,0,7,"Not-Enzyme",1,0,2,"PlasmaMembrane",7,"N","Non-Essential","Poor",0.386111111,0.272222222,0.186111111,0.155555556,2.453112973,0.416666667,1,3,5,1,2,3,10,246,246,0.744268648,0.84724066,0.766295555,0.93818984,0.47716357,"1","0"
"P27338",58762.88,520,113.006,6.5,7.462,94770,95270,1.613,1.621,0.64,6.538,5.962,3.269,3.846,1.731,2.5,8.077,8.077,2.5,5.385,10,5.962,3.077,2.692,5.577,3.846,6.731,2.115,4.423,7.692,11.92,29.61,11.73,14.42,26.34,57.3,42.69,47.3,26.92,0,1,"Oxireductases",3,1,3,"Mitochondrial",1,"N","Non-Essential","Potential",0.388461538,0.269230769,0.159615385,0.182692308,4.61262511,0.475218659,1,2,3,28,33,37,246,246,246,0.576469878,0.821737194,0.730424633,0.880189302,0.34015079,"1","0"
"P05067",86943.25,770,112.913,-51.5,4.454,79300,80425,0.912,0.925,0.91,8.182,4.805,4.026,6.494,2.338,4.675,11.948,4.935,3.247,3.117,7.273,5.325,3.117,2.727,4.545,4.545,6.494,1.169,2.597,8.442,18.44,27.01,9.74,13.37,31.81,48.44,51.55,50,26.49,1,20,"Not-Enzyme",6,6,12,"Nuclear",1,"Y","Non-Essential","Potential",0.515584416,0.17012987,0.161038961,0.153246753,4.965460418,0.721893491,1,2,3,9,16,23,8,85,246,0.878162058,0.948994103,0.920813872,0.956713911,0.705130289,"1","0"
"P30536",18827.93,169,111.408,7,9.556,84910,85035,4.51,4.516,0.92,11.243,4.734,1.775,1.183,1.183,2.367,2.367,11.834,2.367,0.592,13.609,1.775,2.367,4.142,8.284,4.142,5.325,7.692,5.325,7.692,3.55,33.13,19.52,8.87,12.42,73.96,26.03,52.66,33.72,0,0,"Not-Enzyme",0,0,0,"Mitochondrial",5,"N","UNK","Poor",0.094674556,0.390532544,0.266272189,0.24852071,4.744632581,0.675213675,1,2,3,1,2,9,81,98,246,0.51204691,0.843091177,0.733940614,0.881569379,0.272544553,"1","0"
"P10721",109864.57,976,112.566,6,6.947,139580,141080,1.27,1.284,0.73,5.635,4.098,5.533,5.43,2.459,2.561,5.943,5.635,2.254,5.328,8.504,6.762,2.459,4.406,5.123,8.094,6.045,1.434,4.303,7.992,11.37,27.45,12.39,13.11,24.48,53.27,46.72,51.94,27.86,7,25,"Transferases",12,2,25,"PlasmaMembrane",2,"Y","Essential","Potential",0.306352459,0.267418033,0.242827869,0.183401639,4.569983844,0.510510511,3,4,5,1,2,3,5,49,71,0.800816131,0.951440515,0.861423852,0.953729539,0.614431612,"1","1"
"P35348",51486.53,466,110.486,25.5,9.216,59360,60610,1.153,1.177,0.85,6.009,4.936,2.79,2.575,4.292,3.004,3.433,6.652,2.361,7.296,10.3,5.365,1.717,5.365,5.365,9.871,4.936,1.502,3.004,9.227,6,32.83,12.23,12.66,18.67,60.73,39.27,51.71,31.76,0,17,"Not-Enzyme",1,1,9,"PlasmaMembrane",7,"N","Non-Essential","Poor",0.214592275,0.379828326,0.244635193,0.160944206,3.514660841,0.537704918,1,2,3,1,2,3,89,155,246,0.710202927,0.856882801,0.616113252,0.928816667,0.430291116,"1","0"
"P08913",48956.82,450,108.793,23.5,10.195,67380,68005,1.376,1.389,0.89,9.778,8.222,2.889,2.889,2.444,2.222,4.222,9.778,0.667,6.667,8.222,3.778,0.889,5.333,8.667,6.444,5.111,2,2.667,7.111,7.11,31.77,10.66,12.66,19.77,63.55,36.44,55.11,33.55,0,10,"Not-Enzyme",1,2,4,"PlasmaMembrane",7,"N","Non-Essential","Poor",0.151111111,0.326666667,0.271111111,0.251111111,4.2960065,0.52739726,3,4,5,1,2,3,246,246,246,0.749969725,0.849517839,0.69415362,0.938831021,0.474945689,"1","0"
"O43497",262471.55,2377,110.421,2.5,6.566,245000,248375,0.933,0.946,0.77,6.942,6.353,2.903,5.048,2.314,3.492,5.764,6.984,2.735,4.796,11.695,3.197,2.566,4.544,7.236,10.223,3.955,1.304,2.103,5.848,10.81,29.28,10.68,12.28,23.09,56.33,43.66,51.45,30.41,0,0,"Not-Enzyme",6,10,78,"PlasmaMembrane",17,"N","Non-Essential","Potential",0.27429533,0.239798065,0.251998317,0.233908288,3.74282362,0.599596231,1,2,3,57,70,80,246,246,246,0.65233549,0.866049361,0.753465504,0.900014473,0.434474402,"1","0"
"Q02880",183267.17,1626,112.71,19,8.115,173040,174040,0.944,0.95,0.73,5.904,3.875,4.859,7.257,1.046,3.383,7.749,6.458,1.599,4.982,7.565,11.501,2.091,4.428,4.49,7.073,5.412,1.169,2.829,6.335,15,24.78,10.02,16.97,31.98,47.29,52.7,48.83,25.89,0,1,"Isomerases",2,11,59,"Nuclear",0,"N","Essential","Potential",0.420664207,0.207257073,0.19495695,0.177121771,5.083018428,0.614402917,1,2,3,13,14,18,246,246,246,0.940365242,0.969651662,0.960803705,0.966301904,0.818702781,"1","0"
"P25103",46250.91,407,113.639,4,7.158,85260,85885,1.843,1.857,0.62,7.617,3.194,4.177,2.948,2.703,2.457,4.177,2.948,2.457,6.88,8.108,3.686,3.686,5.897,5.16,8.354,6.88,2.211,5.897,10.565,7.12,33.17,16.46,9.33,16.46,61.67,38.32,51.35,28.5,0,19,"Not-Enzyme",0,0,8,"PlasmaMembrane",7,"N","Non-Essential","Poor",0.250614251,0.366093366,0.211302211,0.171990172,4.375576674,0.44,1,2,3,1,2,3,10,101,140,0.781713968,0.905979359,0.805609205,0.946413162,0.548329023,"1","0"
"P14324",48275.48,419,115.216,-2,6.014,90760,91260,1.88,1.89,0.56,8.592,6.205,2.625,5.489,2.148,6.205,7.16,5.489,1.432,5.012,11.933,5.251,1.909,3.58,4.535,4.773,3.103,2.387,5.728,6.444,12.64,31.98,13.12,12.88,25.53,57.75,42.24,43.19,24.1,0,1,"Transferases",1,2,3,"Cytoplasmic",0,"N","UNK","Poor",0.417661098,0.22673031,0.200477327,0.155131265,5.031252786,0.49034749,1,2,3,33,91,95,246,246,246,0.593479122,0.846091506,0.741264608,0.891667271,0.366097601,"1","0"
"P10275",99187.84,920,107.813,-1.5,6.374,93170,94795,0.939,0.956,0.83,8.804,4.457,2.174,4.022,2.935,7.717,5.978,10.435,2.065,2.5,9.457,4.348,2.391,3.043,8.043,8.804,4.022,0.87,3.587,4.348,10,25.1,9.56,10.87,20.87,56.41,43.58,53.58,35,0,56,"Not-Enzyme",11,3,17,"Nuclear",0,"N","Non-Essential","Potential",0.277173913,0.189130435,0.277173913,0.256521739,4.224743097,0.703259005,1,2,3,1,2,9,1,3,8,0.807278788,0.947135412,0.891086913,0.957051373,0.628757788,"1","1"
"P21731",37431.1,343,109.129,14.5,10.084,58440,58940,1.561,1.575,0.86,9.621,7.58,1.749,1.458,2.332,4.665,2.915,8.455,1.458,2.915,16.91,0.292,2.624,4.956,5.539,8.163,5.539,2.624,1.749,8.455,4.37,37.9,10.78,9.32,13.7,66.18,33.81,51.31,34.11,0,1,"Not-Enzyme",0,1,5,"PlasmaMembrane",6,"N","Non-Essential","Poor",0.250728863,0.346938776,0.192419825,0.209912536,4.462116908,0.289719626,1,2,3,1,2,3,16,42,153,0.725386636,0.874430931,0.716776558,0.930895559,0.45938342,"1","0"
"P09619",123968.03,1106,112.087,-44,4.617,128580,129705,1.037,1.046,0.59,5.063,5.154,3.345,5.244,1.718,3.888,8.499,5.606,2.351,4.882,11.302,3.436,2.351,2.984,6.962,8.318,5.696,1.085,3.797,8.318,13.74,29.56,10.21,10.94,24.68,54.06,45.93,50.27,26.4,7,0,"Transferases",17,3,22,"Cytoplasmic",1,"Y","Essential","Potential",0.309222423,0.273056058,0.205244123,0.212477396,4.65110283,0.588839941,1,2,3,1,2,3,11,14,16,0.760380536,0.937961416,0.82398942,0.941713773,0.557729025,"1","0"
"P15328",29819.13,257,116.028,8.5,7.947,99920,100920,3.351,3.384,0.77,8.56,5.058,5.837,2.724,6.226,5.058,5.837,4.669,3.502,1.946,8.56,5.058,2.724,3.502,5.447,5.837,5.058,6.226,3.113,5.058,8.56,24.12,16.34,13.61,22.17,56.03,43.96,49.41,30.35,3,0,"Not-Enzyme",0,0,5,"Extracellular",1,"Y","Essential","Poor",0.361867704,0.128404669,0.377431907,0.13229572,2.62625787,0.777777778,1,2,3,1,2,18,246,246,246,0.684638108,0.867050321,0.796633196,0.902217947,0.458611581,"1","0"
"Q15661",30515.11,275,110.964,4,7.069,65890,66390,2.159,2.176,0.72,7.636,5.091,2.545,5.455,2.909,5.455,3.273,8.364,4.364,4,10.182,2.909,1.818,1.455,9.455,4,4,3.273,4,9.818,8.72,31.63,13.09,12.36,21.09,62.9,37.09,54.18,26.9,2,0,"Hydrolases",0,1,3,"Extracellular",0,"Y","UNK","Poor",0.210909091,0.294545455,0.316363636,0.178181818,4.263876226,0.601092896,18,61,350,58,70,71,16,18,101,0.256023455,0.728700415,0.527886589,0.821082815,0.096082438,"1","0"
"P01375",25644.42,233,110.062,1,6.848,21430,21680,0.836,0.845,0.76,8.155,6.009,3.004,3.004,1.717,5.579,6.867,7.296,1.717,5.15,12.876,3.433,0.858,4.292,6.438,8.584,4.292,0.858,3.004,6.867,9.87,33.04,9.87,11.15,21.03,57.51,42.48,49.35,30.04,0,8,"Not-Enzyme",2,1,6,"Extracellular",1,"N","Non-Essential","Poor",0.214592275,0.35193133,0.253218884,0.180257511,2.710372,0.782608696,1,2,3,16,23,28,3,6,7,0.881652343,0.957851428,0.921960235,0.962377952,0.732742103,"1","0"
"P35222",85496.59,781,109.471,-11.5,5.709,63830,64455,0.747,0.754,0.57,10.115,4.994,3.969,5.378,1.408,6.274,6.146,7.17,3.457,4.225,12.036,3.329,3.841,1.665,4.481,5.378,6.146,0.896,2.177,6.914,11.52,33.29,8.19,11.78,23.3,54.93,45.07,50.96,30.21,0,12,"Not-Enzyme",7,3,16,"Cytoplasmic",0,"N","Essential","Poor",0.386683739,0.267605634,0.125480154,0.220230474,5.052927801,0.574509804,1,2,3,13,14,16,1,11,24,0.879531173,0.969405769,0.952052271,0.961264472,0.748239347,"1","0"
"P28223",52603.17,471,111.684,5,7.63,59360,60235,1.128,1.145,0.77,6.157,2.76,5.945,4.246,3.185,3.822,3.822,3.822,1.274,7.219,12.102,5.732,3.185,5.308,2.972,11.253,5.732,1.486,2.972,7.006,8.06,32.48,11.04,9.76,17.83,55.41,44.58,50.31,30.14,0,9,"Not-Enzyme",1,0,7,"PlasmaMembrane",7,"N","Non-Essential","Poor",0.333333333,0.286624204,0.203821656,0.176220807,3.52120922,0.571895425,1,2,3,1,2,3,246,246,246,0.725386636,0.871224953,0.748871308,0.931937121,0.46253694,"1","0"
"P40763",88067.8,770,114.374,-2.5,6.219,113790,114665,1.292,1.302,0.57,5.714,4.545,4.935,4.156,1.818,7.792,7.662,5.065,1.688,5.325,10.649,6.104,3.506,3.896,4.416,6.623,6.104,1.948,2.727,5.325,11.81,27.01,10.26,12.33,24.15,50.39,49.61,44.15,25.32,0,20,"Not-Enzyme",2,3,13,"Cytoplasmic",0,"N","Essential","Poor",0.416883117,0.202597403,0.174025974,0.206493506,5.08871352,0.615053763,1,2,3,13,14,16,5,8,10,0.84912967,0.951493933,0.895406092,0.954375123,0.683150064,"1","0"
"P20839",55405.79,514,107.793,2.5,6.87,25330,25705,0.457,0.464,0.65,8.366,4.086,1.751,6.226,1.362,4.475,4.864,10.117,2.14,7.004,8.755,6.42,3.502,3.113,3.307,7.004,6.031,0,3.307,8.171,11.08,32.29,8.56,12.64,23.73,57,42.99,52.33,32.87,0,0,"Oxireductases",0,3,9,"Cytoplasmic",0,"N","Non-Essential","Poor",0.357976654,0.324902724,0.177042802,0.140077821,4.886242167,0.379603399,18,29,32,33,91,95,246,246,246,0.635189369,0.85890534,0.77205309,0.905145989,0.400984301,"1","0"
"O76074",99984.98,875,114.269,-8,5.993,76320,77820,0.763,0.778,0.59,6.971,4.686,5.371,5.6,2.857,6.514,8.114,3.886,2.971,6.286,9.829,6.629,2.514,4.8,3.314,6.4,4.914,1.029,2.057,5.257,13.71,28.34,10.85,14.28,28,48.8,51.2,44.57,25.02,0,8,"Hydrolases",1,3,11,"Nuclear",0,"N","UNK","Poor",0.488,0.155428571,0.202285714,0.154285714,4.567679921,0.483208955,1,2,3,33,40,44,156,243,246,0.617733796,0.871682925,0.707343811,0.910203183,0.356698197,"1","0"
"O60674",130673.55,1132,115.436,12.5,7.191,150010,151635,1.148,1.16,0.67,4.594,5.3,5.83,5.035,2.385,3.975,7.597,5.477,2.915,6.714,9.629,6.979,2.65,4.77,4.505,6.36,4.77,1.237,4.329,4.947,12.63,25.88,13.25,15.19,27.82,51.23,48.76,43.9,23.58,0,21,"Transferases",7,2,21,"Cytoplasmic",0,"N","Essential","Poor",0.365724382,0.214664311,0.231448763,0.188162544,4.933986162,0.575842697,1,2,3,8,13,14,5,11,12,0.817670691,0.951376414,0.880700527,0.954646601,0.629557476,"1","0"
"P36888",112903.46,993,113.699,-13.5,5.428,143590,145590,1.272,1.29,0.59,5.237,4.23,5.035,4.23,3.323,4.23,7.754,5.438,2.115,5.237,8.761,5.337,2.417,5.841,4.33,9.063,5.136,1.511,4.129,6.647,11.98,25.88,13.59,11.68,23.66,52.87,47.13,48.43,28.19,7,0,"Transferases",16,1,20,"PlasmaMembrane",2,"N","Non-Essential","Poor",0.325276939,0.241691843,0.270896274,0.162134945,4.15720407,0.502362205,2,3,4,1,2,3,164,246,246,0.706293988,0.926816028,0.790860243,0.936755804,0.48043501,"1","0"
"P25105",39203.42,342,114.63,16.5,9.108,50880,51630,1.298,1.317,0.73,5.556,4.386,5.263,2.632,3.509,3.801,2.632,3.509,2.632,8.48,10.526,4.386,2.339,8.187,4.094,5.848,6.433,1.754,3.509,10.526,5.26,35.08,16.08,11.4,16.66,61.98,38.01,47.36,24.85,0,4,"Not-Enzyme",1,2,4,"PlasmaMembrane",7,"N","Non-Essential","Poor",0.289473684,0.34502924,0.225146199,0.140350877,4.290894333,0.345794393,1,2,3,1,2,3,92,246,246,0.753267813,0.875975481,0.809891759,0.935603443,0.507702638,"1","0"
"P21397",59681.66,527,113.248,8.5,7.858,103250,103750,1.73,1.738,0.67,6.641,5.123,3.605,4.364,1.708,3.036,7.59,7.97,2.467,7.021,7.59,7.211,2.467,3.226,4.744,4.554,5.882,2.277,4.744,7.78,11.95,29.03,12.71,14.8,26.75,56.16,43.83,47.24,26.75,0,2,"Oxireductases",4,1,3,"Mitochondrial",0,"N","Non-Essential","Poor",0.375711575,0.25426945,0.159392789,0.210626186,4.632355572,0.45325779,3,5,10,95,114,114,246,246,246,0.593479122,0.827903366,0.749737766,0.886168872,0.365802779,"1","0"
"P24530",49643.87,442,112.316,20.5,9.031,75860,77110,1.528,1.553,0.81,7.014,4.525,4.072,3.167,4.525,2.715,3.846,4.751,1.131,7.692,12.896,6.561,2.262,4.751,6.335,7.466,4.525,2.262,3.167,6.335,7.01,33.93,11.31,12.21,19.23,61.99,38,48.19,28.28,0,12,"Not-Enzyme",3,0,5,"PlasmaMembrane",7,"Y","Essential","Poor",0.334841629,0.287330317,0.244343891,0.133484163,4.624049411,0.53649635,1,2,3,1,2,3,10,16,18,0.734874773,0.881824304,0.754365074,0.934242084,0.481495962,"1","0"
"P09960",69285.27,611,113.397,-4,6.097,104280,104905,1.505,1.514,0.52,6.219,3.764,3.437,5.565,1.8,4.255,6.71,4.91,2.619,5.074,11.293,6.547,1.8,4.419,5.728,7.365,6.547,2.128,3.601,6.219,12.27,28.8,12.76,12.93,25.2,53.19,46.8,47.79,26.84,0,0,"Hydrolases",3,4,9,"Cytoplasmic",0,"N","Non-Essential","Potential",0.368248773,0.204582651,0.234042553,0.193126023,4.970131078,0.553524804,1,3,4,33,34,41,246,246,246,0.499926844,0.830189476,0.754510716,0.882873967,0.265824084,"1","0"
"O95180",259162.87,2353,110.141,27.5,7.367,261960,265460,1.011,1.024,0.82,8.202,7.692,2.805,4.42,2.38,2.762,6.205,7.82,2.592,3.867,10.327,2.805,2.38,4.462,8.075,8.202,4.292,1.402,2.295,7.012,10.62,29.4,10.75,13.09,23.71,58.22,41.77,53.2,30.89,0,2,"Not-Enzyme",5,13,69,"PlasmaMembrane",15,"N","Non-Essential","Potential",0.275818105,0.241393965,0.241818955,0.240968976,4.402781363,0.590488771,3,4,5,33,57,70,246,246,246,0.603028189,0.843367789,0.692589507,0.889664403,0.360737574,"1","0"
"P32245",36942.81,332,111.274,7,7.677,38850,39725,1.052,1.075,0.73,6.325,3.313,4.518,3.012,4.518,1.807,2.108,4.819,3.012,11.747,12.048,2.41,3.916,5.422,2.41,10.542,5.12,0.904,4.518,7.53,5.12,37.65,13.85,8.73,13.85,64.15,35.84,48.79,31.32,0,0,"Not-Enzyme",0,1,2,"PlasmaMembrane",7,"N","Non-Essential","Poor",0.237951807,0.43373494,0.201807229,0.126506024,3.30312027,0.306976744,1,3,4,1,2,3,246,246,246,0.696372817,0.856169628,0.777892927,0.920684984,0.449917766,"1","0"
"Q9UNI1",27798.1,258,107.745,7.5,8.283,53860,54360,1.938,1.956,0.94,6.589,3.876,6.589,3.488,3.101,6.589,1.55,10.465,2.713,3.876,6.977,2.713,1.163,1.163,3.101,10.853,6.977,2.326,5.426,10.465,5.03,27.9,11.62,9.3,14.34,54.65,45.34,61.62,37.98,3,38,"Hydrolases",1,2,5,"Extracellular",0,"N","UNK","Poor",0.07751938,0.410852713,0.286821705,0.224806202,2.934125497,0.904522613,6,16,18,33,58,71,246,246,246,0.341364606,0.743045795,0.751201542,0.830148897,0.225078029,"1","0"
"P43119",40956.04,386,106.104,12.5,8.49,40910,42035,0.999,1.026,0.89,13.472,6.218,1.295,2.85,4.663,3.886,2.073,8.549,1.295,2.073,14.508,1.295,2.591,5.44,6.736,8.549,3.886,1.295,2.332,6.995,4.92,37.04,10.36,8.8,13.73,68.65,31.34,56.99,39.11,3,9,"Not-Enzyme",0,1,6,"PlasmaMembrane",7,"N","Essential","Poor",0.272020725,0.284974093,0.225388601,0.21761658,4.50006123,0.446640316,1,3,5,1,2,3,42,246,246,0.678820273,0.85029468,0.698392623,0.919915089,0.405542334,"1","0"
"P06241",60761.9,537,113.151,1,6.633,93740,94240,1.543,1.551,0.66,5.773,5.587,3.911,5.028,1.676,4.097,7.635,8.939,2.235,4.655,9.311,6.145,2.421,3.724,4.655,5.587,6.704,1.862,4.842,5.214,12.66,24.95,12.66,13.96,26.62,53.07,46.92,47.48,28.67,0,15,"Transferases",3,5,7,"Cytoplasmic",0,"N","Non-Essential","Poor",0.370577281,0.204841713,0.188081937,0.236499069,4.821182424,0.569014085,1,3,4,8,15,16,62,78,80,0.839688982,0.958011721,0.895983612,0.950535233,0.680151533,"1","0"
"P21802",92025.01,821,112.089,-8.5,5.679,123650,124775,1.344,1.356,0.61,6.212,4.75,4.385,5.847,2.192,2.558,7.065,5.968,2.071,4.629,8.161,6.09,3.41,2.558,6.577,6.943,6.577,1.583,4.263,8.161,12.91,27.16,10.47,12.91,25.82,53.71,46.28,52.86,27.89,0,35,"Transferases",12,5,20,"Cytoplasmic",1,"Y","Essential","Potential",0.305724726,0.24725944,0.224116931,0.222898904,4.617932329,0.55062167,1,3,5,1,2,3,7,8,14,0.732007654,0.926602562,0.810336501,0.946774213,0.510944383,"1","0"
"P23975",69332.04,617,112.37,6.5,7.442,149200,149825,2.152,2.161,0.67,7.78,3.079,3.89,3.566,1.621,2.755,3.241,8.104,2.107,6.483,12.642,3.728,2.107,7.618,4.052,5.511,5.348,3.079,4.862,8.428,6.8,35.33,17.66,8.91,15.72,66.77,33.22,48.29,28.36,0,0,"Not-Enzyme",1,0,1,"PlasmaMembrane",12,"N","Non-Essential","Poor",0.272285251,0.316045381,0.226904376,0.184764992,3.110643705,0.327365729,5,8,18,33,57,66,246,246,246,0.465914181,0.792425474,0.682278255,0.864809386,0.256459365,"1","0"
"P05108",60102.32,521,115.36,12.5,9.153,87320,87445,1.453,1.455,0.71,6.142,6.718,4.415,4.99,0.384,4.415,5.758,5.95,2.879,5.182,10.94,4.99,3.071,5.95,5.758,4.798,5.182,2.111,3.455,6.91,10.74,29.17,14.39,14.58,25.33,55.85,44.14,44.53,22.45,0,0,"Oxireductases",1,2,4,"Mitochondrial",0,"N","Essential","Poor",0.381957774,0.211132438,0.193857965,0.213051823,1.171742794,0.555555556,1,2,3,33,46,50,79,81,98,0.574168479,0.844027413,0.733253492,0.889316827,0.337041935,"1","0"
"P08922",263915.16,2347,112.448,-14.5,6.022,426060,429060,1.614,1.626,0.7,5.326,3.664,5.241,4.176,2.088,4.133,6.135,6.008,2.088,6.519,9.928,4.985,1.534,4.559,5.411,8.862,6.05,2.216,4.005,7.073,10.31,28.84,12.86,10.73,21.04,54.66,45.33,50.23,28.33,0,0,"Transferases",7,6,34,"PlasmaMembrane",1,"N","Non-Essential","Potential",0.221559438,0.301661696,0.234341713,0.242437154,1.315541641,0.453934095,13,18,22,1,2,3,246,246,246,0.341364606,0.748175617,0.527163383,0.845806076,0.144941059,"1","0"
"P23458",133277.04,1154,115.491,18,7.541,149550,151550,1.122,1.137,0.65,4.333,4.939,5.113,5.633,2.773,3.553,8.232,4.939,2.946,5.719,9.705,9.012,2.946,3.813,4.506,6.326,4.679,1.3,3.899,5.633,13.86,25.39,11.95,16.89,30.76,49.56,50.43,43.93,23.05,0,0,"Transferases",3,4,26,"Nuclear",0,"N","Essential","Poor",0.461005199,0.162045061,0.220970537,0.155979203,5.043124156,0.577181208,3,5,6,8,16,18,5,8,11,0.77866302,0.930466574,0.830002153,0.947939707,0.572741594,"1","0"
"P69905",15257.55,142,107.448,7,8.934,9970,9970,0.653,0.653,0.72,14.789,2.113,2.817,5.634,0.704,0.704,2.817,4.93,7.042,0,12.676,7.746,2.113,4.93,4.93,7.746,6.338,0.704,2.113,9.155,8.45,36.62,14.78,16.9,25.35,57.04,42.95,57.04,34.5,0,0,"Not-Enzyme",1,1,1,"Extracellular",0,"N","Non-Essential","Poor",0.654929577,0.133802817,0.098591549,0.112676056,5.160964047,0.726415094,1,2,3,18,33,44,246,246,246,0.466013932,0.78892696,0.640644753,0.877679258,0.219006807,"1","0"
"Q04609",84330.69,750,112.441,4,6.94,129610,129860,1.537,1.54,0.8,7.2,4.667,5.067,4.8,0.533,2.667,6.4,8.133,2.133,5.2,8.133,6,2,6,6.133,7.6,4,1.733,5.2,6.4,11.2,26.93,15.06,12.8,24,56.66,43.33,49.86,27.46,10,1,"Hydrolases",3,2,13,"Chloroplast",1,"N","Non-Essential","Poor",0.317333333,0.250666667,0.188,0.244,2.841400611,0.487804878,452,539,709,33,34,41,3,8,246,0.418759694,0.763645438,0.628038599,0.844487836,0.202924224,"1","0"
"P30530",98336.72,894,109.996,-18.5,5.061,143240,144615,1.457,1.471,0.59,7.718,5.481,2.461,4.698,2.461,5.593,6.823,8.054,2.349,2.908,10.515,2.796,2.237,2.461,8.837,6.264,6.04,2.125,2.908,7.271,11.52,28.41,9.84,10.62,22.14,57.49,42.5,53.8,30.53,0,27,"Transferases",6,12,11,"Nuclear",1,"Y","Non-Essential","Potential",0.271812081,0.248322148,0.220357942,0.25950783,4.801496927,0.509769094,1,3,5,1,2,3,97,152,246,0.618546481,0.89940004,0.710714952,0.929133846,0.364324107,"1","0"
"P36544",56449.44,502,112.449,-0.5,6.427,98320,99445,1.742,1.762,0.63,5.976,4.582,3.187,5.378,3.586,3.586,4.582,6.175,2.59,5.179,11.155,3.984,2.789,4.382,6.375,7.371,4.183,2.59,3.586,8.765,9.96,31.07,13.14,11.15,21.11,60.55,39.44,50.99,27.29,0,4,"Not-Enzyme",3,0,4,"PlasmaMembrane",4,"Y","Essential","Poor",0.28685259,0.28685259,0.262948207,0.163346614,4.528287739,0.54601227,1,3,4,1,2,3,75,147,176,0.48648209,0.809441136,0.691700108,0.86550277,0.289885751,"1","0"
"P42345",288891.61,2549,113.335,28.5,7.163,315360,317610,1.092,1.099,0.53,8.042,6.002,3.295,5.061,1.412,5.335,6.552,4.865,3.256,5.218,12.515,5.1,3.688,3.295,4.315,6.316,5.453,1.569,2.511,6.199,11.61,31.97,10.63,14.35,25.97,53.62,46.37,44.95,26.08,0,30,"Transferases",3,11,45,"Nuclear",0,"N","Essential","Potential",0.461749706,0.215770891,0.142801098,0.179678305,5.072466739,0.451592755,1,2,3,13,14,18,2,3,5,0.835032006,0.961132293,0.887002568,0.958743256,0.659845839,"1","0"
"P22303",67796.06,614,110.417,-2.5,6.235,124790,125290,1.841,1.848,0.72,8.958,7.003,2.769,4.723,1.303,3.909,5.537,9.446,2.443,1.466,11.238,1.629,1.466,4.723,8.306,5.863,4.235,2.769,3.42,8.795,10.26,30.45,13.35,11.07,21.33,61.88,38.11,54.39,29.8,1,0,"Hydrolases",0,2,4,"Lysosomal",0,"Y","Essential","Poor",0.219869707,0.288273616,0.223127036,0.268729642,4.255685547,0.486215539,16,18,19,9,18,28,246,246,246,0.554022219,0.856808289,0.774824467,0.896457538,0.339481466,"1","0"
"Q9NYK1",120922.07,1049,115.274,24.5,8.262,129150,130775,1.068,1.081,0.79,3.622,3.527,7.626,4.766,2.574,4.29,4.862,2.765,2.574,5.434,15.634,7.15,1.811,5.72,4.385,8.77,4.671,1.335,3.337,5.148,9.62,29.83,12.96,13.25,22.87,51.76,48.23,44.32,22.4,7,0,"Not-Enzyme",2,0,15,"Nuclear",1,"N","Non-Essential","Poor",0.384175405,0.22306959,0.224976168,0.167778837,3.335316375,0.476874003,16,18,19,1,2,3,26,246,246,0.664070199,0.885681629,0.753739223,0.929111245,0.424125835,"1","0"
"Q16620",91998.89,822,111.921,-1,6.447,125250,126625,1.361,1.376,0.67,5.839,3.65,6.326,5.474,2.676,3.406,5.353,6.448,3.893,6.569,9.124,5.109,2.555,3.65,5.474,7.178,5.596,1.946,3.041,6.691,10.82,28.22,12.53,12.65,23.47,54.01,45.98,51.7,27.73,13,13,"Transferases",4,3,16,"PlasmaMembrane",2,"Y","Essential","Potential",0.276155718,0.261557178,0.260340633,0.201946472,3.551651578,0.504570384,1,3,5,1,2,3,101,166,244,0.627901961,0.874888961,0.735880631,0.913428975,0.386908886,"1","0"
"P54289",124568.04,1103,112.936,-21.5,4.885,166510,167760,1.337,1.347,0.59,6.074,4.352,6.981,6.981,1.813,4.17,5.802,5.893,0.997,6.165,9.157,5.984,1.541,4.442,4.714,6.528,5.44,1.541,4.442,6.981,12.78,28.37,11.42,11.33,24.11,52.76,47.23,51.4,25.74,6,0,"Not-Enzyme",6,2,16,"PlasmaMembrane",0,"Y","Non-Essential","Poor",0.253853128,0.310970082,0.248413418,0.186763373,4.711530088,0.509668508,1,3,5,33,91,114,246,246,246,0.633765986,0.845995746,0.698722551,0.906035351,0.388909257,"1","0"
"Q13547",55102.97,482,114.322,-12,5.157,52720,53345,0.957,0.968,0.58,5.394,4.564,4.564,6.846,2.075,3.112,9.959,7.676,2.905,4.772,6.432,8.299,3.32,4.149,4.357,5.602,4.149,0.415,5.809,5.602,16.8,22.19,13.27,15.76,32.57,50,50,46.26,24.89,0,5,"Hydrolases",3,3,9,"Nuclear",0,"N","Essential","Potential",0.43153527,0.205394191,0.195020747,0.168049793,4.97056501,0.48,1,2,3,23,62,70,51,54,74,0.86042221,0.945800227,0.896949817,0.960844365,0.691412737,"1","0"
"P22748",35032.33,312,112.283,6,7.775,46410,46660,1.325,1.332,0.74,7.692,4.167,3.205,3.526,1.603,5.449,7.372,6.09,3.205,2.885,12.179,7.051,3.205,3.205,6.41,7.372,4.487,1.923,2.885,6.09,10.89,28.84,11.21,14.42,25.32,54.16,45.83,46.47,27.24,0,1,"Lyases",0,0,6,"Extracellular",1,"Y","Essential","Poor",0.419871795,0.147435897,0.227564103,0.205128205,3.723609,0.821428571,2,3,4,33,70,91,246,246,246,0.401140939,0.794273075,0.721932302,0.850060322,0.218263082,"1","0"
"P01148",10379.92,92,112.825,0,6.451,12490,12615,1.203,1.215,0.56,4.348,5.435,1.087,3.261,3.261,7.609,10.87,8.696,2.174,6.522,13.043,7.609,1.087,2.174,4.348,6.522,5.435,2.174,1.087,3.261,14.13,27.17,7.6,15.21,29.34,50,50,40.21,28.26,0,0,"Not-Enzyme",0,0,2,"Extracellular",0,"Y","Non-Essential","Poor",0.52173913,0.097826087,0.260869565,0.119565217,4.925251445,0.788461538,1,2,3,16,70,78,144,246,246,0.763912946,0.901425908,0.809750376,0.937708072,0.528038435,"1","0"
"P00742",54731.69,488,112.155,-4.5,5.737,53860,55360,0.984,1.011,0.57,5.943,5.943,4.303,5.533,4.918,3.893,9.016,8.197,1.844,3.689,7.992,6.762,1.639,4.303,3.893,5.943,7.377,1.23,2.869,4.713,14.54,22.33,10.24,14.54,29.09,49.38,50.61,50.82,32.37,2,37,"Hydrolases",3,0,9,"Extracellular",1,"Y","Essential","Poor",0.305327869,0.192622951,0.329918033,0.172131148,4.401881314,0.595744681,18,24,26,33,45,58,17,21,28,0.578729047,0.858468884,0.774301458,0.893475399,0.360719207,"1","0"
"P08235",107081.51,984,108.823,10,7.375,79190,80815,0.74,0.755,0.95,4.675,3.76,5.285,3.455,2.744,4.878,5.589,6.606,2.033,4.167,7.419,5.285,2.541,3.455,7.622,15.142,4.98,0.61,3.15,6.606,9.04,22.86,9.24,11.07,20.12,49.59,50.4,57.11,34.14,0,3,"Not-Enzyme",5,3,45,"Nuclear",0,"N","Essential","Potential",0.220528455,0.25304878,0.277439024,0.24898374,4.82860535,0.649468892,2,3,4,1,2,20,246,246,246,0.526548505,0.860789637,0.650337449,0.899136853,0.263299712,"1","0"
"P61073",39745.51,352,112.913,9.5,8.219,58330,58830,1.468,1.48,0.74,6.25,3.125,3.693,3.693,2.557,1.989,3.977,5.398,3.125,10.227,11.08,5.682,1.705,6.534,2.841,9.659,4.545,1.705,4.83,7.386,7.67,34.94,16.19,11.93,19.6,60.51,39.48,46.02,28.4,2,11,"Not-Enzyme",2,0,17,"PlasmaMembrane",7,"N","Essential","Poor",0.295454545,0.377840909,0.176136364,0.150568182,3.787808006,0.383928571,2,3,5,1,2,3,10,12,19,0.830337039,0.926677275,0.852668234,0.953405954,0.61904667,"1","0"
"P10415",26265.89,239,109.899,3.5,7.219,44920,45045,1.71,1.715,0.78,11.297,7.113,2.51,5.021,0.837,2.51,4.184,9.205,3.766,2.929,9.205,1.674,2.929,5.021,7.95,6.276,5.021,2.51,3.347,6.695,9.2,30.12,14.64,12.55,21.75,61.92,38.07,54.81,32.63,0,7,"Not-Enzyme",0,3,2,"PlasmaMembrane",1,"N","Essential","Poor",0.263598326,0.19665272,0.251046025,0.288702929,4.682000329,0.841463415,1,2,3,23,28,37,9,11,12,0.851716605,0.960063562,0.903551208,0.956384543,0.69137824,"1","0"
"P00519",122872.56,1130,108.737,26,8.923,116200,117075,0.946,0.953,0.92,8.584,5.664,3.54,3.717,1.239,2.92,7.965,7.788,2.124,2.92,8.496,7.257,1.593,2.566,7.965,10.619,5.752,1.15,2.655,5.487,11.68,25.48,8.49,15.04,26.72,50.44,49.55,54.69,33.98,0,89,"Transferases",9,14,45,"Nuclear",0,"N","Essential","Potential",0.326548673,0.182300885,0.207079646,0.284070796,4.975510498,0.722368421,1,2,3,8,13,14,9,11,51,0.81308586,0.956697346,0.884304049,0.954861754,0.635822249,"1","0"
"P03372",66216,595,111.287,15,8.07,61770,62520,0.933,0.944,0.82,7.899,5.882,4.202,4.034,2.185,4.202,6.05,7.899,3.697,3.193,12.269,4.874,4.538,2.521,5.882,7.563,4.202,0.84,3.866,4.202,10.08,27.56,10.92,14.45,24.53,55.29,44.7,48.06,29.74,0,24,"Not-Enzyme",2,1,12,"Nuclear",0,"N","Non-Essential","Poor",0.413445378,0.173109244,0.210084034,0.203361345,3.019551007,0.694656489,1,2,3,1,2,13,1,26,32,0.830915753,0.957915545,0.908161791,0.955322187,0.667622656,"1","0"
"O00418",82144.11,725,113.302,-26,4.983,100730,101355,1.226,1.234,0.62,7.172,5.931,4.276,7.862,1.379,4,8.966,7.448,4.138,3.172,8.828,5.241,3.034,3.448,4.414,8.138,3.31,1.517,3.724,4,16.82,23.17,12.82,15.31,32.13,48.13,51.86,48,27.44,0,0,"Transferases",7,2,30,"Nuclear",0,"N","Non-Essential","Potential",0.395862069,0.132413793,0.24137931,0.230344828,4.880853156,0.620901639,1,2,3,18,22,24,246,246,246,0.447864178,0.829987439,0.547363125,0.889018506,0.175183562,"1","0"
"O43570",39450.93,354,111.443,5.5,7.186,49850,50100,1.264,1.27,0.79,6.78,3.39,5.085,3.672,1.412,5.085,5.085,6.215,4.237,5.085,11.582,4.802,1.695,3.672,6.215,9.322,4.802,1.412,4.237,6.215,8.75,29.66,13.55,12.42,21.18,54.52,45.48,49.71,28.53,0,3,"Lyases",1,2,6,"Extracellular",1,"Y","Non-Essential","Poor",0.268361582,0.262711864,0.231638418,0.237288136,3.667118027,0.546666667,5,8,18,33,91,95,240,246,246,0.085341152,0.654431048,0,0.810147723,0.028459776,"1","0"
"P04275",309264.51,2813,109.941,-54.5,5.153,259220,273845,0.838,0.885,0.55,5.439,5.048,3.484,5.581,8.319,4.728,6.47,7.323,2.453,3.377,8.105,3.839,1.991,3.128,6.257,7.359,5.403,0.924,2.773,7.999,12.05,24.92,9.27,11.34,23.39,55.63,44.36,57.16,33.84,2,34,"Not-Enzyme",6,5,44,"Extracellular",0,"Y","Non-Essential","Poor",0.220760754,0.232136509,0.402417348,0.144685389,4.545400041,0.480125523,1,3,5,16,23,28,28,71,153,0.754616361,0.907707108,0.830731605,0.929976454,0.55621685,"1","0"
"Q15116",31646.91,288,109.885,3.5,7.954,55460,55835,1.752,1.764,0.91,7.986,8.333,2.431,4.514,2.083,4.861,4.861,7.292,1.042,2.083,7.986,1.736,1.389,4.167,11.458,8.681,5.903,3.125,1.389,8.681,9.37,26.73,9.72,11.11,20.48,57.63,42.36,59.02,31.94,4,8,"Not-Enzyme",1,3,6,"Extracellular",1,"N","Non-Essential","Poor",0.128472222,0.322916667,0.291666667,0.256944444,3.687467654,0.85026738,16,18,29,70,114,114,246,246,246,0.542560809,0.828849684,0.641904547,0.890089391,0.285895094,"1","0"
"P20648",114118.87,1035,110.26,-8.5,5.539,105200,107075,0.922,0.938,0.53,8.986,4.928,3.285,5.217,2.899,4.444,5.797,7.246,1.256,7.053,9.758,4.638,2.512,4.734,4.638,5.507,5.797,1.063,2.899,7.343,11.01,33.14,9.95,10.82,21.83,59.13,40.87,50.91,30.43,0,0,"Hydrolases",1,2,13,"PlasmaMembrane",8,"N","Non-Essential","Potential",0.347826087,0.261835749,0.208695652,0.181642512,0.178824205,0.435508346,5,8,18,18,33,40,246,246,246,0.589441997,0.860161522,0.72911636,0.894845117,0.355511116,"1","0"
"P08581",155541.31,1390,111.9,20,7.324,124570,127070,0.801,0.817,0.77,4.604,4.029,5.755,4.676,2.95,3.597,5.18,5.755,3.309,5.971,9.64,5.612,2.158,5.036,5.18,8.561,6.331,0.791,3.094,7.77,9.85,27.98,12.23,12.95,22.8,52.95,47.05,51.58,28.2,1,31,"Transferases",12,4,31,"PlasmaMembrane",1,"Y","Essential","Poor",0.282014388,0.288489209,0.251798561,0.177697842,4.75807002,0.520879121,1,2,3,1,2,3,1,6,12,0.757532178,0.938890415,0.839103976,0.948273598,0.555541514,"1","0"
"Q99062",92156.44,836,110.235,-6,6.133,179330,180955,1.946,1.964,0.76,6.1,3.828,3.23,2.871,3.23,6.1,5.622,7.177,3.349,4.067,13.636,2.273,1.794,2.033,10.167,8.373,6.579,3.349,2.033,4.187,8.49,27.99,10.76,9.45,17.94,57.77,42.22,51.91,31.45,13,34,"Not-Enzyme",0,5,11,"Extracellular",1,"Y","Non-Essential","Poor",0.153110048,0.269138756,0.277511962,0.300239234,2.288806322,0.507157464,3,5,10,1,2,3,108,196,246,0.632325955,0.847666286,0.653975926,0.915130009,0.369610331,"1","0"
"O75874",46659.3,414,112.704,2.5,6.959,63830,64080,1.368,1.373,0.59,7.488,3.623,4.106,6.039,1.208,4.348,7.005,7.971,2.174,7.246,6.522,8.937,3.382,4.106,2.899,5.314,5.797,1.691,4.106,6.039,13.04,27.29,12.07,14.73,27.77,52.65,47.34,46.86,27.77,0,0,"Oxireductases",1,2,3,"Cytoplasmic",0,"N","UNK","Poor",0.439613527,0.229468599,0.173913043,0.157004831,4.685135406,0.386524823,2,3,4,16,28,33,246,246,246,0.652949562,0.871629672,0.73389005,0.905282148,0.409189981,"1","0"
"P14416",50619.43,443,114.265,28,9.851,63830,64580,1.261,1.276,0.74,6.546,6.546,5.192,3.612,2.709,2.032,3.386,2.709,3.16,7.675,9.932,5.192,3.386,4.289,6.095,7.449,6.546,1.58,3.837,8.126,6.99,32.28,12.86,14.89,21.89,56.88,43.11,48.98,25.95,0,13,"Not-Enzyme",2,1,11,"PlasmaMembrane",7,"N","Non-Essential","Poor",0.270880361,0.356659142,0.230248307,0.14221219,2.537211218,0.564189189,1,2,3,1,2,3,188,246,246,0.77185901,0.87818062,0.793318394,0.941765248,0.520592764,"1","0"
"P25101",48722.24,427,114.104,15,8.368,64860,66110,1.331,1.357,0.81,4.918,4.215,6.792,3.513,4.918,3.044,3.044,4.215,2.342,7.26,11.475,4.684,3.747,6.557,3.513,7.494,6.089,1.874,3.279,7.026,6.55,30.67,14.05,11.24,17.79,58.78,41.21,48.47,27.63,0,11,"Not-Enzyme",2,1,1,"PlasmaMembrane",7,"Y","Essential","Poor",0.276346604,0.320843091,0.255269321,0.147540984,4.403772911,0.548387097,1,2,3,1,2,3,1,6,10,0.737059491,0.882676702,0.747443374,0.934927278,0.479955596,"1","0"
"P04183",25468.69,234,108.841,8,8.554,8940,9565,0.351,0.376,0.84,10.684,5.556,2.991,3.419,4.701,4.701,5.983,7.265,0.855,5.128,7.692,6.838,2.564,4.701,6.41,5.128,4.701,0,2.564,8.12,9.4,31.62,8.12,13.24,22.65,59.82,40.17,53.41,32.47,0,0,"Transferases",1,1,7,"Cytoplasmic",0,"N","Essential","Poor",0.388888889,0.230769231,0.226495726,0.153846154,4.308714996,0.746753247,1,2,3,18,24,28,246,246,246,0.654773614,0.885170127,0.788279824,0.931190473,0.415484447,"1","0"
"P01137",44341.16,390,113.695,13,8.583,62340,63090,1.406,1.423,0.85,6.154,7.692,3.846,3.59,3.077,3.59,6.667,5.128,2.564,3.59,13.59,4.615,1.795,2.564,7.436,7.949,4.359,1.795,4.103,5.897,10.25,29.23,11.02,14.87,25.12,55.12,44.87,47.43,26.66,3,8,"Not-Enzyme",0,1,8,"Extracellular",0,"Y","Essential","Potential",0.3,0.230769231,0.276923077,0.192307692,4.758809581,0.681632653,1,2,3,16,23,28,3,6,7,0.832350749,0.943685436,0.888087268,0.953039277,0.666862156,"1","0"
"P06401",98981.14,933,106.089,-0.5,6.439,67270,68770,0.68,0.695,0.88,11.04,4.502,1.822,4.18,2.572,5.038,5.466,7.824,1.393,2.894,11.254,4.394,1.822,3.108,11.04,10.182,3.001,0.643,2.465,5.359,9.64,30.54,7.61,10.28,19.93,60.02,39.97,57.02,34.62,0,1,"Not-Enzyme",1,2,27,"Nuclear",0,"N","Non-Essential","Potential",0.254019293,0.256162915,0.248660236,0.241157556,3.072758516,0.66958042,1,2,3,1,2,16,32,39,113,0.691095384,0.918161384,0.808910075,0.935521404,0.475843578,"1","0"
"P05186",57304.81,524,109.36,2,6.652,58790,59165,1.026,1.032,0.66,9.351,4.008,5.153,5.534,1.145,2.863,5.534,8.588,4.198,3.435,9.351,5.344,2.863,2.863,4.771,5.916,6.679,0.954,4.008,7.443,11.06,29.58,12.02,13.55,24.61,54.77,45.22,54.58,31.67,1,0,"Hydrolases",4,3,4,"Mitochondrial",0,"Y","Essential","Poor",0.360687023,0.234732824,0.179389313,0.22519084,3.547860745,0.457219251,1,2,3,33,70,91,56,111,246,0.664070199,0.897907397,0.825926266,0.927007919,0.434179982,"1","0"
"P21554",52857.95,472,111.987,11.5,8.181,48360,49110,0.915,0.929,0.68,7.203,4.237,3.602,5.085,2.754,2.966,3.178,4.449,2.754,8.051,11.229,5.085,3.39,5.932,3.39,8.475,6.144,1.059,2.966,8.051,8.26,34.53,12.71,12.07,20.33,58.47,41.52,49.15,29.02,0,4,"Not-Enzyme",1,3,5,"PlasmaMembrane",7,"N","Essential","Poor",0.324152542,0.338983051,0.19279661,0.144067797,4.429503686,0.478964401,1,2,3,1,2,3,10,166,246,0.76114606,0.875986134,0.774341206,0.94051158,0.499115961,"1","0"
"P12931",59834.76,536,111.632,4.5,7.369,83770,84270,1.4,1.408,0.75,8.209,5.97,3.358,3.918,1.679,4.291,7.836,8.022,1.679,2.985,9.142,5.784,2.052,3.918,5.97,6.903,6.716,1.679,4.291,5.597,11.75,25.93,11.56,13.43,25.18,53.54,46.45,50.37,31.53,0,15,"Transferases",4,6,11,"Cytoplasmic",0,"N","Essential","Poor",0.378731343,0.186567164,0.212686567,0.222014925,4.863249067,0.539548023,1,2,3,8,13,14,1,4,5,0.90851275,0.985393691,0.957114063,0.961790231,0.784694904,"1","0"
"P30874",41332.79,369,112.013,12.5,9.153,64860,65485,1.569,1.584,0.86,5.42,3.794,4.878,3.794,2.71,2.168,2.168,5.42,0.813,9.485,10.027,5.149,3.523,5.691,3.794,8.672,7.317,2.168,3.794,9.214,5.96,34.14,12.46,9.75,15.71,61.24,38.75,51.22,29.53,0,0,"Not-Enzyme",0,0,7,"PlasmaMembrane",7,"N","Non-Essential","Poor",0.200542005,0.406504065,0.200542005,0.192411924,4.220108733,0.425101215,1,2,3,1,2,3,10,246,246,0.748850433,0.858011145,0.69697509,0.938740901,0.472561235,"1","0"
"P15538",57572.96,503,114.459,19,9.645,68870,69245,1.196,1.203,0.77,8.35,8.151,3.579,2.783,1.193,5.567,6.163,4.771,3.181,2.982,14.712,2.982,3.181,5.169,6.362,5.964,3.777,1.789,2.584,6.759,8.94,32.8,12.72,14.31,23.26,57.85,42.14,43.53,24.05,0,0,"Oxireductases",1,0,6,"Mitochondrial",0,"N","Non-Essential","Poor",0.399602386,0.232604374,0.188866799,0.178926441,0.053888618,0.617449664,1,3,4,33,46,50,79,81,98,0.504100846,0.790535536,0.614013454,0.86137253,0.246724508,"1","0"
"P17707",38339.65,334,114.789,-2,5.778,41370,41745,1.079,1.089,0.62,4.491,4.491,3.593,6.287,2.096,5.988,5.689,4.79,1.198,5.09,7.784,6.287,3.593,7.485,4.491,9.581,6.287,1.198,3.892,5.689,11.97,23.05,13.77,11.97,23.95,50.59,49.4,47.3,27.24,0,0,"Lyases",2,0,8,"Nuclear",0,"N","Essential","Poor",0.317365269,0.209580838,0.305389222,0.167664671,4.943655308,0.525821596,29,120,141,33,91,95,246,246,246,0.465914181,0.785291151,0.654562357,0.867255472,0.238066902,"1","0"
"P15056",84436.89,766,110.231,10,7.514,69330,70080,0.821,0.83,0.84,6.789,5.222,3.525,5.091,1.697,5.352,5.483,7.311,2.611,5.614,8.877,5.352,2.35,4.308,6.658,10.183,5.091,1.044,2.219,5.222,10.57,26.5,10.18,13.18,23.76,52.08,47.91,51.56,31.07,0,51,"Transferases",0,4,5,"Nuclear",0,"N","Essential","Potential",0.287206266,0.24151436,0.232375979,0.238903394,4.987867476,0.646216769,1,2,3,4,5,13,1,2,8,0.695074514,0.885756224,0.785557434,0.923549729,0.477677529,"1","1"
"Q15303",146808.09,1308,112.239,-3,6.348,166970,170595,1.137,1.162,0.72,5.275,5.199,5.81,5.275,4.434,3.593,6.422,6.957,2.446,5.199,8.41,5.046,2.217,3.67,6.881,6.116,5.81,1.223,4.052,5.963,11.69,24.84,11.39,12.69,24.38,54.28,45.71,52.52,28.59,18,36,"Transferases",13,3,15,"Extracellular",2,"Y","Essential","Poor",0.243119266,0.256116208,0.324923547,0.175840979,3.734777161,0.607888631,1,2,3,1,2,3,22,39,62,0.662945796,0.896926564,0.731017526,0.937493846,0.42077193,"1","0"
"Q9UM73",176441.94,1620,108.915,13,7.065,236630,239005,1.341,1.355,0.88,6.852,5.309,4.012,3.642,2.407,3.889,6.296,10.123,2.469,4.074,10.123,4.198,2.531,3.21,7.778,8.642,4.568,2.037,2.284,5.556,9.93,26.6,10,11.97,21.91,56.97,43.02,53.58,32.59,18,42,"Transferases",6,4,30,"Nuclear",0,"Y","UNK","Poor",0.245679012,0.240740741,0.256790123,0.256790123,3.883679585,0.574427481,6,13,18,1,2,3,246,246,246,0.574168479,0.867401731,0.756365044,0.912822105,0.342528993,"1","0"
"P03956",54006.9,469,115.153,4,6.941,76780,76905,1.422,1.424,0.66,5.757,5.117,4.691,7.036,0.64,4.904,5.33,7.463,3.412,3.838,6.823,6.397,2.132,7.676,6.397,4.478,5.33,1.706,4.691,6.183,12.36,22.6,17.48,14.92,27.29,53.3,46.69,47.97,23.66,1,3,"Hydrolases",2,2,4,"Cytoplasmic",0,"Y","UNK","Poor",0.285714286,0.172707889,0.307036247,0.234541578,2.751943982,0.539215686,1,2,3,33,58,71,20,41,43,0.669543156,0.894037588,0.774675206,0.92639577,0.443338865,"1","0"
"P15692",27042.36,232,116.562,21.5,9.057,37930,39055,1.403,1.444,0.62,3.448,8.19,3.017,3.448,7.759,5.603,6.897,6.034,4.741,3.448,6.897,9.052,3.448,2.586,6.466,6.466,2.586,2.155,3.017,4.741,10.34,18.53,12.5,21.98,32.32,50,50,43.96,26.29,0,2,"Not-Enzyme",2,0,4,"Extracellular",0,"Y","Essential","Poor",0.353448276,0.094827586,0.413793103,0.137931034,4.691197046,0.811320755,1,2,3,16,28,33,2,3,5,0.883455307,0.960116997,0.927085715,0.955769705,0.744056702,"1","0"
"P23280",35366.79,308,114.827,5,7.004,55810,55935,1.578,1.582,0.65,5.519,4.87,6.169,4.221,0.649,5.844,5.195,6.169,5.844,4.545,10.065,3.247,2.273,3.247,4.545,6.494,6.818,1.623,6.169,6.494,9.41,26.62,16.88,13.96,23.37,51.29,48.7,47.07,25.64,0,4,"Lyases",4,0,2,"Extracellular",0,"Y","Non-Essential","Poor",0.262987013,0.217532468,0.224025974,0.295454545,0.168776519,0.59223301,5,18,29,33,91,95,246,246,246,0.355866202,0.76492882,0.756992752,0.83879857,0.238366273,"1","0"
"P00749",48507.42,431,112.546,21.5,8.449,70820,72320,1.46,1.491,0.91,4.176,5.568,4.408,4.408,5.8,4.64,4.64,8.353,3.944,4.408,8.585,6.497,1.856,2.784,5.336,7.425,6.032,1.856,4.176,5.104,9.04,22.27,12.76,16,25.05,52.43,47.56,51.04,31.78,0,47,"Hydrolases",2,2,5,"Extracellular",0,"Y","Non-Essential","Poor",0.225058005,0.183294664,0.426914153,0.164733179,4.706272277,0.511627907,1,2,3,58,70,71,1,3,4,0.667383078,0.890008485,0.777557286,0.929103046,0.439919229,"1","0"
"P35462",44224.76,400,110.562,19,9.044,52830,53830,1.195,1.217,0.83,7.5,5.5,4,2,4,3.75,3,5.5,2,4.5,12.25,3.25,2,4.25,5,8.25,7.5,1.25,4.25,10.25,5,34.5,11.75,10.75,15.75,60.75,39.25,54,32.75,0,13,"Not-Enzyme",1,0,7,"PlasmaMembrane",7,"N","Non-Essential","Poor",0.245,0.3625,0.26,0.1325,2.478651275,0.455555556,1,2,3,1,2,3,246,246,246,0.746006859,0.849815803,0.695649527,0.938406745,0.467725323,"1","0"
"Q12809",126654.95,1159,109.28,19,7.926,107720,109220,0.85,0.862,0.87,8.024,7.334,3.02,4.745,2.071,2.934,5.177,8.024,2.416,4.832,10.871,3.02,2.071,3.969,8.283,8.887,5.091,1.035,2.416,5.781,9.92,29.5,9.83,12.77,22.69,57.37,42.62,53.92,32.09,2,4,"Not-Enzyme",2,6,34,"PlasmaMembrane",4,"N","Essential","Potential",0.260569456,0.253666954,0.226056946,0.259706644,3.932412859,0.539083558,5,8,12,22,23,24,246,246,246,0.569432463,0.853891863,0.744306085,0.910851698,0.344780685,"1","0"
"P14902",45326.28,403,112.472,5,7.255,50880,51380,1.123,1.134,0.66,7.444,3.97,3.722,5.459,1.985,4.467,6.203,6.203,2.978,4.467,11.911,7.444,2.73,4.715,4.963,6.948,3.474,1.489,2.978,6.452,11.66,30.27,12.15,14.39,26.05,55.33,44.66,46.65,26.05,0,0,"Oxireductases",1,2,6,"Cytoplasmic",0,"N","Non-Essential","Poor",0.40942928,0.23325062,0.17866005,0.17866005,3.703104339,0.60546875,1,3,5,46,50,95,26,46,219,0.599296956,0.859501487,0.766658025,0.909709566,0.356390407,"1","0"
"P47989",146424.16,1333,109.846,18.5,7.665,102680,105180,0.701,0.718,0.75,7.427,4.726,3.826,4.276,3.001,3.376,6.602,8.102,2.176,4.876,8.777,6.452,2.401,4.801,5.551,6.227,7.202,0.75,2.401,7.052,10.87,28.13,10.12,13.35,24.23,55.13,44.86,52.66,31.95,5,0,"Oxireductases",1,7,16,"Peroxisomal",0,"N","Essential","Potential",0.369842461,0.222055514,0.190547637,0.217554389,2.824474958,0.273552781,1,3,5,28,33,37,246,246,246,0.544053207,0.831029539,0.747885812,0.88403339,0.324600545,"1","0"
"Q02127",42867.26,395,108.525,14.5,10.229,22920,22920,0.535,0.535,0.86,8.608,8.354,2.278,5.316,0,4.304,5.57,11.392,2.278,3.544,12.658,5.063,1.519,3.038,4.81,5.063,4.81,0.506,2.025,8.861,10.88,33.67,7.84,15.69,26.58,56.96,43.03,51.13,29.87,0,0,"Oxireductases",0,1,3,"Mitochondrial",1,"N","UNK","Poor",0.341772152,0.278481013,0.113924051,0.265822785,4.739566897,0.480916031,1,2,3,18,33,40,246,246,246,0.604852241,0.85152916,0.768915176,0.905251312,0.36857313,"1","0"
"P07949",124318.68,1114,111.597,1,6.563,148630,150755,1.196,1.213,0.71,6.912,6.732,3.411,5.206,3.052,3.142,6.643,6.732,2.154,2.962,10.682,4.129,1.795,4.309,6.284,8.259,5.117,1.526,3.321,7.63,11.84,28.18,11.31,13.01,24.86,55.2,44.79,52.6,30.07,0,25,"Transferases",13,6,23,"PlasmaMembrane",1,"Y","Essential","Poor",0.309694794,0.240574506,0.253141831,0.196588869,4.29218897,0.578804348,1,3,5,1,2,3,166,246,246,0.734559481,0.935260033,0.852029423,0.946366765,0.535790035,"1","0"
"Q99835",86396.82,787,109.78,19.5,8.358,131320,132945,1.52,1.539,0.86,9.403,6.226,3.177,3.685,3.304,3.304,4.701,7.751,1.906,4.193,10.292,3.685,1.906,4.701,8.259,6.607,5.464,2.414,2.287,6.734,8.38,30.62,11.3,11.81,20.2,61.24,38.75,54.38,32.52,4,17,"Not-Enzyme",1,2,12,"PlasmaMembrane",7,"Y","Essential","Poor",0.241423126,0.285895807,0.25794155,0.214739517,4.715572604,0.479371316,1,2,3,1,2,3,39,106,132,0.616915712,0.864260509,0.779539348,0.913383835,0.388275513,"1","0"
"P35372",44779.37,400,111.948,10.5,8.241,60850,61850,1.359,1.381,0.82,6.5,4.75,6,3.75,4.25,1.75,2.25,3.75,1.75,8.75,9.25,3,3.5,5,5.75,8,9.25,1.75,3.75,7.25,6,31.75,12.25,9.5,15.5,59.5,40.5,54.5,31.75,0,0,"Not-Enzyme",1,1,5,"PlasmaMembrane",7,"N","Non-Essential","Poor",0.1525,0.3675,0.295,0.185,2.157038951,0.455555556,1,2,3,1,2,3,10,246,246,0.761906852,0.8711504,0.753220248,0.94047069,0.500559524,"1","0"
"P08912",60073.79,532,112.921,29,9.639,104280,105280,1.736,1.753,0.74,8.083,5.451,4.323,3.008,3.195,3.195,4.887,3.759,1.504,5.263,9.774,7.143,2.068,3.195,5.639,7.707,8.083,2.444,4.135,7.143,7.89,30.26,11.27,14.09,21.99,54.69,45.3,50.94,30.82,0,0,"Not-Enzyme",4,4,12,"PlasmaMembrane",7,"N","Non-Essential","Potential",0.310150376,0.270676692,0.231203008,0.187969925,4.377941694,0.573002755,1,3,4,1,2,3,246,246,246,0.707872487,0.853604495,0.514838148,0.928606919,0.427076382,"1","0"
